CustomerID,Gender,Tenure,MonthlyCharges,ContractType,PaymentMethod,Churn,customer_id
CUST-00001,Male,20,40.05,One year,Bank transfer,No,CUST_0001
CUST-00002,Male,36,110.41,Month-to-month,Credit card,Yes,CUST_0002
CUST-00003,Female,4,76.78,Month-to-month,Credit card,Yes,CUST_0003
CUST-00004,Male,44,119.02,Month-to-month,Credit card,No,CUST_0004
CUST-00005,Male,49,82.71,One year,Credit card,No,CUST_0005
CUST-00006,Male,69,26.86,Month-to-month,Credit card,No,CUST_0006
CUST-00007,Male,22,28.96,Month-to-month,Credit card,No,CUST_0007
CUST-00008,Male,50,22.94,Month-to-month,Electronic check,Yes,CUST_0008
CUST-00009,Female,24,110.44,Month-to-month,Credit card,Yes,CUST_0009
CUST-00010,Male,15,114.65,Two year,Mailed check,No,CUST_0010
CUST-00011,Male,40,91.53,Two year,Mailed check,No,CUST_0011
CUST-00012,Male,41,21.15,Month-to-month,Credit card,Yes,CUST_0012
CUST-00013,Male,5,93.54,Month-to-month,Mailed check,Yes,CUST_0013
CUST-00014,Male,35,63.52,Two year,Bank transfer,No,CUST_0014
CUST-00015,Male,53,52.51,One year,Bank transfer,No,CUST_0015
CUST-00016,Male,12,115.57,One year,Electronic check,No,CUST_0016
CUST-00017,Female,64,97.19,Two year,Electronic check,No,CUST_0017
CUST-00018,Male,31,93.05,Month-to-month,Electronic check,Yes,CUST_0018
CUST-00019,Female,48,117.36,Month-to-month,Bank transfer,Yes,CUST_0019
CUST-00020,Female,58,45.85,Two year,Bank transfer,No,CUST_0020
CUST-00021,Male,39,58.18,Month-to-month,Electronic check,Yes,CUST_0021
CUST-00022,Male,28,24.6,Month-to-month,Mailed check,Yes,CUST_0022
CUST-00023,Female,68,107.53,One year,Mailed check,No,CUST_0023
CUST-00024,Female,39,85.51,Month-to-month,Mailed check,No,CUST_0024
CUST-00025,Female,23,109.38,Month-to-month,Credit card,Yes,CUST_0025
CUST-00026,Male,15,117.85,Month-to-month,Credit card,Yes,CUST_0026
CUST-00027,Male,48,61.9,Month-to-month,Electronic check,No,CUST_0027
CUST-00028,Female,5,41.88,One year,Bank transfer,Yes,CUST_0028
CUST-00029,Male,26,83.4,Two year,Credit card,No,CUST_0029
CUST-00030,Male,12,58.28,One year,Electronic check,No,CUST_0030
CUST-00031,Female,57,116.64,Month-to-month,Bank transfer,Yes,CUST_0031
CUST-00032,Male,65,30.71,Month-to-month,Credit card,No,CUST_0032
CUST-00033,Female,4,28.81,Month-to-month,Electronic check,Yes,CUST_0033
CUST-00034,Female,62,43.66,Month-to-month,Mailed check,No,CUST_0034
CUST-00035,Female,65,56.6,Month-to-month,Credit card,No,CUST_0035
CUST-00036,Male,20,91.92,Month-to-month,Mailed check,No,CUST_0036
CUST-00037,Female,25,99.85,Month-to-month,Bank transfer,Yes,CUST_0037
CUST-00038,Male,44,118.3,Month-to-month,Electronic check,Yes,CUST_0038
CUST-00039,Female,62,116.4,Month-to-month,Mailed check,No,CUST_0039
CUST-00040,Male,68,50.91,Month-to-month,Mailed check,Yes,CUST_0040
CUST-00041,Female,40,104.53,Month-to-month,Electronic check,Yes,CUST_0041
CUST-00042,Female,42,45.95,One year,Electronic check,Yes,CUST_0042
CUST-00043,Male,19,54.97,Month-to-month,Credit card,No,CUST_0043
CUST-00044,Male,13,116.11,Month-to-month,Mailed check,Yes,CUST_0044
CUST-00045,Male,67,28.31,Month-to-month,Bank transfer,No,CUST_0045
CUST-00046,Male,17,119.92,Month-to-month,Credit card,Yes,CUST_0046
CUST-00047,Female,27,73.48,Month-to-month,Electronic check,Yes,CUST_0047
CUST-00048,Male,5,36.32,Month-to-month,Mailed check,Yes,CUST_0048
CUST-00049,Male,59,51.79,Month-to-month,Electronic check,No,CUST_0049
CUST-00050,Male,50,30.16,Month-to-month,Mailed check,No,CUST_0050
CUST-00051,Female,67,87.94,Month-to-month,Electronic check,Yes,CUST_0051
CUST-00052,Female,15,102.61,Two year,Electronic check,No,CUST_0052
CUST-00053,Female,1,86.82,Month-to-month,Electronic check,Yes,CUST_0053
CUST-00054,Female,40,38.33,Month-to-month,Electronic check,No,CUST_0054
CUST-00055,Male,6,65.31,Month-to-month,Mailed check,Yes,CUST_0055
CUST-00056,Female,12,20.38,Month-to-month,Credit card,No,CUST_0056
CUST-00057,Female,43,59.2,One year,Electronic check,No,CUST_0057
CUST-00058,Male,60,61.83,Month-to-month,Credit card,No,CUST_0058
CUST-00059,Female,6,100.92,Month-to-month,Electronic check,Yes,CUST_0059
CUST-00060,Male,14,113.49,Month-to-month,Bank transfer,No,CUST_0060
CUST-00061,Male,67,113.19,Month-to-month,Mailed check,No,CUST_0061
CUST-00062,Male,40,98.32,Month-to-month,Bank transfer,Yes,CUST_0062
CUST-00063,Male,3,115.27,Month-to-month,Electronic check,Yes,CUST_0063
CUST-00064,Female,40,105.59,Two year,Bank transfer,Yes,CUST_0064
CUST-00065,Female,27,47.61,One year,Mailed check,Yes,CUST_0065
CUST-00066,Female,42,27.66,Month-to-month,Bank transfer,Yes,CUST_0066
CUST-00067,Male,26,112.66,Month-to-month,Electronic check,Yes,CUST_0067
CUST-00068,Female,25,107.93,Month-to-month,Electronic check,Yes,CUST_0068
CUST-00069,Male,37,108.39,Two year,Electronic check,No,CUST_0069
CUST-00070,Male,36,60.88,One year,Credit card,Yes,CUST_0070
CUST-00071,Male,69,74.58,Month-to-month,Electronic check,Yes,CUST_0071
CUST-00072,Female,41,71.06,Month-to-month,Bank transfer,Yes,CUST_0072
CUST-00073,Female,57,104.43,Month-to-month,Bank transfer,Yes,CUST_0073
CUST-00074,Female,16,99.01,Two year,Bank transfer,No,CUST_0074
CUST-00075,Male,35,49.35,One year,Bank transfer,No,CUST_0075
CUST-00076,Male,20,66.71,Month-to-month,Credit card,Yes,CUST_0076
CUST-00077,Female,21,28.05,Month-to-month,Bank transfer,Yes,CUST_0077
CUST-00078,Male,36,35.96,Month-to-month,Electronic check,Yes,CUST_0078
CUST-00079,Female,15,26.01,One year,Electronic check,Yes,CUST_0079
CUST-00080,Female,2,40.77,One year,Bank transfer,Yes,CUST_0080
CUST-00081,Female,72,21.5,Month-to-month,Bank transfer,Yes,CUST_0081
CUST-00082,Male,66,61.28,Month-to-month,Electronic check,Yes,CUST_0082
CUST-00083,Female,14,113.26,Month-to-month,Bank transfer,Yes,CUST_0083
CUST-00084,Male,27,100.63,Two year,Mailed check,Yes,CUST_0084
CUST-00085,Male,70,50.33,One year,Credit card,No,CUST_0085
CUST-00086,Female,45,76.56,One year,Mailed check,No,CUST_0086
CUST-00087,Female,71,119.34,Two year,Credit card,No,CUST_0087
CUST-00088,Female,41,117.36,One year,Bank transfer,No,CUST_0088
CUST-00089,Female,35,32.56,Month-to-month,Electronic check,Yes,CUST_0089
CUST-00090,Male,19,51.32,One year,Bank transfer,No,CUST_0090
CUST-00091,Male,37,47.19,Month-to-month,Credit card,No,CUST_0091
CUST-00092,Female,32,40.95,Month-to-month,Electronic check,No,CUST_0092
CUST-00093,Male,22,25.36,Month-to-month,Electronic check,Yes,CUST_0093
CUST-00094,Male,10,92.61,Two year,Mailed check,Yes,CUST_0094
CUST-00095,Male,40,107.87,One year,Mailed check,No,CUST_0095
CUST-00096,Male,44,95.39,Month-to-month,Electronic check,Yes,CUST_0096
CUST-00097,Male,70,74.77,Month-to-month,Credit card,No,CUST_0097
CUST-00098,Female,57,114.75,Two year,Bank transfer,No,CUST_0098
CUST-00099,Male,7,35.08,Two year,Bank transfer,No,CUST_0099
CUST-00100,Female,17,53.63,Month-to-month,Electronic check,No,CUST_0100
CUST-00101,Female,4,83.72,Two year,Electronic check,Yes,CUST_0101
CUST-00102,Female,61,104.35,Month-to-month,Credit card,No,CUST_0102
CUST-00103,Female,7,80.46,Month-to-month,Bank transfer,Yes,CUST_0103
CUST-00104,Male,14,95.12,Month-to-month,Mailed check,Yes,CUST_0104
CUST-00105,Male,50,36.36,Month-to-month,Mailed check,Yes,CUST_0105
CUST-00106,Female,7,45.68,Two year,Mailed check,No,CUST_0106
CUST-00107,Female,12,98.57,Month-to-month,Credit card,Yes,CUST_0107
CUST-00108,Male,55,21.72,Month-to-month,Electronic check,No,CUST_0108
CUST-00109,Female,51,59.97,Month-to-month,Electronic check,Yes,CUST_0109
CUST-00110,Female,23,89.1,One year,Bank transfer,No,CUST_0110
CUST-00111,Male,58,100.1,Month-to-month,Mailed check,Yes,CUST_0111
CUST-00112,Female,46,84.28,Month-to-month,Bank transfer,Yes,CUST_0112
CUST-00113,Male,40,28.79,Month-to-month,Electronic check,No,CUST_0113
CUST-00114,Female,43,32.37,Two year,Mailed check,No,CUST_0114
CUST-00115,Male,26,87.06,Two year,Mailed check,No,CUST_0115
CUST-00116,Male,69,81.25,Month-to-month,Mailed check,No,CUST_0116
CUST-00117,Female,11,97.41,Two year,Electronic check,No,CUST_0117
CUST-00118,Male,60,74.67,Month-to-month,Electronic check,No,CUST_0118
CUST-00119,Male,17,28.03,Month-to-month,Bank transfer,No,CUST_0119
CUST-00120,Female,12,34.68,Month-to-month,Credit card,No,CUST_0120
CUST-00121,Male,60,44.91,Month-to-month,Mailed check,No,CUST_0121
CUST-00122,Male,13,105.72,One year,Bank transfer,Yes,CUST_0122
CUST-00123,Female,59,62.9,Month-to-month,Electronic check,Yes,CUST_0123
CUST-00124,Female,40,50.67,Month-to-month,Bank transfer,Yes,CUST_0124
CUST-00125,Male,60,53.74,Two year,Electronic check,No,CUST_0125
CUST-00126,Male,61,78.68,Month-to-month,Electronic check,No,CUST_0126
CUST-00127,Female,30,48.75,Month-to-month,Mailed check,Yes,CUST_0127
CUST-00128,Female,29,107.44,Month-to-month,Electronic check,Yes,CUST_0128
CUST-00129,Male,19,70.27,One year,Mailed check,No,CUST_0129
CUST-00130,Male,34,37.88,Two year,Bank transfer,No,CUST_0130
CUST-00131,Male,47,26.48,Two year,Mailed check,No,CUST_0131
CUST-00132,Male,51,71.68,Month-to-month,Credit card,No,CUST_0132
CUST-00133,Male,24,78.67,Month-to-month,Mailed check,Yes,CUST_0133
CUST-00134,Female,43,61.98,Month-to-month,Electronic check,No,CUST_0134
CUST-00135,Male,42,22.32,One year,Electronic check,No,CUST_0135
CUST-00136,Male,59,60.52,Month-to-month,Electronic check,No,CUST_0136
CUST-00137,Male,63,45.97,Month-to-month,Mailed check,No,CUST_0137
CUST-00138,Female,4,97.41,Month-to-month,Bank transfer,Yes,CUST_0138
CUST-00139,Male,9,54.73,Two year,Mailed check,No,CUST_0139
CUST-00140,Female,61,29.83,Month-to-month,Electronic check,Yes,CUST_0140
CUST-00141,Female,15,30.08,Month-to-month,Mailed check,Yes,CUST_0141
CUST-00142,Male,45,24.37,One year,Mailed check,No,CUST_0142
CUST-00143,Male,62,29.11,One year,Electronic check,No,CUST_0143
CUST-00144,Female,60,101.52,Month-to-month,Bank transfer,Yes,CUST_0144
CUST-00145,Female,22,57.11,Month-to-month,Bank transfer,Yes,CUST_0145
CUST-00146,Female,37,39.61,Month-to-month,Mailed check,Yes,CUST_0146
CUST-00147,Female,45,94.98,Two year,Mailed check,No,CUST_0147
CUST-00148,Female,17,28.23,Month-to-month,Credit card,Yes,CUST_0148
CUST-00149,Male,66,92.62,Month-to-month,Bank transfer,No,CUST_0149
CUST-00150,Male,14,44.71,Month-to-month,Bank transfer,Yes,CUST_0150
CUST-00151,Male,52,22.93,One year,Credit card,No,CUST_0151
CUST-00152,Male,14,90.82,Month-to-month,Credit card,Yes,CUST_0152
CUST-00153,Female,42,25.1,Two year,Mailed check,No,CUST_0153
CUST-00154,Male,72,81.13,Two year,Electronic check,No,CUST_0154
CUST-00155,Male,10,115.11,Two year,Electronic check,No,CUST_0155
CUST-00156,Male,39,62.39,Month-to-month,Credit card,No,CUST_0156
CUST-00157,Male,69,102.38,Two year,Credit card,No,CUST_0157
CUST-00158,Male,60,43.97,Month-to-month,Credit card,Yes,CUST_0158
CUST-00159,Male,52,34.23,Month-to-month,Electronic check,No,CUST_0159
CUST-00160,Male,53,91.35,One year,Mailed check,No,CUST_0160
CUST-00161,Male,31,84.19,Two year,Credit card,No,CUST_0161
CUST-00162,Male,32,70.52,Month-to-month,Credit card,No,CUST_0162
CUST-00163,Female,71,25.29,Month-to-month,Bank transfer,Yes,CUST_0163
CUST-00164,Male,21,25.85,One year,Electronic check,Yes,CUST_0164
CUST-00165,Male,62,36.32,One year,Bank transfer,No,CUST_0165
CUST-00166,Female,50,119.95,Two year,Credit card,No,CUST_0166
CUST-00167,Female,9,40.16,Month-to-month,Bank transfer,Yes,CUST_0167
CUST-00168,Male,44,79.47,Two year,Mailed check,No,CUST_0168
CUST-00169,Male,27,75.08,One year,Mailed check,No,CUST_0169
CUST-00170,Female,56,79.22,Two year,Credit card,No,CUST_0170
CUST-00171,Male,56,80.44,Month-to-month,Electronic check,Yes,CUST_0171
CUST-00172,Female,44,115.8,Month-to-month,Electronic check,Yes,CUST_0172
CUST-00173,Female,70,28.02,Month-to-month,Bank transfer,No,CUST_0173
CUST-00174,Male,31,100.76,Two year,Electronic check,No,CUST_0174
CUST-00175,Male,23,23.24,Month-to-month,Bank transfer,Yes,CUST_0175
CUST-00176,Male,10,21.32,One year,Mailed check,No,CUST_0176
CUST-00177,Female,63,49.78,Month-to-month,Electronic check,Yes,CUST_0177
CUST-00178,Female,15,113.68,Month-to-month,Bank transfer,Yes,CUST_0178
CUST-00179,Female,60,101.33,One year,Electronic check,No,CUST_0179
CUST-00180,Female,42,44.07,Month-to-month,Mailed check,Yes,CUST_0180
CUST-00181,Female,72,95.02,Month-to-month,Bank transfer,Yes,CUST_0181
CUST-00182,Male,13,69.64,Month-to-month,Bank transfer,No,CUST_0182
CUST-00183,Male,57,29.89,Month-to-month,Mailed check,Yes,CUST_0183
CUST-00184,Male,23,102.26,Month-to-month,Bank transfer,Yes,CUST_0184
CUST-00185,Female,40,96.19,Month-to-month,Bank transfer,Yes,CUST_0185
CUST-00186,Female,52,75.48,Two year,Electronic check,No,CUST_0186
CUST-00187,Male,9,24.56,Month-to-month,Electronic check,Yes,CUST_0187
CUST-00188,Male,14,94.92,Month-to-month,Electronic check,Yes,CUST_0188
CUST-00189,Male,49,108.46,Month-to-month,Credit card,Yes,CUST_0189
CUST-00190,Male,42,95.77,Month-to-month,Bank transfer,Yes,CUST_0190
CUST-00191,Female,64,108.41,Two year,Electronic check,No,CUST_0191
CUST-00192,Male,8,35.56,Month-to-month,Bank transfer,Yes,CUST_0192
CUST-00193,Female,12,118.77,Month-to-month,Credit card,No,CUST_0193
CUST-00194,Male,28,55.48,Two year,Mailed check,No,CUST_0194
CUST-00195,Female,18,91.53,Two year,Electronic check,No,CUST_0195
CUST-00196,Female,1,117.78,Month-to-month,Credit card,Yes,CUST_0196
CUST-00197,Male,19,119.06,Two year,Electronic check,No,CUST_0197
CUST-00198,Male,20,92.18,One year,Mailed check,No,CUST_0198
CUST-00199,Female,58,45.84,Two year,Electronic check,No,CUST_0199
CUST-00200,Male,69,78.18,One year,Mailed check,No,CUST_0200
CUST-00201,Male,38,48.49,Month-to-month,Credit card,Yes,CUST_0201
CUST-00202,Male,50,117.82,One year,Bank transfer,Yes,CUST_0202
CUST-00203,Male,58,66.67,Month-to-month,Electronic check,Yes,CUST_0203
CUST-00204,Male,26,72.39,Two year,Credit card,No,CUST_0204
CUST-00205,Male,27,106.73,Month-to-month,Mailed check,Yes,CUST_0205
CUST-00206,Female,41,112.13,Month-to-month,Electronic check,Yes,CUST_0206
CUST-00207,Female,39,82.87,Two year,Credit card,No,CUST_0207
CUST-00208,Female,39,27.7,Month-to-month,Electronic check,No,CUST_0208
CUST-00209,Male,56,115.82,One year,Bank transfer,No,CUST_0209
CUST-00210,Female,45,54.07,Month-to-month,Bank transfer,Yes,CUST_0210
CUST-00211,Male,12,53.77,Month-to-month,Mailed check,No,CUST_0211
CUST-00212,Male,2,36.56,Two year,Mailed check,No,CUST_0212
CUST-00213,Female,66,31.94,Two year,Electronic check,No,CUST_0213
CUST-00214,Male,52,67.25,Two year,Electronic check,No,CUST_0214
CUST-00215,Female,17,36.65,One year,Credit card,Yes,CUST_0215
CUST-00216,Female,38,72.85,Month-to-month,Bank transfer,Yes,CUST_0216
CUST-00217,Female,8,106.72,Month-to-month,Bank transfer,Yes,CUST_0217
CUST-00218,Female,48,64.36,Two year,Mailed check,No,CUST_0218
CUST-00219,Female,71,94.47,Two year,Electronic check,No,CUST_0219
CUST-00220,Female,7,67.17,Month-to-month,Bank transfer,Yes,CUST_0220
CUST-00221,Male,1,97.94,Two year,Credit card,No,CUST_0221
CUST-00222,Male,72,79.87,Month-to-month,Mailed check,No,CUST_0222
CUST-00223,Female,46,25.62,Month-to-month,Credit card,No,CUST_0223
CUST-00224,Male,15,42.67,Month-to-month,Mailed check,No,CUST_0224
CUST-00225,Male,37,31.2,Month-to-month,Credit card,Yes,CUST_0225
CUST-00226,Male,4,61.55,Month-to-month,Electronic check,Yes,CUST_0226
CUST-00227,Female,31,62.68,Two year,Electronic check,No,CUST_0227
CUST-00228,Male,56,75.25,Month-to-month,Electronic check,No,CUST_0228
CUST-00229,Male,51,71.2,Month-to-month,Electronic check,Yes,CUST_0229
CUST-00230,Female,41,97.92,Two year,Bank transfer,No,CUST_0230
CUST-00231,Male,49,67.0,Two year,Mailed check,No,CUST_0231
CUST-00232,Male,52,103.48,Month-to-month,Credit card,Yes,CUST_0232
CUST-00233,Male,49,32.98,Month-to-month,Electronic check,Yes,CUST_0233
CUST-00234,Male,56,40.28,One year,Bank transfer,Yes,CUST_0234
CUST-00235,Male,70,79.57,Month-to-month,Electronic check,Yes,CUST_0235
CUST-00236,Male,28,95.82,One year,Bank transfer,Yes,CUST_0236
CUST-00237,Male,23,83.37,Month-to-month,Bank transfer,No,CUST_0237
CUST-00238,Female,61,58.42,Month-to-month,Bank transfer,Yes,CUST_0238
CUST-00239,Male,18,68.11,Month-to-month,Electronic check,Yes,CUST_0239
CUST-00240,Male,25,97.49,Two year,Electronic check,No,CUST_0240
CUST-00241,Male,72,73.55,Month-to-month,Bank transfer,Yes,CUST_0241
CUST-00242,Male,50,68.52,Two year,Credit card,No,CUST_0242
CUST-00243,Female,47,103.75,Month-to-month,Electronic check,Yes,CUST_0243
CUST-00244,Female,54,24.03,Two year,Electronic check,No,CUST_0244
CUST-00245,Female,20,107.83,Month-to-month,Electronic check,Yes,CUST_0245
CUST-00246,Male,37,75.97,Month-to-month,Credit card,No,CUST_0246
CUST-00247,Female,17,30.6,Two year,Credit card,No,CUST_0247
CUST-00248,Male,18,110.29,Two year,Electronic check,No,CUST_0248
CUST-00249,Female,2,38.21,One year,Mailed check,Yes,CUST_0249
CUST-00250,Female,10,48.68,Month-to-month,Mailed check,No,CUST_0250
CUST-00251,Male,3,21.49,One year,Credit card,Yes,CUST_0251
CUST-00252,Female,19,92.28,Two year,Electronic check,No,CUST_0252
CUST-00253,Female,63,74.9,Two year,Bank transfer,No,CUST_0253
CUST-00254,Female,56,98.44,Month-to-month,Credit card,Yes,CUST_0254
CUST-00255,Male,18,66.55,Two year,Credit card,No,CUST_0255
CUST-00256,Male,11,117.03,Month-to-month,Electronic check,Yes,CUST_0256
CUST-00257,Female,18,23.15,One year,Bank transfer,No,CUST_0257
CUST-00258,Male,54,36.97,Month-to-month,Mailed check,Yes,CUST_0258
CUST-00259,Male,59,45.69,Two year,Mailed check,No,CUST_0259
CUST-00260,Male,55,106.81,Month-to-month,Credit card,Yes,CUST_0260
CUST-00261,Female,24,39.42,Two year,Electronic check,No,CUST_0261
CUST-00262,Male,59,96.8,Month-to-month,Electronic check,Yes,CUST_0262
CUST-00263,Female,66,41.33,Month-to-month,Credit card,No,CUST_0263
CUST-00264,Male,55,59.53,Two year,Electronic check,No,CUST_0264
CUST-00265,Male,71,38.62,Month-to-month,Electronic check,No,CUST_0265
CUST-00266,Female,58,117.03,One year,Bank transfer,Yes,CUST_0266
CUST-00267,Female,50,32.15,Two year,Mailed check,No,CUST_0267
CUST-00268,Male,46,78.51,One year,Electronic check,No,CUST_0268
CUST-00269,Female,29,98.93,One year,Bank transfer,No,CUST_0269
CUST-00270,Female,24,58.45,Two year,Credit card,No,CUST_0270
CUST-00271,Male,55,86.89,Month-to-month,Electronic check,Yes,CUST_0271
CUST-00272,Female,1,58.24,One year,Mailed check,No,CUST_0272
CUST-00273,Male,64,55.24,Month-to-month,Electronic check,No,CUST_0273
CUST-00274,Male,31,65.59,One year,Electronic check,No,CUST_0274
CUST-00275,Female,65,59.84,One year,Electronic check,No,CUST_0275
CUST-00276,Male,35,67.22,Month-to-month,Bank transfer,No,CUST_0276
CUST-00277,Male,53,58.89,One year,Bank transfer,No,CUST_0277
CUST-00278,Male,70,64.25,Two year,Mailed check,No,CUST_0278
CUST-00279,Female,47,88.26,Month-to-month,Credit card,Yes,CUST_0279
CUST-00280,Female,5,26.63,Two year,Credit card,No,CUST_0280
CUST-00281,Male,5,81.97,One year,Electronic check,Yes,CUST_0281
CUST-00282,Female,62,31.84,Month-to-month,Credit card,No,CUST_0282
CUST-00283,Male,48,77.81,One year,Credit card,Yes,CUST_0283
CUST-00284,Female,15,118.25,One year,Bank transfer,Yes,CUST_0284
CUST-00285,Female,62,113.15,Two year,Bank transfer,No,CUST_0285
CUST-00286,Female,11,89.7,Two year,Mailed check,No,CUST_0286
CUST-00287,Male,19,113.96,One year,Electronic check,Yes,CUST_0287
CUST-00288,Male,68,114.33,Month-to-month,Credit card,Yes,CUST_0288
CUST-00289,Female,36,28.94,Month-to-month,Electronic check,Yes,CUST_0289
CUST-00290,Female,60,25.49,Month-to-month,Electronic check,Yes,CUST_0290
CUST-00291,Male,67,31.54,Two year,Credit card,No,CUST_0291
CUST-00292,Male,11,60.66,Month-to-month,Mailed check,Yes,CUST_0292
CUST-00293,Female,67,49.82,Month-to-month,Electronic check,No,CUST_0293
CUST-00294,Male,12,34.52,Month-to-month,Mailed check,No,CUST_0294
CUST-00295,Female,32,27.27,Month-to-month,Mailed check,Yes,CUST_0295
CUST-00296,Male,61,68.03,Month-to-month,Credit card,No,CUST_0296
CUST-00297,Female,10,20.96,Month-to-month,Mailed check,Yes,CUST_0297
CUST-00298,Female,70,39.76,Two year,Electronic check,No,CUST_0298
CUST-00299,Male,40,24.64,Month-to-month,Bank transfer,No,CUST_0299
CUST-00300,Male,7,114.1,Month-to-month,Electronic check,Yes,CUST_0300
CUST-00301,Male,44,101.34,Month-to-month,Bank transfer,Yes,CUST_0301
CUST-00302,Male,69,72.27,Month-to-month,Mailed check,No,CUST_0302
CUST-00303,Male,2,45.8,Two year,Bank transfer,No,CUST_0303
CUST-00304,Female,61,98.18,Month-to-month,Credit card,No,CUST_0304
CUST-00305,Male,59,48.21,One year,Mailed check,No,CUST_0305
CUST-00306,Female,66,41.19,Month-to-month,Credit card,No,CUST_0306
CUST-00307,Male,61,94.81,One year,Credit card,No,CUST_0307
CUST-00308,Male,43,31.25,Month-to-month,Credit card,Yes,CUST_0308
CUST-00309,Female,54,73.82,Month-to-month,Credit card,Yes,CUST_0309
CUST-00310,Female,46,42.21,Month-to-month,Bank transfer,Yes,CUST_0310
CUST-00311,Male,38,33.7,Month-to-month,Mailed check,Yes,CUST_0311
CUST-00312,Female,38,74.18,One year,Bank transfer,No,CUST_0312
CUST-00313,Male,22,49.28,Month-to-month,Electronic check,Yes,CUST_0313
CUST-00314,Male,5,26.6,Month-to-month,Credit card,Yes,CUST_0314
CUST-00315,Male,39,22.36,One year,Electronic check,No,CUST_0315
CUST-00316,Female,34,50.14,Month-to-month,Bank transfer,Yes,CUST_0316
CUST-00317,Female,8,30.71,Month-to-month,Credit card,Yes,CUST_0317
CUST-00318,Male,61,62.51,Month-to-month,Credit card,No,CUST_0318
CUST-00319,Male,22,100.94,Month-to-month,Bank transfer,Yes,CUST_0319
CUST-00320,Male,7,27.46,One year,Mailed check,No,CUST_0320
CUST-00321,Male,38,21.55,Month-to-month,Electronic check,No,CUST_0321
CUST-00322,Female,4,105.82,Month-to-month,Electronic check,Yes,CUST_0322
CUST-00323,Male,37,24.69,Month-to-month,Electronic check,No,CUST_0323
CUST-00324,Male,63,30.09,Two year,Mailed check,No,CUST_0324
CUST-00325,Female,11,111.16,Month-to-month,Electronic check,Yes,CUST_0325
CUST-00326,Female,17,57.71,Two year,Electronic check,No,CUST_0326
CUST-00327,Male,65,91.97,Month-to-month,Electronic check,Yes,CUST_0327
CUST-00328,Female,10,96.37,Month-to-month,Credit card,Yes,CUST_0328
CUST-00329,Male,36,91.43,Month-to-month,Electronic check,No,CUST_0329
CUST-00330,Male,33,118.92,Month-to-month,Credit card,Yes,CUST_0330
CUST-00331,Female,17,89.83,One year,Electronic check,No,CUST_0331
CUST-00332,Male,36,60.43,Month-to-month,Electronic check,No,CUST_0332
CUST-00333,Female,36,99.42,One year,Bank transfer,Yes,CUST_0333
CUST-00334,Male,33,43.11,One year,Electronic check,No,CUST_0334
CUST-00335,Male,2,106.77,Month-to-month,Electronic check,Yes,CUST_0335
CUST-00336,Female,15,81.45,Two year,Electronic check,No,CUST_0336
CUST-00337,Female,23,53.0,Month-to-month,Electronic check,No,CUST_0337
CUST-00338,Female,20,50.99,Month-to-month,Electronic check,Yes,CUST_0338
CUST-00339,Male,58,29.07,Two year,Electronic check,No,CUST_0339
CUST-00340,Male,48,20.31,Month-to-month,Electronic check,No,CUST_0340
CUST-00341,Male,23,21.71,Month-to-month,Bank transfer,No,CUST_0341
CUST-00342,Male,34,31.85,Month-to-month,Bank transfer,No,CUST_0342
CUST-00343,Female,31,96.11,Month-to-month,Electronic check,Yes,CUST_0343
CUST-00344,Female,63,111.21,Two year,Mailed check,No,CUST_0344
CUST-00345,Female,24,62.06,Month-to-month,Credit card,Yes,CUST_0345
CUST-00346,Male,68,96.87,Two year,Electronic check,No,CUST_0346
CUST-00347,Female,5,35.55,Month-to-month,Mailed check,Yes,CUST_0347
CUST-00348,Female,44,70.56,Month-to-month,Electronic check,No,CUST_0348
CUST-00349,Female,11,100.84,Month-to-month,Bank transfer,Yes,CUST_0349
CUST-00350,Female,19,98.72,Month-to-month,Electronic check,Yes,CUST_0350
CUST-00351,Male,20,105.55,One year,Credit card,Yes,CUST_0351
CUST-00352,Male,64,32.23,One year,Mailed check,No,CUST_0352
CUST-00353,Female,53,67.25,Month-to-month,Credit card,Yes,CUST_0353
CUST-00354,Male,50,75.18,Two year,Bank transfer,No,CUST_0354
CUST-00355,Female,31,52.1,Month-to-month,Mailed check,No,CUST_0355
CUST-00356,Male,57,96.49,Two year,Electronic check,No,CUST_0356
CUST-00357,Male,22,106.42,One year,Bank transfer,No,CUST_0357
CUST-00358,Female,27,33.68,Two year,Mailed check,No,CUST_0358
CUST-00359,Female,45,97.04,Month-to-month,Credit card,Yes,CUST_0359
CUST-00360,Female,7,110.58,Two year,Credit card,No,CUST_0360
CUST-00361,Female,34,110.76,Month-to-month,Credit card,No,CUST_0361
CUST-00362,Male,15,52.95,Two year,Credit card,No,CUST_0362
CUST-00363,Female,7,29.85,One year,Electronic check,Yes,CUST_0363
CUST-00364,Male,22,43.42,Month-to-month,Credit card,Yes,CUST_0364
CUST-00365,Female,60,57.21,One year,Mailed check,No,CUST_0365
CUST-00366,Male,52,76.28,Month-to-month,Mailed check,Yes,CUST_0366
CUST-00367,Female,61,70.67,One year,Bank transfer,No,CUST_0367
CUST-00368,Male,39,54.14,Month-to-month,Credit card,No,CUST_0368
CUST-00369,Male,61,45.96,One year,Bank transfer,Yes,CUST_0369
CUST-00370,Female,69,57.64,One year,Mailed check,No,CUST_0370
CUST-00371,Female,30,113.89,One year,Bank transfer,No,CUST_0371
CUST-00372,Male,49,24.56,One year,Electronic check,No,CUST_0372
CUST-00373,Female,50,87.14,Two year,Credit card,No,CUST_0373
CUST-00374,Female,61,79.86,Month-to-month,Electronic check,No,CUST_0374
CUST-00375,Male,34,36.08,Month-to-month,Credit card,Yes,CUST_0375
CUST-00376,Female,19,93.44,One year,Bank transfer,Yes,CUST_0376
CUST-00377,Female,68,21.89,Month-to-month,Electronic check,Yes,CUST_0377
CUST-00378,Female,56,49.56,One year,Electronic check,No,CUST_0378
CUST-00379,Female,2,49.27,Month-to-month,Electronic check,Yes,CUST_0379
CUST-00380,Female,37,95.84,One year,Mailed check,No,CUST_0380
CUST-00381,Female,58,104.26,Month-to-month,Mailed check,No,CUST_0381
CUST-00382,Male,49,56.98,Month-to-month,Mailed check,No,CUST_0382
CUST-00383,Male,41,48.02,Two year,Electronic check,No,CUST_0383
CUST-00384,Female,68,97.32,Two year,Bank transfer,No,CUST_0384
CUST-00385,Female,6,66.86,Two year,Mailed check,No,CUST_0385
CUST-00386,Male,13,23.67,Month-to-month,Bank transfer,No,CUST_0386
CUST-00387,Female,69,26.47,Two year,Bank transfer,No,CUST_0387
CUST-00388,Female,46,30.17,One year,Electronic check,No,CUST_0388
CUST-00389,Male,56,66.07,Month-to-month,Electronic check,No,CUST_0389
CUST-00390,Female,35,26.11,Two year,Mailed check,No,CUST_0390
CUST-00391,Female,43,70.0,Two year,Electronic check,No,CUST_0391
CUST-00392,Male,35,32.25,Month-to-month,Bank transfer,Yes,CUST_0392
CUST-00393,Female,35,58.43,Month-to-month,Electronic check,Yes,CUST_0393
CUST-00394,Female,13,46.36,Month-to-month,Electronic check,Yes,CUST_0394
CUST-00395,Female,33,85.23,One year,Credit card,No,CUST_0395
CUST-00396,Female,51,73.16,Month-to-month,Electronic check,No,CUST_0396
CUST-00397,Female,60,84.12,Month-to-month,Mailed check,No,CUST_0397
CUST-00398,Male,31,42.99,One year,Mailed check,No,CUST_0398
CUST-00399,Female,25,86.46,Month-to-month,Electronic check,Yes,CUST_0399
CUST-00400,Male,67,26.12,Month-to-month,Electronic check,No,CUST_0400
CUST-00401,Male,44,29.77,Month-to-month,Mailed check,Yes,CUST_0401
CUST-00402,Female,24,51.81,Month-to-month,Bank transfer,No,CUST_0402
CUST-00403,Female,41,117.87,Month-to-month,Mailed check,No,CUST_0403
CUST-00404,Male,71,73.01,One year,Credit card,No,CUST_0404
CUST-00405,Male,2,97.63,One year,Electronic check,No,CUST_0405
CUST-00406,Female,2,108.87,Month-to-month,Electronic check,Yes,CUST_0406
CUST-00407,Male,9,49.65,Month-to-month,Electronic check,Yes,CUST_0407
CUST-00408,Male,2,27.29,One year,Mailed check,No,CUST_0408
CUST-00409,Male,53,50.17,Month-to-month,Bank transfer,No,CUST_0409
CUST-00410,Male,13,104.67,One year,Electronic check,Yes,CUST_0410
CUST-00411,Male,68,90.57,Month-to-month,Bank transfer,No,CUST_0411
CUST-00412,Male,14,87.17,Month-to-month,Mailed check,Yes,CUST_0412
CUST-00413,Female,58,58.33,Two year,Bank transfer,No,CUST_0413
CUST-00414,Male,45,36.2,Month-to-month,Bank transfer,No,CUST_0414
CUST-00415,Female,29,37.28,Month-to-month,Electronic check,Yes,CUST_0415
CUST-00416,Female,37,45.96,Two year,Mailed check,No,CUST_0416
CUST-00417,Male,33,95.17,Month-to-month,Mailed check,Yes,CUST_0417
CUST-00418,Female,25,88.53,Month-to-month,Bank transfer,Yes,CUST_0418
CUST-00419,Female,5,60.28,Month-to-month,Credit card,Yes,CUST_0419
CUST-00420,Female,4,34.75,Month-to-month,Electronic check,Yes,CUST_0420
CUST-00421,Male,12,65.09,Two year,Electronic check,No,CUST_0421
CUST-00422,Male,8,75.5,One year,Electronic check,Yes,CUST_0422
CUST-00423,Male,28,103.39,Two year,Credit card,No,CUST_0423
CUST-00424,Male,16,119.7,Month-to-month,Credit card,Yes,CUST_0424
CUST-00425,Female,16,64.87,One year,Mailed check,No,CUST_0425
CUST-00426,Male,12,62.86,Two year,Electronic check,No,CUST_0426
CUST-00427,Male,17,33.61,One year,Bank transfer,No,CUST_0427
CUST-00428,Female,49,64.53,Month-to-month,Bank transfer,Yes,CUST_0428
CUST-00429,Male,24,109.24,Month-to-month,Bank transfer,Yes,CUST_0429
CUST-00430,Male,15,88.32,Month-to-month,Bank transfer,No,CUST_0430
CUST-00431,Male,24,34.38,Two year,Bank transfer,No,CUST_0431
CUST-00432,Female,33,114.56,Month-to-month,Mailed check,No,CUST_0432
CUST-00433,Male,38,105.97,Month-to-month,Mailed check,No,CUST_0433
CUST-00434,Female,60,90.64,Two year,Bank transfer,Yes,CUST_0434
CUST-00435,Female,10,114.31,Two year,Electronic check,No,CUST_0435
CUST-00436,Female,59,40.82,Two year,Mailed check,No,CUST_0436
CUST-00437,Female,36,74.85,Month-to-month,Bank transfer,Yes,CUST_0437
CUST-00438,Female,55,112.08,One year,Bank transfer,Yes,CUST_0438
CUST-00439,Male,42,67.59,Two year,Bank transfer,No,CUST_0439
CUST-00440,Female,33,89.16,One year,Bank transfer,No,CUST_0440
CUST-00441,Female,21,55.81,Month-to-month,Credit card,No,CUST_0441
CUST-00442,Female,10,32.54,Month-to-month,Mailed check,No,CUST_0442
CUST-00443,Male,36,109.31,Month-to-month,Credit card,Yes,CUST_0443
CUST-00444,Female,8,63.12,Month-to-month,Electronic check,Yes,CUST_0444
CUST-00445,Female,49,70.39,Month-to-month,Mailed check,Yes,CUST_0445
CUST-00446,Male,50,67.52,Month-to-month,Mailed check,Yes,CUST_0446
CUST-00447,Female,43,25.21,Month-to-month,Mailed check,Yes,CUST_0447
CUST-00448,Female,8,109.59,Two year,Credit card,No,CUST_0448
CUST-00449,Male,34,89.41,Month-to-month,Electronic check,Yes,CUST_0449
CUST-00450,Female,34,99.73,Two year,Electronic check,No,CUST_0450
CUST-00451,Male,23,71.7,Month-to-month,Electronic check,No,CUST_0451
CUST-00452,Female,57,113.61,Month-to-month,Electronic check,Yes,CUST_0452
CUST-00453,Female,9,119.36,Two year,Mailed check,Yes,CUST_0453
CUST-00454,Female,63,79.13,Month-to-month,Electronic check,No,CUST_0454
CUST-00455,Male,26,43.38,Month-to-month,Bank transfer,Yes,CUST_0455
CUST-00456,Male,51,25.75,Month-to-month,Credit card,No,CUST_0456
CUST-00457,Male,23,53.46,Month-to-month,Electronic check,Yes,CUST_0457
CUST-00458,Male,63,57.05,Month-to-month,Electronic check,No,CUST_0458
CUST-00459,Female,14,43.53,One year,Electronic check,No,CUST_0459
CUST-00460,Male,19,20.6,Month-to-month,Electronic check,Yes,CUST_0460
CUST-00461,Male,70,98.82,One year,Bank transfer,Yes,CUST_0461
CUST-00462,Male,56,88.73,Month-to-month,Credit card,No,CUST_0462
CUST-00463,Female,28,114.36,Two year,Electronic check,Yes,CUST_0463
CUST-00464,Female,14,80.4,One year,Electronic check,No,CUST_0464
CUST-00465,Female,57,34.48,Two year,Credit card,No,CUST_0465
CUST-00466,Female,34,40.0,Two year,Mailed check,No,CUST_0466
CUST-00467,Female,14,61.81,One year,Mailed check,Yes,CUST_0467
CUST-00468,Male,5,28.38,Month-to-month,Credit card,Yes,CUST_0468
CUST-00469,Male,10,110.48,Month-to-month,Mailed check,Yes,CUST_0469
CUST-00470,Female,10,79.62,Month-to-month,Bank transfer,Yes,CUST_0470
CUST-00471,Female,33,64.94,Two year,Credit card,No,CUST_0471
CUST-00472,Male,58,115.15,Month-to-month,Mailed check,Yes,CUST_0472
CUST-00473,Female,3,97.65,Month-to-month,Mailed check,Yes,CUST_0473
CUST-00474,Female,64,51.43,Two year,Electronic check,No,CUST_0474
CUST-00475,Male,20,88.18,Month-to-month,Bank transfer,Yes,CUST_0475
CUST-00476,Female,1,93.79,Two year,Credit card,No,CUST_0476
CUST-00477,Female,5,61.15,Two year,Electronic check,No,CUST_0477
CUST-00478,Female,50,25.78,Month-to-month,Mailed check,Yes,CUST_0478
CUST-00479,Female,35,67.37,Month-to-month,Bank transfer,No,CUST_0479
CUST-00480,Male,20,79.54,Two year,Electronic check,No,CUST_0480
CUST-00481,Female,43,66.34,One year,Credit card,No,CUST_0481
CUST-00482,Male,51,91.07,One year,Bank transfer,No,CUST_0482
CUST-00483,Female,1,54.43,Two year,Mailed check,No,CUST_0483
CUST-00484,Female,66,35.88,Two year,Electronic check,No,CUST_0484
CUST-00485,Female,63,105.05,Month-to-month,Bank transfer,No,CUST_0485
CUST-00486,Male,62,78.67,Month-to-month,Bank transfer,No,CUST_0486
CUST-00487,Female,56,106.27,Month-to-month,Mailed check,Yes,CUST_0487
CUST-00488,Female,52,44.12,One year,Electronic check,No,CUST_0488
CUST-00489,Female,9,98.13,Two year,Credit card,Yes,CUST_0489
CUST-00490,Male,70,45.97,Two year,Electronic check,No,CUST_0490
CUST-00491,Female,29,104.51,Month-to-month,Credit card,Yes,CUST_0491
CUST-00492,Male,1,67.69,Month-to-month,Bank transfer,Yes,CUST_0492
CUST-00493,Male,50,106.03,One year,Credit card,Yes,CUST_0493
CUST-00494,Female,62,94.96,Month-to-month,Credit card,Yes,CUST_0494
CUST-00495,Male,16,33.02,Month-to-month,Credit card,Yes,CUST_0495
CUST-00496,Male,69,92.86,Month-to-month,Credit card,No,CUST_0496
CUST-00497,Female,46,38.03,Month-to-month,Credit card,Yes,CUST_0497
CUST-00498,Male,43,90.62,Month-to-month,Credit card,Yes,CUST_0498
CUST-00499,Female,39,37.54,Two year,Electronic check,No,CUST_0499
CUST-00500,Male,52,84.35,Two year,Electronic check,No,CUST_0500
CUST-00501,Male,8,68.21,Month-to-month,Bank transfer,Yes,CUST_0501
CUST-00502,Female,12,30.64,Two year,Bank transfer,No,CUST_0502
CUST-00503,Female,47,27.5,Month-to-month,Electronic check,Yes,CUST_0503
CUST-00504,Female,69,66.48,Two year,Mailed check,No,CUST_0504
CUST-00505,Male,44,57.1,Month-to-month,Credit card,No,CUST_0505
CUST-00506,Female,11,108.7,One year,Electronic check,Yes,CUST_0506
CUST-00507,Female,59,62.59,Month-to-month,Mailed check,No,CUST_0507
CUST-00508,Female,38,32.07,One year,Mailed check,No,CUST_0508
CUST-00509,Female,26,69.18,Month-to-month,Bank transfer,No,CUST_0509
CUST-00510,Female,23,62.29,Month-to-month,Mailed check,No,CUST_0510
CUST-00511,Female,71,25.72,Month-to-month,Electronic check,Yes,CUST_0511
CUST-00512,Female,6,49.45,Month-to-month,Bank transfer,Yes,CUST_0512
CUST-00513,Male,50,81.68,Month-to-month,Mailed check,No,CUST_0513
CUST-00514,Female,25,74.32,One year,Mailed check,No,CUST_0514
CUST-00515,Male,39,31.4,Month-to-month,Mailed check,No,CUST_0515
CUST-00516,Male,50,46.82,Month-to-month,Electronic check,No,CUST_0516
CUST-00517,Female,14,75.25,Month-to-month,Credit card,No,CUST_0517
CUST-00518,Male,46,77.71,One year,Electronic check,No,CUST_0518
CUST-00519,Male,63,43.27,Two year,Mailed check,No,CUST_0519
CUST-00520,Male,11,57.48,Month-to-month,Mailed check,Yes,CUST_0520
CUST-00521,Male,57,114.0,Month-to-month,Bank transfer,Yes,CUST_0521
CUST-00522,Male,25,103.55,Two year,Bank transfer,No,CUST_0522
CUST-00523,Male,18,115.54,Month-to-month,Electronic check,Yes,CUST_0523
CUST-00524,Male,5,20.79,Month-to-month,Electronic check,Yes,CUST_0524
CUST-00525,Male,25,78.45,Month-to-month,Mailed check,No,CUST_0525
CUST-00526,Male,4,100.65,Month-to-month,Mailed check,Yes,CUST_0526
CUST-00527,Male,31,38.72,Two year,Credit card,No,CUST_0527
CUST-00528,Female,63,109.85,Two year,Bank transfer,No,CUST_0528
CUST-00529,Male,50,94.69,Month-to-month,Electronic check,Yes,CUST_0529
CUST-00530,Male,9,119.49,Month-to-month,Electronic check,Yes,CUST_0530
CUST-00531,Female,70,118.39,Two year,Electronic check,No,CUST_0531
CUST-00532,Female,40,99.47,Two year,Mailed check,No,CUST_0532
CUST-00533,Female,64,21.39,Month-to-month,Electronic check,No,CUST_0533
CUST-00534,Male,69,119.69,Month-to-month,Bank transfer,Yes,CUST_0534
CUST-00535,Male,58,109.05,Month-to-month,Electronic check,Yes,CUST_0535
CUST-00536,Male,3,38.44,Month-to-month,Mailed check,Yes,CUST_0536
CUST-00537,Female,5,59.75,Month-to-month,Bank transfer,Yes,CUST_0537
CUST-00538,Male,44,69.55,Month-to-month,Electronic check,No,CUST_0538
CUST-00539,Male,8,27.74,One year,Electronic check,Yes,CUST_0539
CUST-00540,Female,44,62.23,Two year,Credit card,No,CUST_0540
CUST-00541,Female,6,22.53,Two year,Mailed check,No,CUST_0541
CUST-00542,Female,52,27.15,Month-to-month,Electronic check,Yes,CUST_0542
CUST-00543,Male,16,66.46,Month-to-month,Electronic check,No,CUST_0543
CUST-00544,Male,28,108.71,One year,Credit card,Yes,CUST_0544
CUST-00545,Male,67,21.93,One year,Mailed check,No,CUST_0545
CUST-00546,Male,59,41.6,Month-to-month,Mailed check,Yes,CUST_0546
CUST-00547,Female,69,119.78,Two year,Credit card,No,CUST_0547
CUST-00548,Male,20,60.01,Month-to-month,Electronic check,Yes,CUST_0548
CUST-00549,Male,30,39.4,One year,Electronic check,Yes,CUST_0549
CUST-00550,Female,10,108.71,Two year,Credit card,Yes,CUST_0550
CUST-00551,Female,5,23.93,Two year,Bank transfer,No,CUST_0551
CUST-00552,Female,19,54.24,Two year,Mailed check,No,CUST_0552
CUST-00553,Male,63,21.08,Month-to-month,Electronic check,No,CUST_0553
CUST-00554,Female,3,23.29,Month-to-month,Bank transfer,Yes,CUST_0554
CUST-00555,Male,61,78.33,Month-to-month,Credit card,No,CUST_0555
CUST-00556,Female,6,40.87,One year,Electronic check,No,CUST_0556
CUST-00557,Female,32,61.33,Two year,Credit card,No,CUST_0557
CUST-00558,Male,17,65.88,Month-to-month,Credit card,Yes,CUST_0558
CUST-00559,Female,2,45.38,Two year,Electronic check,Yes,CUST_0559
CUST-00560,Female,23,47.97,Month-to-month,Electronic check,Yes,CUST_0560
CUST-00561,Female,7,77.76,Month-to-month,Mailed check,Yes,CUST_0561
CUST-00562,Male,40,105.28,Month-to-month,Bank transfer,Yes,CUST_0562
CUST-00563,Female,13,106.3,Month-to-month,Electronic check,Yes,CUST_0563
CUST-00564,Male,59,64.06,Month-to-month,Electronic check,Yes,CUST_0564
CUST-00565,Female,22,76.32,Two year,Bank transfer,No,CUST_0565
CUST-00566,Female,9,98.25,Month-to-month,Credit card,Yes,CUST_0566
CUST-00567,Female,14,63.32,Month-to-month,Electronic check,Yes,CUST_0567
CUST-00568,Female,15,44.17,Two year,Mailed check,No,CUST_0568
CUST-00569,Female,64,75.52,Two year,Bank transfer,No,CUST_0569
CUST-00570,Female,29,73.99,Month-to-month,Credit card,Yes,CUST_0570
CUST-00571,Male,9,115.79,Month-to-month,Mailed check,Yes,CUST_0571
CUST-00572,Male,26,23.25,One year,Credit card,No,CUST_0572
CUST-00573,Female,55,59.77,Month-to-month,Credit card,Yes,CUST_0573
CUST-00574,Female,44,112.96,One year,Bank transfer,Yes,CUST_0574
CUST-00575,Male,52,46.01,Two year,Bank transfer,No,CUST_0575
CUST-00576,Female,42,35.63,Month-to-month,Electronic check,Yes,CUST_0576
CUST-00577,Female,16,54.98,Month-to-month,Mailed check,No,CUST_0577
CUST-00578,Female,70,92.85,Month-to-month,Bank transfer,Yes,CUST_0578
CUST-00579,Male,18,101.76,Two year,Electronic check,No,CUST_0579
CUST-00580,Female,42,75.0,Two year,Credit card,No,CUST_0580
CUST-00581,Female,28,30.87,Month-to-month,Mailed check,Yes,CUST_0581
CUST-00582,Male,6,80.36,Two year,Mailed check,Yes,CUST_0582
CUST-00583,Female,23,93.82,Month-to-month,Mailed check,Yes,CUST_0583
CUST-00584,Male,43,42.49,One year,Electronic check,No,CUST_0584
CUST-00585,Female,9,66.2,Month-to-month,Credit card,Yes,CUST_0585
CUST-00586,Female,16,35.8,Two year,Credit card,No,CUST_0586
CUST-00587,Female,36,95.81,Month-to-month,Bank transfer,Yes,CUST_0587
CUST-00588,Female,19,38.02,Two year,Bank transfer,No,CUST_0588
CUST-00589,Female,54,106.12,Month-to-month,Mailed check,No,CUST_0589
CUST-00590,Male,22,36.01,Month-to-month,Electronic check,Yes,CUST_0590
CUST-00591,Male,48,77.26,Month-to-month,Electronic check,Yes,CUST_0591
CUST-00592,Male,71,102.22,Month-to-month,Electronic check,Yes,CUST_0592
CUST-00593,Male,22,42.22,Month-to-month,Bank transfer,Yes,CUST_0593
CUST-00594,Female,57,85.22,Month-to-month,Bank transfer,Yes,CUST_0594
CUST-00595,Female,32,49.85,One year,Mailed check,No,CUST_0595
CUST-00596,Male,6,97.24,Month-to-month,Bank transfer,Yes,CUST_0596
CUST-00597,Female,18,101.71,One year,Mailed check,Yes,CUST_0597
CUST-00598,Female,13,25.95,Month-to-month,Mailed check,Yes,CUST_0598
CUST-00599,Female,49,103.04,Two year,Electronic check,No,CUST_0599
CUST-00600,Male,21,91.85,Two year,Electronic check,No,CUST_0600
CUST-00601,Male,3,65.26,Two year,Bank transfer,Yes,CUST_0601
CUST-00602,Female,63,84.59,Two year,Bank transfer,No,CUST_0602
CUST-00603,Male,11,102.41,Month-to-month,Bank transfer,Yes,CUST_0603
CUST-00604,Female,1,65.36,Two year,Electronic check,No,CUST_0604
CUST-00605,Male,1,36.62,Month-to-month,Mailed check,Yes,CUST_0605
CUST-00606,Female,23,84.45,Two year,Mailed check,No,CUST_0606
CUST-00607,Female,12,55.59,Month-to-month,Mailed check,No,CUST_0607
CUST-00608,Female,37,40.54,Month-to-month,Electronic check,Yes,CUST_0608
CUST-00609,Female,54,68.93,One year,Electronic check,No,CUST_0609
CUST-00610,Female,61,82.34,One year,Electronic check,No,CUST_0610
CUST-00611,Female,17,82.66,Two year,Electronic check,No,CUST_0611
CUST-00612,Female,27,57.36,Two year,Credit card,No,CUST_0612
CUST-00613,Female,19,65.26,Two year,Credit card,No,CUST_0613
CUST-00614,Female,35,20.06,Two year,Electronic check,No,CUST_0614
CUST-00615,Female,67,105.92,Two year,Bank transfer,No,CUST_0615
CUST-00616,Female,58,63.48,One year,Electronic check,Yes,CUST_0616
CUST-00617,Male,53,101.61,Two year,Electronic check,No,CUST_0617
CUST-00618,Male,31,61.87,Two year,Credit card,No,CUST_0618
CUST-00619,Male,23,69.52,Month-to-month,Electronic check,No,CUST_0619
CUST-00620,Female,5,56.34,Two year,Mailed check,No,CUST_0620
CUST-00621,Male,24,61.28,Month-to-month,Electronic check,No,CUST_0621
CUST-00622,Male,64,107.1,Month-to-month,Electronic check,No,CUST_0622
CUST-00623,Male,12,36.96,One year,Credit card,No,CUST_0623
CUST-00624,Male,39,74.56,Two year,Credit card,No,CUST_0624
CUST-00625,Female,45,86.51,Month-to-month,Electronic check,No,CUST_0625
CUST-00626,Female,54,112.24,Two year,Electronic check,No,CUST_0626
CUST-00627,Female,1,76.5,Month-to-month,Bank transfer,Yes,CUST_0627
CUST-00628,Male,72,104.24,Two year,Electronic check,No,CUST_0628
CUST-00629,Male,31,37.18,Month-to-month,Electronic check,Yes,CUST_0629
CUST-00630,Female,25,24.65,Two year,Bank transfer,No,CUST_0630
CUST-00631,Male,16,38.62,Month-to-month,Electronic check,Yes,CUST_0631
CUST-00632,Female,68,27.78,One year,Mailed check,No,CUST_0632
CUST-00633,Male,13,57.14,Month-to-month,Bank transfer,Yes,CUST_0633
CUST-00634,Female,47,102.53,Two year,Electronic check,No,CUST_0634
CUST-00635,Male,70,49.93,Two year,Mailed check,No,CUST_0635
CUST-00636,Male,65,101.38,Month-to-month,Mailed check,Yes,CUST_0636
CUST-00637,Female,29,81.97,One year,Electronic check,No,CUST_0637
CUST-00638,Male,60,47.95,Month-to-month,Electronic check,No,CUST_0638
CUST-00639,Male,27,74.22,Month-to-month,Electronic check,No,CUST_0639
CUST-00640,Female,36,111.39,Month-to-month,Electronic check,Yes,CUST_0640
CUST-00641,Male,7,78.48,Month-to-month,Bank transfer,Yes,CUST_0641
CUST-00642,Female,25,37.34,One year,Electronic check,No,CUST_0642
CUST-00643,Male,15,35.69,Two year,Electronic check,No,CUST_0643
CUST-00644,Male,20,115.71,Month-to-month,Electronic check,Yes,CUST_0644
CUST-00645,Female,61,44.73,Month-to-month,Credit card,No,CUST_0645
CUST-00646,Female,64,37.33,One year,Credit card,No,CUST_0646
CUST-00647,Female,23,115.74,Two year,Electronic check,No,CUST_0647
CUST-00648,Female,21,44.47,Two year,Electronic check,No,CUST_0648
CUST-00649,Female,6,26.72,Month-to-month,Mailed check,Yes,CUST_0649
CUST-00650,Male,7,35.4,Month-to-month,Mailed check,Yes,CUST_0650
CUST-00651,Male,47,57.42,Month-to-month,Credit card,No,CUST_0651
CUST-00652,Female,37,85.2,Month-to-month,Electronic check,Yes,CUST_0652
CUST-00653,Female,27,53.14,Month-to-month,Electronic check,Yes,CUST_0653
CUST-00654,Male,56,105.35,One year,Credit card,Yes,CUST_0654
CUST-00655,Male,33,25.94,One year,Electronic check,Yes,CUST_0655
CUST-00656,Female,43,81.82,Month-to-month,Electronic check,No,CUST_0656
CUST-00657,Female,59,92.94,One year,Electronic check,No,CUST_0657
CUST-00658,Male,6,118.93,Month-to-month,Electronic check,Yes,CUST_0658
CUST-00659,Male,14,48.37,Two year,Mailed check,No,CUST_0659
CUST-00660,Male,7,99.62,One year,Electronic check,Yes,CUST_0660
CUST-00661,Male,69,88.3,Two year,Electronic check,No,CUST_0661
CUST-00662,Female,23,23.34,Month-to-month,Mailed check,No,CUST_0662
CUST-00663,Male,21,105.53,Month-to-month,Bank transfer,Yes,CUST_0663
CUST-00664,Male,4,78.09,Two year,Bank transfer,Yes,CUST_0664
CUST-00665,Male,63,101.32,Month-to-month,Electronic check,No,CUST_0665
CUST-00666,Female,66,100.85,Month-to-month,Electronic check,Yes,CUST_0666
CUST-00667,Male,15,48.48,Month-to-month,Electronic check,Yes,CUST_0667
CUST-00668,Female,10,98.34,Month-to-month,Electronic check,Yes,CUST_0668
CUST-00669,Female,31,82.38,Two year,Electronic check,No,CUST_0669
CUST-00670,Female,57,95.51,One year,Mailed check,No,CUST_0670
CUST-00671,Female,42,44.56,Month-to-month,Credit card,Yes,CUST_0671
CUST-00672,Female,54,107.51,One year,Mailed check,No,CUST_0672
CUST-00673,Female,26,49.45,Month-to-month,Electronic check,No,CUST_0673
CUST-00674,Male,42,44.63,Month-to-month,Bank transfer,No,CUST_0674
CUST-00675,Male,30,111.91,Month-to-month,Electronic check,Yes,CUST_0675
CUST-00676,Male,15,79.21,Month-to-month,Credit card,No,CUST_0676
CUST-00677,Male,42,33.23,One year,Mailed check,No,CUST_0677
CUST-00678,Female,30,101.18,Month-to-month,Mailed check,Yes,CUST_0678
CUST-00679,Male,13,22.67,Two year,Electronic check,No,CUST_0679
CUST-00680,Male,31,76.43,Two year,Credit card,No,CUST_0680
CUST-00681,Male,53,94.04,Two year,Bank transfer,No,CUST_0681
CUST-00682,Male,26,119.98,Month-to-month,Bank transfer,Yes,CUST_0682
CUST-00683,Male,49,43.05,Two year,Mailed check,No,CUST_0683
CUST-00684,Male,29,32.63,Two year,Bank transfer,No,CUST_0684
CUST-00685,Male,10,116.59,Month-to-month,Credit card,Yes,CUST_0685
CUST-00686,Female,61,46.95,Month-to-month,Electronic check,No,CUST_0686
CUST-00687,Female,63,47.02,Month-to-month,Credit card,No,CUST_0687
CUST-00688,Female,7,36.17,Month-to-month,Electronic check,Yes,CUST_0688
CUST-00689,Female,56,77.98,Month-to-month,Electronic check,Yes,CUST_0689
CUST-00690,Male,19,64.43,Month-to-month,Mailed check,Yes,CUST_0690
CUST-00691,Male,28,53.33,Month-to-month,Mailed check,Yes,CUST_0691
CUST-00692,Female,59,79.84,Month-to-month,Credit card,No,CUST_0692
CUST-00693,Female,23,51.31,One year,Mailed check,Yes,CUST_0693
CUST-00694,Female,50,107.46,Two year,Electronic check,No,CUST_0694
CUST-00695,Male,48,80.11,One year,Mailed check,Yes,CUST_0695
CUST-00696,Male,18,33.39,Month-to-month,Mailed check,No,CUST_0696
CUST-00697,Female,59,25.64,Month-to-month,Bank transfer,No,CUST_0697
CUST-00698,Male,25,34.26,Month-to-month,Mailed check,No,CUST_0698
CUST-00699,Female,46,116.7,Month-to-month,Bank transfer,Yes,CUST_0699
CUST-00700,Male,35,60.15,One year,Mailed check,No,CUST_0700
CUST-00701,Male,26,27.53,Month-to-month,Bank transfer,Yes,CUST_0701
CUST-00702,Male,43,65.98,Two year,Mailed check,No,CUST_0702
CUST-00703,Female,17,78.8,Two year,Credit card,No,CUST_0703
CUST-00704,Male,5,47.79,Month-to-month,Electronic check,Yes,CUST_0704
CUST-00705,Male,8,26.56,Two year,Mailed check,No,CUST_0705
CUST-00706,Male,36,21.49,Month-to-month,Electronic check,No,CUST_0706
CUST-00707,Male,18,38.23,Month-to-month,Credit card,No,CUST_0707
CUST-00708,Female,15,97.49,Month-to-month,Mailed check,No,CUST_0708
CUST-00709,Female,60,46.82,Month-to-month,Credit card,No,CUST_0709
CUST-00710,Female,59,29.29,Month-to-month,Mailed check,No,CUST_0710
CUST-00711,Male,54,40.31,One year,Credit card,No,CUST_0711
CUST-00712,Female,22,64.81,Month-to-month,Credit card,Yes,CUST_0712
CUST-00713,Female,44,82.21,Month-to-month,Electronic check,No,CUST_0713
CUST-00714,Female,29,99.68,Month-to-month,Bank transfer,Yes,CUST_0714
CUST-00715,Female,38,78.6,One year,Mailed check,No,CUST_0715
CUST-00716,Female,21,38.08,One year,Electronic check,Yes,CUST_0716
CUST-00717,Female,22,64.63,Two year,Bank transfer,No,CUST_0717
CUST-00718,Male,71,90.3,One year,Electronic check,No,CUST_0718
CUST-00719,Male,30,29.99,Two year,Electronic check,No,CUST_0719
CUST-00720,Female,12,57.24,Month-to-month,Electronic check,Yes,CUST_0720
CUST-00721,Female,53,92.25,One year,Bank transfer,No,CUST_0721
CUST-00722,Female,67,32.81,One year,Electronic check,No,CUST_0722
CUST-00723,Male,63,62.36,Month-to-month,Mailed check,Yes,CUST_0723
CUST-00724,Male,28,115.08,Two year,Credit card,Yes,CUST_0724
CUST-00725,Male,61,67.35,One year,Mailed check,No,CUST_0725
CUST-00726,Male,60,35.11,Two year,Bank transfer,No,CUST_0726
CUST-00727,Female,36,105.3,Two year,Mailed check,No,CUST_0727
CUST-00728,Male,2,82.96,Two year,Mailed check,No,CUST_0728
CUST-00729,Male,55,59.86,One year,Electronic check,No,CUST_0729
CUST-00730,Female,32,58.31,Two year,Electronic check,No,CUST_0730
CUST-00731,Female,32,109.73,One year,Mailed check,No,CUST_0731
CUST-00732,Female,42,34.19,One year,Bank transfer,Yes,CUST_0732
CUST-00733,Male,56,22.54,Month-to-month,Mailed check,Yes,CUST_0733
CUST-00734,Female,29,82.08,Month-to-month,Bank transfer,Yes,CUST_0734
CUST-00735,Female,20,32.05,Two year,Electronic check,No,CUST_0735
CUST-00736,Male,1,100.87,Two year,Credit card,No,CUST_0736
CUST-00737,Female,54,42.86,One year,Electronic check,No,CUST_0737
CUST-00738,Female,6,20.45,One year,Mailed check,Yes,CUST_0738
CUST-00739,Female,6,79.31,Month-to-month,Credit card,Yes,CUST_0739
CUST-00740,Female,61,85.98,Month-to-month,Bank transfer,Yes,CUST_0740
CUST-00741,Female,65,107.94,Month-to-month,Credit card,Yes,CUST_0741
CUST-00742,Male,5,110.24,One year,Mailed check,Yes,CUST_0742
CUST-00743,Male,55,51.54,Two year,Mailed check,No,CUST_0743
CUST-00744,Female,68,33.74,Month-to-month,Bank transfer,Yes,CUST_0744
CUST-00745,Female,51,26.11,Two year,Electronic check,No,CUST_0745
CUST-00746,Female,62,36.62,Two year,Bank transfer,No,CUST_0746
CUST-00747,Female,13,30.59,Month-to-month,Mailed check,Yes,CUST_0747
CUST-00748,Female,58,55.38,Month-to-month,Bank transfer,No,CUST_0748
CUST-00749,Male,64,43.03,Two year,Credit card,No,CUST_0749
CUST-00750,Female,31,53.19,One year,Credit card,Yes,CUST_0750
CUST-00751,Male,11,20.99,Month-to-month,Electronic check,Yes,CUST_0751
CUST-00752,Female,72,29.41,Two year,Credit card,No,CUST_0752
CUST-00753,Female,2,40.99,Month-to-month,Credit card,Yes,CUST_0753
CUST-00754,Female,53,97.19,Month-to-month,Bank transfer,No,CUST_0754
CUST-00755,Male,28,30.04,One year,Credit card,No,CUST_0755
CUST-00756,Female,17,83.98,Month-to-month,Bank transfer,No,CUST_0756
CUST-00757,Male,46,49.95,Month-to-month,Electronic check,Yes,CUST_0757
CUST-00758,Female,38,86.62,Month-to-month,Credit card,No,CUST_0758
CUST-00759,Female,31,24.94,Month-to-month,Mailed check,Yes,CUST_0759
CUST-00760,Male,12,105.14,Two year,Bank transfer,No,CUST_0760
CUST-00761,Male,3,68.51,Month-to-month,Bank transfer,Yes,CUST_0761
CUST-00762,Female,62,79.13,Two year,Electronic check,No,CUST_0762
CUST-00763,Female,40,83.77,Two year,Credit card,No,CUST_0763
CUST-00764,Female,21,46.09,Two year,Bank transfer,No,CUST_0764
CUST-00765,Male,59,80.55,Month-to-month,Electronic check,No,CUST_0765
CUST-00766,Male,4,32.68,Two year,Bank transfer,No,CUST_0766
CUST-00767,Female,59,89.24,One year,Credit card,Yes,CUST_0767
CUST-00768,Male,60,45.13,One year,Bank transfer,No,CUST_0768
CUST-00769,Female,18,33.13,One year,Mailed check,No,CUST_0769
CUST-00770,Female,52,117.07,Two year,Electronic check,No,CUST_0770
CUST-00771,Female,24,70.17,Month-to-month,Electronic check,Yes,CUST_0771
CUST-00772,Male,48,43.63,Month-to-month,Electronic check,Yes,CUST_0772
CUST-00773,Male,60,101.86,Month-to-month,Bank transfer,Yes,CUST_0773
CUST-00774,Male,1,82.83,Month-to-month,Mailed check,Yes,CUST_0774
CUST-00775,Male,10,87.54,Month-to-month,Credit card,Yes,CUST_0775
CUST-00776,Female,50,90.04,Month-to-month,Bank transfer,No,CUST_0776
CUST-00777,Male,43,73.97,Two year,Electronic check,No,CUST_0777
CUST-00778,Female,68,30.95,Month-to-month,Bank transfer,Yes,CUST_0778
CUST-00779,Male,5,38.03,Month-to-month,Electronic check,Yes,CUST_0779
CUST-00780,Male,38,112.77,Month-to-month,Credit card,Yes,CUST_0780
CUST-00781,Male,55,20.74,Month-to-month,Electronic check,Yes,CUST_0781
CUST-00782,Female,35,97.17,Month-to-month,Mailed check,Yes,CUST_0782
CUST-00783,Male,70,68.31,Two year,Mailed check,No,CUST_0783
CUST-00784,Male,27,24.14,One year,Mailed check,No,CUST_0784
CUST-00785,Female,11,69.27,Month-to-month,Mailed check,Yes,CUST_0785
CUST-00786,Female,43,58.22,Month-to-month,Credit card,Yes,CUST_0786
CUST-00787,Female,8,77.46,Two year,Electronic check,No,CUST_0787
CUST-00788,Female,66,116.16,Two year,Credit card,No,CUST_0788
CUST-00789,Female,47,108.06,Month-to-month,Mailed check,Yes,CUST_0789
CUST-00790,Female,7,95.76,Month-to-month,Mailed check,Yes,CUST_0790
CUST-00791,Male,15,78.89,Month-to-month,Electronic check,No,CUST_0791
CUST-00792,Female,50,118.62,Month-to-month,Bank transfer,No,CUST_0792
CUST-00793,Male,47,63.0,Month-to-month,Bank transfer,Yes,CUST_0793
CUST-00794,Female,60,29.53,Month-to-month,Bank transfer,Yes,CUST_0794
CUST-00795,Male,6,107.26,Month-to-month,Mailed check,Yes,CUST_0795
CUST-00796,Male,47,114.28,Month-to-month,Bank transfer,Yes,CUST_0796
CUST-00797,Male,47,36.59,One year,Mailed check,No,CUST_0797
CUST-00798,Female,23,66.73,Month-to-month,Mailed check,No,CUST_0798
CUST-00799,Female,72,74.29,Month-to-month,Credit card,Yes,CUST_0799
CUST-00800,Female,9,48.98,Month-to-month,Mailed check,Yes,CUST_0800
CUST-00801,Female,72,63.33,Two year,Mailed check,No,CUST_0801
CUST-00802,Male,27,25.73,Month-to-month,Mailed check,Yes,CUST_0802
CUST-00803,Female,18,71.98,One year,Credit card,No,CUST_0803
CUST-00804,Female,43,83.65,Month-to-month,Credit card,Yes,CUST_0804
CUST-00805,Female,31,98.56,One year,Electronic check,No,CUST_0805
CUST-00806,Male,70,55.93,Month-to-month,Mailed check,Yes,CUST_0806
CUST-00807,Female,15,72.73,Two year,Electronic check,No,CUST_0807
CUST-00808,Female,62,39.21,Two year,Credit card,No,CUST_0808
CUST-00809,Female,27,93.88,Two year,Electronic check,No,CUST_0809
CUST-00810,Female,29,37.18,One year,Bank transfer,No,CUST_0810
CUST-00811,Female,42,97.48,One year,Electronic check,Yes,CUST_0811
CUST-00812,Female,46,89.95,Month-to-month,Mailed check,Yes,CUST_0812
CUST-00813,Female,35,91.06,Two year,Mailed check,No,CUST_0813
CUST-00814,Male,65,67.78,One year,Electronic check,No,CUST_0814
CUST-00815,Male,55,60.45,One year,Bank transfer,No,CUST_0815
CUST-00816,Female,36,37.19,One year,Electronic check,No,CUST_0816
CUST-00817,Male,7,93.97,One year,Electronic check,Yes,CUST_0817
CUST-00818,Female,9,46.61,Two year,Electronic check,No,CUST_0818
CUST-00819,Male,48,68.23,Month-to-month,Electronic check,Yes,CUST_0819
CUST-00820,Female,45,85.85,Month-to-month,Credit card,Yes,CUST_0820
CUST-00821,Female,58,97.89,Month-to-month,Mailed check,Yes,CUST_0821
CUST-00822,Female,63,56.24,One year,Credit card,No,CUST_0822
CUST-00823,Female,65,112.4,One year,Mailed check,No,CUST_0823
CUST-00824,Male,68,106.23,Month-to-month,Bank transfer,Yes,CUST_0824
CUST-00825,Female,16,83.76,Month-to-month,Bank transfer,Yes,CUST_0825
CUST-00826,Male,61,51.89,Month-to-month,Mailed check,No,CUST_0826
CUST-00827,Male,69,57.32,One year,Electronic check,No,CUST_0827
CUST-00828,Female,69,98.57,Month-to-month,Electronic check,Yes,CUST_0828
CUST-00829,Male,38,59.18,Two year,Electronic check,No,CUST_0829
CUST-00830,Female,58,75.54,Month-to-month,Mailed check,Yes,CUST_0830
CUST-00831,Male,48,37.26,Month-to-month,Bank transfer,Yes,CUST_0831
CUST-00832,Female,9,106.96,Month-to-month,Electronic check,Yes,CUST_0832
CUST-00833,Male,25,20.86,Month-to-month,Mailed check,Yes,CUST_0833
CUST-00834,Male,59,30.63,Month-to-month,Electronic check,No,CUST_0834
CUST-00835,Female,12,38.34,Month-to-month,Credit card,Yes,CUST_0835
CUST-00836,Male,11,92.93,Two year,Mailed check,No,CUST_0836
CUST-00837,Male,51,86.37,Month-to-month,Mailed check,Yes,CUST_0837
CUST-00838,Female,23,83.56,Month-to-month,Electronic check,Yes,CUST_0838
CUST-00839,Female,37,36.8,Two year,Mailed check,No,CUST_0839
CUST-00840,Female,10,108.29,Two year,Credit card,No,CUST_0840
CUST-00841,Female,14,49.99,Month-to-month,Electronic check,No,CUST_0841
CUST-00842,Male,22,37.21,Two year,Bank transfer,No,CUST_0842
CUST-00843,Female,36,61.12,Two year,Bank transfer,No,CUST_0843
CUST-00844,Female,15,78.9,One year,Electronic check,No,CUST_0844
CUST-00845,Female,19,45.2,Month-to-month,Mailed check,No,CUST_0845
CUST-00846,Female,64,38.03,Month-to-month,Mailed check,No,CUST_0846
CUST-00847,Male,20,21.27,Two year,Electronic check,No,CUST_0847
CUST-00848,Male,27,105.11,Month-to-month,Mailed check,Yes,CUST_0848
CUST-00849,Male,67,36.95,Month-to-month,Credit card,No,CUST_0849
CUST-00850,Female,3,36.25,Month-to-month,Credit card,Yes,CUST_0850
CUST-00851,Male,38,112.21,Month-to-month,Electronic check,Yes,CUST_0851
CUST-00852,Male,54,28.72,Month-to-month,Credit card,No,CUST_0852
CUST-00853,Female,70,76.97,Month-to-month,Credit card,No,CUST_0853
CUST-00854,Male,17,37.5,Month-to-month,Credit card,No,CUST_0854
CUST-00855,Male,61,21.14,Two year,Electronic check,No,CUST_0855
CUST-00856,Female,45,21.34,Month-to-month,Electronic check,Yes,CUST_0856
CUST-00857,Male,54,90.22,One year,Electronic check,No,CUST_0857
CUST-00858,Female,57,61.75,Month-to-month,Bank transfer,No,CUST_0858
CUST-00859,Male,3,37.02,Month-to-month,Electronic check,Yes,CUST_0859
CUST-00860,Male,38,89.36,Month-to-month,Mailed check,No,CUST_0860
CUST-00861,Female,25,23.98,Month-to-month,Electronic check,Yes,CUST_0861
CUST-00862,Male,9,60.99,One year,Credit card,No,CUST_0862
CUST-00863,Female,3,20.02,Month-to-month,Mailed check,Yes,CUST_0863
CUST-00864,Female,30,111.86,Month-to-month,Credit card,Yes,CUST_0864
CUST-00865,Female,67,109.19,One year,Electronic check,No,CUST_0865
CUST-00866,Female,43,102.8,Month-to-month,Electronic check,Yes,CUST_0866
CUST-00867,Male,53,25.26,Two year,Mailed check,No,CUST_0867
CUST-00868,Male,44,78.07,Month-to-month,Mailed check,No,CUST_0868
CUST-00869,Female,42,63.03,Month-to-month,Mailed check,No,CUST_0869
CUST-00870,Male,63,38.51,Month-to-month,Credit card,No,CUST_0870
CUST-00871,Male,68,67.72,Two year,Electronic check,No,CUST_0871
CUST-00872,Male,71,48.5,Month-to-month,Mailed check,Yes,CUST_0872
CUST-00873,Male,57,23.93,Month-to-month,Bank transfer,No,CUST_0873
CUST-00874,Female,59,91.72,Two year,Mailed check,No,CUST_0874
CUST-00875,Male,39,81.45,Month-to-month,Electronic check,Yes,CUST_0875
CUST-00876,Female,17,24.99,Month-to-month,Credit card,Yes,CUST_0876
CUST-00877,Male,40,96.03,Month-to-month,Mailed check,Yes,CUST_0877
CUST-00878,Male,22,77.49,Month-to-month,Mailed check,No,CUST_0878
CUST-00879,Female,34,44.56,Two year,Mailed check,No,CUST_0879
CUST-00880,Female,30,96.3,One year,Mailed check,Yes,CUST_0880
CUST-00881,Female,62,73.87,Two year,Credit card,No,CUST_0881
CUST-00882,Female,48,37.76,Month-to-month,Mailed check,Yes,CUST_0882
CUST-00883,Male,37,36.03,Two year,Electronic check,No,CUST_0883
CUST-00884,Female,7,103.64,Month-to-month,Mailed check,Yes,CUST_0884
CUST-00885,Female,19,29.36,Month-to-month,Credit card,Yes,CUST_0885
CUST-00886,Male,46,114.96,Month-to-month,Electronic check,Yes,CUST_0886
CUST-00887,Male,37,42.22,Month-to-month,Bank transfer,Yes,CUST_0887
CUST-00888,Female,59,105.22,One year,Bank transfer,No,CUST_0888
CUST-00889,Female,22,89.48,Two year,Bank transfer,No,CUST_0889
CUST-00890,Female,21,61.99,Two year,Electronic check,No,CUST_0890
CUST-00891,Female,69,22.13,One year,Electronic check,No,CUST_0891
CUST-00892,Female,37,72.89,Month-to-month,Electronic check,Yes,CUST_0892
CUST-00893,Female,24,66.14,Month-to-month,Electronic check,No,CUST_0893
CUST-00894,Female,23,85.91,Month-to-month,Bank transfer,Yes,CUST_0894
CUST-00895,Male,20,52.04,Month-to-month,Credit card,Yes,CUST_0895
CUST-00896,Female,21,48.1,Month-to-month,Credit card,Yes,CUST_0896
CUST-00897,Female,31,31.09,One year,Credit card,No,CUST_0897
CUST-00898,Male,15,88.51,One year,Electronic check,Yes,CUST_0898
CUST-00899,Male,6,61.8,Month-to-month,Credit card,Yes,CUST_0899
CUST-00900,Female,41,104.05,One year,Credit card,Yes,CUST_0900
CUST-00901,Female,17,67.4,Two year,Mailed check,No,CUST_0901
CUST-00902,Female,57,63.59,Month-to-month,Electronic check,Yes,CUST_0902
CUST-00903,Female,34,32.98,Month-to-month,Electronic check,Yes,CUST_0903
CUST-00904,Male,48,48.14,One year,Credit card,No,CUST_0904
CUST-00905,Female,24,90.87,Month-to-month,Electronic check,Yes,CUST_0905
CUST-00906,Female,27,91.32,Month-to-month,Electronic check,Yes,CUST_0906
CUST-00907,Male,72,55.4,One year,Bank transfer,No,CUST_0907
CUST-00908,Male,5,21.47,Two year,Electronic check,Yes,CUST_0908
CUST-00909,Female,41,52.56,One year,Mailed check,No,CUST_0909
CUST-00910,Female,45,66.3,Two year,Mailed check,No,CUST_0910
CUST-00911,Male,19,39.99,One year,Electronic check,No,CUST_0911
CUST-00912,Female,48,62.37,Month-to-month,Electronic check,Yes,CUST_0912
CUST-00913,Male,58,64.47,One year,Electronic check,Yes,CUST_0913
CUST-00914,Male,70,62.56,Two year,Credit card,No,CUST_0914
CUST-00915,Female,21,34.66,Month-to-month,Electronic check,Yes,CUST_0915
CUST-00916,Male,69,42.29,Month-to-month,Electronic check,Yes,CUST_0916
CUST-00917,Male,39,31.13,Month-to-month,Electronic check,Yes,CUST_0917
CUST-00918,Male,16,118.3,Month-to-month,Bank transfer,Yes,CUST_0918
CUST-00919,Female,4,108.61,Month-to-month,Electronic check,Yes,CUST_0919
CUST-00920,Female,52,98.65,Month-to-month,Mailed check,Yes,CUST_0920
CUST-00921,Male,64,31.47,Month-to-month,Bank transfer,No,CUST_0921
CUST-00922,Female,19,84.29,One year,Credit card,No,CUST_0922
CUST-00923,Male,59,99.26,Month-to-month,Electronic check,Yes,CUST_0923
CUST-00924,Male,41,45.9,Month-to-month,Bank transfer,Yes,CUST_0924
CUST-00925,Female,20,91.26,One year,Mailed check,No,CUST_0925
CUST-00926,Female,1,116.5,Month-to-month,Electronic check,Yes,CUST_0926
CUST-00927,Female,70,49.97,Month-to-month,Electronic check,No,CUST_0927
CUST-00928,Male,65,113.87,Month-to-month,Bank transfer,Yes,CUST_0928
CUST-00929,Male,43,91.54,One year,Credit card,No,CUST_0929
CUST-00930,Male,38,58.91,One year,Electronic check,Yes,CUST_0930
CUST-00931,Female,61,47.6,Month-to-month,Credit card,No,CUST_0931
CUST-00932,Female,38,101.71,One year,Credit card,Yes,CUST_0932
CUST-00933,Male,19,31.63,One year,Electronic check,Yes,CUST_0933
CUST-00934,Female,57,94.89,One year,Bank transfer,Yes,CUST_0934
CUST-00935,Female,44,65.98,Month-to-month,Electronic check,No,CUST_0935
CUST-00936,Female,15,66.39,Month-to-month,Bank transfer,No,CUST_0936
CUST-00937,Female,62,85.85,Month-to-month,Electronic check,No,CUST_0937
CUST-00938,Male,6,58.84,Two year,Mailed check,No,CUST_0938
CUST-00939,Female,18,56.2,Two year,Mailed check,No,CUST_0939
CUST-00940,Male,71,115.1,Two year,Credit card,No,CUST_0940
CUST-00941,Male,15,109.43,Two year,Bank transfer,No,CUST_0941
CUST-00942,Male,40,95.21,One year,Mailed check,Yes,CUST_0942
CUST-00943,Female,4,62.2,Month-to-month,Mailed check,Yes,CUST_0943
CUST-00944,Female,52,89.25,One year,Bank transfer,No,CUST_0944
CUST-00945,Male,29,99.0,One year,Credit card,Yes,CUST_0945
CUST-00946,Female,58,80.44,Month-to-month,Bank transfer,Yes,CUST_0946
CUST-00947,Male,46,38.01,Month-to-month,Electronic check,Yes,CUST_0947
CUST-00948,Female,12,117.47,Month-to-month,Mailed check,Yes,CUST_0948
CUST-00949,Male,42,101.88,Two year,Electronic check,Yes,CUST_0949
CUST-00950,Female,8,108.0,Two year,Mailed check,No,CUST_0950
CUST-00951,Female,25,100.89,Two year,Mailed check,No,CUST_0951
CUST-00952,Female,68,67.34,Month-to-month,Bank transfer,No,CUST_0952
CUST-00953,Female,29,105.83,Month-to-month,Mailed check,Yes,CUST_0953
CUST-00954,Female,36,30.01,Month-to-month,Credit card,Yes,CUST_0954
CUST-00955,Male,26,75.05,Month-to-month,Credit card,Yes,CUST_0955
CUST-00956,Male,3,21.98,Month-to-month,Mailed check,Yes,CUST_0956
CUST-00957,Female,11,28.65,Two year,Credit card,Yes,CUST_0957
CUST-00958,Male,69,104.62,One year,Bank transfer,No,CUST_0958
CUST-00959,Female,58,81.97,Month-to-month,Mailed check,No,CUST_0959
CUST-00960,Male,12,76.46,Month-to-month,Credit card,Yes,CUST_0960
CUST-00961,Male,66,37.24,Month-to-month,Credit card,No,CUST_0961
CUST-00962,Female,51,89.73,Two year,Mailed check,No,CUST_0962
CUST-00963,Female,25,24.12,Two year,Mailed check,No,CUST_0963
CUST-00964,Female,63,36.87,Two year,Bank transfer,No,CUST_0964
CUST-00965,Male,41,76.04,One year,Mailed check,No,CUST_0965
CUST-00966,Male,66,64.53,One year,Electronic check,Yes,CUST_0966
CUST-00967,Male,8,46.66,Month-to-month,Credit card,Yes,CUST_0967
CUST-00968,Male,47,46.73,Month-to-month,Electronic check,Yes,CUST_0968
CUST-00969,Female,51,96.86,Month-to-month,Bank transfer,No,CUST_0969
CUST-00970,Female,19,36.82,Two year,Mailed check,No,CUST_0970
CUST-00971,Male,55,46.87,Month-to-month,Credit card,Yes,CUST_0971
CUST-00972,Male,48,62.84,One year,Credit card,Yes,CUST_0972
CUST-00973,Male,50,53.52,Month-to-month,Electronic check,Yes,CUST_0973
CUST-00974,Male,48,39.64,One year,Bank transfer,No,CUST_0974
CUST-00975,Female,2,102.39,Month-to-month,Bank transfer,Yes,CUST_0975
CUST-00976,Female,37,77.26,Two year,Mailed check,No,CUST_0976
CUST-00977,Female,45,64.86,Month-to-month,Mailed check,Yes,CUST_0977
CUST-00978,Female,45,96.09,Month-to-month,Credit card,Yes,CUST_0978
CUST-00979,Male,40,21.08,Month-to-month,Bank transfer,Yes,CUST_0979
CUST-00980,Female,58,55.89,Month-to-month,Credit card,No,CUST_0980
CUST-00981,Male,72,49.34,Month-to-month,Electronic check,Yes,CUST_0981
CUST-00982,Female,12,73.61,One year,Mailed check,No,CUST_0982
CUST-00983,Female,28,94.54,Month-to-month,Electronic check,Yes,CUST_0983
CUST-00984,Female,57,57.85,Month-to-month,Bank transfer,Yes,CUST_0984
CUST-00985,Male,54,96.11,Month-to-month,Electronic check,Yes,CUST_0985
CUST-00986,Female,57,61.8,Two year,Electronic check,No,CUST_0986
CUST-00987,Male,37,76.78,Month-to-month,Bank transfer,No,CUST_0987
CUST-00988,Female,21,48.09,Two year,Credit card,No,CUST_0988
CUST-00989,Female,55,66.76,Month-to-month,Electronic check,Yes,CUST_0989
CUST-00990,Male,54,39.79,Two year,Credit card,No,CUST_0990
CUST-00991,Female,18,63.39,One year,Electronic check,No,CUST_0991
CUST-00992,Male,12,90.61,Month-to-month,Electronic check,Yes,CUST_0992
CUST-00993,Female,19,26.32,Month-to-month,Electronic check,Yes,CUST_0993
CUST-00994,Female,27,21.21,Two year,Electronic check,No,CUST_0994
CUST-00995,Male,39,115.73,Month-to-month,Bank transfer,No,CUST_0995
CUST-00996,Female,61,79.56,Month-to-month,Mailed check,No,CUST_0996
CUST-00997,Female,68,42.71,Two year,Credit card,No,CUST_0997
CUST-00998,Male,43,107.44,Month-to-month,Electronic check,Yes,CUST_0998
CUST-00999,Male,9,82.58,Month-to-month,Electronic check,Yes,CUST_0999
CUST-01000,Female,49,51.3,Two year,Bank transfer,No,CUST_1000
CUST-01001,Male,12,94.19,Month-to-month,Credit card,Yes,CUST_1001
CUST-01002,Male,1,46.79,Month-to-month,Credit card,Yes,CUST_1002
CUST-01003,Male,53,29.14,Month-to-month,Electronic check,Yes,CUST_1003
CUST-01004,Male,35,92.61,Month-to-month,Electronic check,Yes,CUST_1004
CUST-01005,Female,54,43.45,Two year,Electronic check,No,CUST_1005
CUST-01006,Male,23,98.02,Two year,Electronic check,No,CUST_1006
CUST-01007,Male,72,80.34,Month-to-month,Electronic check,Yes,CUST_1007
CUST-01008,Male,60,103.52,One year,Mailed check,No,CUST_1008
CUST-01009,Male,18,23.25,Month-to-month,Mailed check,Yes,CUST_1009
CUST-01010,Male,26,98.1,Month-to-month,Bank transfer,Yes,CUST_1010
CUST-01011,Male,24,67.7,Month-to-month,Mailed check,Yes,CUST_1011
CUST-01012,Male,49,27.77,Month-to-month,Bank transfer,No,CUST_1012
CUST-01013,Female,38,87.2,One year,Bank transfer,Yes,CUST_1013
CUST-01014,Male,71,24.99,Month-to-month,Electronic check,Yes,CUST_1014
CUST-01015,Male,63,68.87,Month-to-month,Electronic check,Yes,CUST_1015
CUST-01016,Female,6,84.75,Two year,Mailed check,No,CUST_1016
CUST-01017,Male,39,61.06,Two year,Bank transfer,No,CUST_1017
CUST-01018,Male,39,29.39,Month-to-month,Mailed check,Yes,CUST_1018
CUST-01019,Female,64,42.21,Month-to-month,Bank transfer,No,CUST_1019
CUST-01020,Male,72,70.52,Two year,Bank transfer,No,CUST_1020
CUST-01021,Male,60,110.65,Month-to-month,Electronic check,Yes,CUST_1021
CUST-01022,Male,29,46.19,Month-to-month,Credit card,Yes,CUST_1022
CUST-01023,Male,4,41.23,Month-to-month,Bank transfer,Yes,CUST_1023
CUST-01024,Male,1,25.12,One year,Credit card,Yes,CUST_1024
CUST-01025,Female,20,92.77,One year,Mailed check,No,CUST_1025
CUST-01026,Male,34,28.24,Month-to-month,Credit card,Yes,CUST_1026
CUST-01027,Female,39,95.24,One year,Bank transfer,No,CUST_1027
CUST-01028,Male,61,104.32,Two year,Bank transfer,No,CUST_1028
CUST-01029,Male,16,116.3,Month-to-month,Electronic check,Yes,CUST_1029
CUST-01030,Female,37,55.14,Month-to-month,Mailed check,No,CUST_1030
CUST-01031,Male,54,61.56,Two year,Bank transfer,No,CUST_1031
CUST-01032,Male,23,109.61,Two year,Electronic check,No,CUST_1032
CUST-01033,Female,63,104.91,Two year,Credit card,No,CUST_1033
CUST-01034,Male,32,33.14,Month-to-month,Credit card,No,CUST_1034
CUST-01035,Male,4,107.68,Month-to-month,Bank transfer,Yes,CUST_1035
CUST-01036,Female,16,95.5,One year,Credit card,Yes,CUST_1036
CUST-01037,Female,36,60.41,One year,Electronic check,Yes,CUST_1037
CUST-01038,Female,64,112.46,Month-to-month,Credit card,Yes,CUST_1038
CUST-01039,Male,9,110.13,One year,Electronic check,Yes,CUST_1039
CUST-01040,Female,47,98.21,Month-to-month,Electronic check,Yes,CUST_1040
CUST-01041,Male,62,56.77,Two year,Credit card,No,CUST_1041
CUST-01042,Male,56,49.69,Month-to-month,Bank transfer,Yes,CUST_1042
CUST-01043,Female,34,89.4,One year,Credit card,No,CUST_1043
CUST-01044,Female,61,71.95,Month-to-month,Electronic check,Yes,CUST_1044
CUST-01045,Male,16,101.65,Two year,Electronic check,No,CUST_1045
CUST-01046,Male,48,94.65,Two year,Credit card,No,CUST_1046
CUST-01047,Female,66,77.13,Two year,Electronic check,No,CUST_1047
CUST-01048,Female,3,113.84,Month-to-month,Bank transfer,Yes,CUST_1048
CUST-01049,Female,34,34.92,One year,Credit card,Yes,CUST_1049
CUST-01050,Male,21,67.54,Month-to-month,Bank transfer,Yes,CUST_1050
CUST-01051,Female,8,89.58,Month-to-month,Bank transfer,Yes,CUST_1051
CUST-01052,Female,19,77.69,Month-to-month,Bank transfer,Yes,CUST_1052
CUST-01053,Male,41,31.0,Two year,Electronic check,No,CUST_1053
CUST-01054,Male,60,97.71,One year,Bank transfer,Yes,CUST_1054
CUST-01055,Female,18,50.81,Month-to-month,Credit card,No,CUST_1055
CUST-01056,Male,46,24.1,Month-to-month,Mailed check,Yes,CUST_1056
CUST-01057,Male,21,65.44,Month-to-month,Mailed check,Yes,CUST_1057
CUST-01058,Male,7,104.13,Month-to-month,Mailed check,Yes,CUST_1058
CUST-01059,Female,35,76.21,Month-to-month,Electronic check,Yes,CUST_1059
CUST-01060,Female,47,22.04,Month-to-month,Mailed check,Yes,CUST_1060
CUST-01061,Female,54,117.63,One year,Electronic check,No,CUST_1061
CUST-01062,Female,46,56.33,Month-to-month,Mailed check,Yes,CUST_1062
CUST-01063,Female,7,95.29,Month-to-month,Bank transfer,Yes,CUST_1063
CUST-01064,Female,38,62.84,Two year,Mailed check,No,CUST_1064
CUST-01065,Male,38,53.75,One year,Bank transfer,No,CUST_1065
CUST-01066,Male,68,23.65,Two year,Bank transfer,No,CUST_1066
CUST-01067,Male,10,90.59,Two year,Electronic check,No,CUST_1067
CUST-01068,Female,66,64.42,One year,Electronic check,No,CUST_1068
CUST-01069,Female,25,111.48,Month-to-month,Mailed check,Yes,CUST_1069
CUST-01070,Male,24,79.21,One year,Mailed check,Yes,CUST_1070
CUST-01071,Female,13,44.56,Month-to-month,Electronic check,No,CUST_1071
CUST-01072,Female,22,22.7,Two year,Credit card,No,CUST_1072
CUST-01073,Female,70,68.3,Month-to-month,Mailed check,No,CUST_1073
CUST-01074,Female,42,64.0,Month-to-month,Electronic check,Yes,CUST_1074
CUST-01075,Female,41,41.1,Month-to-month,Electronic check,Yes,CUST_1075
CUST-01076,Male,39,101.74,Month-to-month,Electronic check,Yes,CUST_1076
CUST-01077,Female,35,67.1,Month-to-month,Mailed check,No,CUST_1077
CUST-01078,Female,47,99.15,One year,Electronic check,No,CUST_1078
CUST-01079,Female,13,110.48,Month-to-month,Electronic check,Yes,CUST_1079
CUST-01080,Female,69,74.8,One year,Electronic check,No,CUST_1080
CUST-01081,Female,46,33.56,Month-to-month,Credit card,Yes,CUST_1081
CUST-01082,Male,19,93.49,Two year,Credit card,No,CUST_1082
CUST-01083,Female,2,62.06,One year,Bank transfer,No,CUST_1083
CUST-01084,Male,18,108.79,Month-to-month,Mailed check,Yes,CUST_1084
CUST-01085,Male,67,67.54,Month-to-month,Bank transfer,No,CUST_1085
CUST-01086,Male,37,77.46,Two year,Electronic check,No,CUST_1086
CUST-01087,Male,48,48.12,Month-to-month,Electronic check,Yes,CUST_1087
CUST-01088,Female,63,28.13,Two year,Electronic check,No,CUST_1088
CUST-01089,Male,53,21.61,Two year,Credit card,No,CUST_1089
CUST-01090,Female,44,71.19,Month-to-month,Bank transfer,Yes,CUST_1090
CUST-01091,Male,21,70.81,Month-to-month,Credit card,No,CUST_1091
CUST-01092,Male,14,70.71,Month-to-month,Bank transfer,Yes,CUST_1092
CUST-01093,Female,28,52.91,One year,Electronic check,No,CUST_1093
CUST-01094,Male,20,70.24,Two year,Mailed check,No,CUST_1094
CUST-01095,Female,65,52.95,Month-to-month,Electronic check,Yes,CUST_1095
CUST-01096,Female,29,79.78,One year,Mailed check,Yes,CUST_1096
CUST-01097,Female,25,102.65,One year,Bank transfer,No,CUST_1097
CUST-01098,Male,72,58.72,Two year,Electronic check,No,CUST_1098
CUST-01099,Female,68,95.14,Month-to-month,Mailed check,No,CUST_1099
CUST-01100,Female,69,77.26,Month-to-month,Mailed check,Yes,CUST_1100
CUST-01101,Female,71,40.44,One year,Electronic check,No,CUST_1101
CUST-01102,Male,15,87.97,Month-to-month,Credit card,No,CUST_1102
CUST-01103,Male,54,36.92,Month-to-month,Electronic check,Yes,CUST_1103
CUST-01104,Male,59,71.5,Two year,Electronic check,No,CUST_1104
CUST-01105,Female,10,81.79,Month-to-month,Electronic check,Yes,CUST_1105
CUST-01106,Male,15,104.78,Month-to-month,Credit card,Yes,CUST_1106
CUST-01107,Male,17,95.59,Month-to-month,Credit card,No,CUST_1107
CUST-01108,Female,3,118.74,One year,Electronic check,Yes,CUST_1108
CUST-01109,Female,62,22.41,One year,Mailed check,No,CUST_1109
CUST-01110,Male,45,104.38,One year,Electronic check,No,CUST_1110
CUST-01111,Female,40,99.88,Two year,Electronic check,No,CUST_1111
CUST-01112,Male,47,83.77,Month-to-month,Mailed check,Yes,CUST_1112
CUST-01113,Female,18,104.82,Month-to-month,Electronic check,Yes,CUST_1113
CUST-01114,Male,57,104.38,Month-to-month,Credit card,No,CUST_1114
CUST-01115,Female,67,83.68,Month-to-month,Electronic check,Yes,CUST_1115
CUST-01116,Male,44,77.1,Month-to-month,Electronic check,Yes,CUST_1116
CUST-01117,Male,23,33.9,Month-to-month,Mailed check,Yes,CUST_1117
CUST-01118,Female,39,31.79,Month-to-month,Electronic check,Yes,CUST_1118
CUST-01119,Female,4,65.54,Two year,Credit card,No,CUST_1119
CUST-01120,Female,16,46.24,Month-to-month,Electronic check,Yes,CUST_1120
CUST-01121,Female,29,105.64,Two year,Mailed check,No,CUST_1121
CUST-01122,Male,17,62.26,Month-to-month,Credit card,No,CUST_1122
CUST-01123,Male,19,90.02,One year,Bank transfer,No,CUST_1123
CUST-01124,Male,30,27.77,Month-to-month,Credit card,Yes,CUST_1124
CUST-01125,Female,40,106.43,Month-to-month,Mailed check,Yes,CUST_1125
CUST-01126,Male,17,88.28,Two year,Electronic check,No,CUST_1126
CUST-01127,Male,27,64.28,Month-to-month,Credit card,Yes,CUST_1127
CUST-01128,Male,17,60.71,Month-to-month,Electronic check,No,CUST_1128
CUST-01129,Male,11,40.59,Month-to-month,Electronic check,Yes,CUST_1129
CUST-01130,Male,55,103.89,Two year,Bank transfer,No,CUST_1130
CUST-01131,Female,15,96.25,One year,Mailed check,No,CUST_1131
CUST-01132,Female,10,60.22,Two year,Bank transfer,Yes,CUST_1132
CUST-01133,Female,3,36.29,Month-to-month,Mailed check,Yes,CUST_1133
CUST-01134,Female,62,113.09,Month-to-month,Electronic check,No,CUST_1134
CUST-01135,Male,56,87.62,Two year,Mailed check,No,CUST_1135
CUST-01136,Female,6,107.97,One year,Electronic check,Yes,CUST_1136
CUST-01137,Female,26,67.46,Month-to-month,Electronic check,No,CUST_1137
CUST-01138,Female,14,114.35,Month-to-month,Electronic check,Yes,CUST_1138
CUST-01139,Male,5,78.02,One year,Credit card,Yes,CUST_1139
CUST-01140,Male,66,37.73,Two year,Mailed check,No,CUST_1140
CUST-01141,Male,8,103.7,Two year,Credit card,No,CUST_1141
CUST-01142,Male,61,103.93,Month-to-month,Mailed check,Yes,CUST_1142
CUST-01143,Male,16,28.01,One year,Bank transfer,Yes,CUST_1143
CUST-01144,Male,33,119.52,Month-to-month,Electronic check,Yes,CUST_1144
CUST-01145,Female,6,101.64,Month-to-month,Credit card,Yes,CUST_1145
CUST-01146,Female,9,113.05,Month-to-month,Bank transfer,Yes,CUST_1146
CUST-01147,Female,39,69.05,One year,Credit card,No,CUST_1147
CUST-01148,Female,2,76.19,Two year,Mailed check,No,CUST_1148
CUST-01149,Female,13,61.87,Two year,Electronic check,No,CUST_1149
CUST-01150,Female,16,52.29,Month-to-month,Mailed check,Yes,CUST_1150
CUST-01151,Female,27,108.36,One year,Mailed check,Yes,CUST_1151
CUST-01152,Male,26,40.41,Month-to-month,Electronic check,No,CUST_1152
CUST-01153,Male,24,100.43,Month-to-month,Electronic check,Yes,CUST_1153
CUST-01154,Female,45,66.37,Month-to-month,Bank transfer,Yes,CUST_1154
CUST-01155,Female,4,65.75,Month-to-month,Mailed check,Yes,CUST_1155
CUST-01156,Male,12,111.44,Two year,Bank transfer,No,CUST_1156
CUST-01157,Female,19,20.61,Month-to-month,Credit card,Yes,CUST_1157
CUST-01158,Female,36,62.29,One year,Bank transfer,No,CUST_1158
CUST-01159,Female,45,103.05,Month-to-month,Electronic check,Yes,CUST_1159
CUST-01160,Male,46,81.07,Month-to-month,Bank transfer,Yes,CUST_1160
CUST-01161,Male,21,37.16,Month-to-month,Credit card,Yes,CUST_1161
CUST-01162,Female,65,78.73,Month-to-month,Electronic check,No,CUST_1162
CUST-01163,Male,31,35.77,One year,Credit card,No,CUST_1163
CUST-01164,Male,65,40.62,One year,Credit card,No,CUST_1164
CUST-01165,Male,9,89.55,Month-to-month,Mailed check,Yes,CUST_1165
CUST-01166,Female,13,73.56,One year,Electronic check,Yes,CUST_1166
CUST-01167,Male,2,115.37,Two year,Electronic check,Yes,CUST_1167
CUST-01168,Male,68,43.44,Month-to-month,Bank transfer,No,CUST_1168
CUST-01169,Female,28,108.43,Month-to-month,Credit card,Yes,CUST_1169
CUST-01170,Female,25,87.46,Month-to-month,Electronic check,Yes,CUST_1170
CUST-01171,Female,37,43.74,Month-to-month,Mailed check,Yes,CUST_1171
CUST-01172,Male,22,52.68,Two year,Bank transfer,No,CUST_1172
CUST-01173,Male,69,88.71,Month-to-month,Bank transfer,No,CUST_1173
CUST-01174,Female,1,83.97,One year,Electronic check,Yes,CUST_1174
CUST-01175,Female,13,89.23,Month-to-month,Electronic check,No,CUST_1175
CUST-01176,Male,28,31.3,Two year,Electronic check,No,CUST_1176
CUST-01177,Male,65,55.88,Two year,Electronic check,No,CUST_1177
CUST-01178,Female,61,76.56,One year,Bank transfer,No,CUST_1178
CUST-01179,Male,47,117.84,One year,Mailed check,Yes,CUST_1179
CUST-01180,Female,24,64.96,Month-to-month,Credit card,Yes,CUST_1180
CUST-01181,Male,57,119.39,One year,Bank transfer,No,CUST_1181
CUST-01182,Female,14,79.88,Month-to-month,Mailed check,Yes,CUST_1182
CUST-01183,Male,24,26.35,Month-to-month,Mailed check,Yes,CUST_1183
CUST-01184,Female,46,54.0,Month-to-month,Credit card,No,CUST_1184
CUST-01185,Male,49,73.86,One year,Mailed check,No,CUST_1185
CUST-01186,Female,55,38.99,Month-to-month,Bank transfer,Yes,CUST_1186
CUST-01187,Male,28,56.79,Month-to-month,Bank transfer,No,CUST_1187
CUST-01188,Female,66,119.62,One year,Bank transfer,No,CUST_1188
CUST-01189,Female,30,73.05,Month-to-month,Credit card,No,CUST_1189
CUST-01190,Female,53,115.86,One year,Bank transfer,No,CUST_1190
CUST-01191,Female,15,47.16,Two year,Mailed check,No,CUST_1191
CUST-01192,Female,41,76.14,One year,Electronic check,No,CUST_1192
CUST-01193,Male,16,71.26,Two year,Mailed check,No,CUST_1193
CUST-01194,Female,60,97.58,One year,Credit card,No,CUST_1194
CUST-01195,Male,15,85.87,One year,Bank transfer,No,CUST_1195
CUST-01196,Female,67,44.54,Two year,Credit card,No,CUST_1196
CUST-01197,Male,18,25.43,Month-to-month,Bank transfer,Yes,CUST_1197
CUST-01198,Female,64,34.67,Month-to-month,Credit card,No,CUST_1198
CUST-01199,Female,47,107.16,Month-to-month,Electronic check,Yes,CUST_1199
CUST-01200,Male,37,87.83,Month-to-month,Electronic check,No,CUST_1200
CUST-01201,Female,72,94.04,Two year,Credit card,No,CUST_1201
CUST-01202,Male,6,66.59,One year,Electronic check,Yes,CUST_1202
CUST-01203,Male,11,73.88,Month-to-month,Mailed check,Yes,CUST_1203
CUST-01204,Female,42,61.43,Month-to-month,Electronic check,Yes,CUST_1204
CUST-01205,Female,64,70.2,Month-to-month,Mailed check,No,CUST_1205
CUST-01206,Male,15,112.74,Month-to-month,Bank transfer,No,CUST_1206
CUST-01207,Female,50,58.64,Two year,Electronic check,No,CUST_1207
CUST-01208,Female,37,57.69,Month-to-month,Mailed check,Yes,CUST_1208
CUST-01209,Female,59,84.09,Two year,Electronic check,No,CUST_1209
CUST-01210,Male,40,86.33,Month-to-month,Credit card,No,CUST_1210
CUST-01211,Female,57,87.78,Month-to-month,Credit card,Yes,CUST_1211
CUST-01212,Male,29,54.37,Month-to-month,Credit card,Yes,CUST_1212
CUST-01213,Male,71,84.52,Two year,Mailed check,No,CUST_1213
CUST-01214,Male,53,77.99,Month-to-month,Credit card,Yes,CUST_1214
CUST-01215,Male,38,95.56,Month-to-month,Electronic check,Yes,CUST_1215
CUST-01216,Female,55,110.29,Two year,Bank transfer,No,CUST_1216
CUST-01217,Female,25,25.18,One year,Bank transfer,Yes,CUST_1217
CUST-01218,Male,9,57.96,Month-to-month,Electronic check,Yes,CUST_1218
CUST-01219,Male,61,105.09,Two year,Credit card,No,CUST_1219
CUST-01220,Male,48,108.25,Month-to-month,Credit card,Yes,CUST_1220
CUST-01221,Male,23,78.09,Month-to-month,Bank transfer,Yes,CUST_1221
CUST-01222,Female,2,92.27,One year,Bank transfer,No,CUST_1222
CUST-01223,Male,63,34.19,Month-to-month,Electronic check,No,CUST_1223
CUST-01224,Male,14,104.99,Month-to-month,Electronic check,Yes,CUST_1224
CUST-01225,Male,51,71.1,One year,Electronic check,No,CUST_1225
CUST-01226,Male,57,52.86,Month-to-month,Credit card,Yes,CUST_1226
CUST-01227,Male,67,39.97,Month-to-month,Mailed check,No,CUST_1227
CUST-01228,Female,11,64.88,Month-to-month,Electronic check,Yes,CUST_1228
CUST-01229,Female,16,24.64,Month-to-month,Credit card,Yes,CUST_1229
CUST-01230,Female,19,67.6,One year,Credit card,No,CUST_1230
CUST-01231,Female,51,113.69,Month-to-month,Mailed check,Yes,CUST_1231
CUST-01232,Female,52,117.73,Month-to-month,Credit card,Yes,CUST_1232
CUST-01233,Male,14,61.23,Two year,Electronic check,No,CUST_1233
CUST-01234,Female,22,49.83,One year,Bank transfer,No,CUST_1234
CUST-01235,Male,9,64.63,Month-to-month,Mailed check,Yes,CUST_1235
CUST-01236,Female,47,24.79,Two year,Bank transfer,No,CUST_1236
CUST-01237,Female,26,23.11,Two year,Electronic check,No,CUST_1237
CUST-01238,Female,44,82.91,Two year,Mailed check,No,CUST_1238
CUST-01239,Female,26,23.14,Month-to-month,Bank transfer,Yes,CUST_1239
CUST-01240,Male,52,84.06,Month-to-month,Bank transfer,No,CUST_1240
CUST-01241,Female,16,106.62,One year,Electronic check,Yes,CUST_1241
CUST-01242,Male,30,105.9,Two year,Electronic check,No,CUST_1242
CUST-01243,Female,55,65.43,Two year,Credit card,No,CUST_1243
CUST-01244,Female,64,60.21,Month-to-month,Credit card,Yes,CUST_1244
CUST-01245,Female,36,72.87,Month-to-month,Credit card,No,CUST_1245
CUST-01246,Male,35,80.06,Two year,Mailed check,No,CUST_1246
CUST-01247,Male,52,61.46,Two year,Bank transfer,No,CUST_1247
CUST-01248,Female,46,37.39,Month-to-month,Electronic check,Yes,CUST_1248
CUST-01249,Female,61,107.01,Month-to-month,Electronic check,Yes,CUST_1249
CUST-01250,Male,52,49.6,Month-to-month,Bank transfer,No,CUST_1250
CUST-01251,Male,63,49.91,One year,Bank transfer,No,CUST_1251
CUST-01252,Female,66,72.66,Month-to-month,Electronic check,Yes,CUST_1252
CUST-01253,Female,36,95.23,Two year,Mailed check,No,CUST_1253
CUST-01254,Male,19,23.02,Two year,Electronic check,No,CUST_1254
CUST-01255,Female,59,105.07,Month-to-month,Credit card,Yes,CUST_1255
CUST-01256,Male,14,65.76,Month-to-month,Electronic check,Yes,CUST_1256
CUST-01257,Female,16,71.63,Month-to-month,Bank transfer,Yes,CUST_1257
CUST-01258,Female,33,85.98,One year,Electronic check,No,CUST_1258
CUST-01259,Male,63,116.59,One year,Electronic check,No,CUST_1259
CUST-01260,Male,64,115.14,Month-to-month,Electronic check,Yes,CUST_1260
CUST-01261,Female,30,38.39,Two year,Bank transfer,No,CUST_1261
CUST-01262,Male,18,84.68,One year,Mailed check,Yes,CUST_1262
CUST-01263,Female,4,83.13,Month-to-month,Mailed check,Yes,CUST_1263
CUST-01264,Male,13,28.88,Month-to-month,Electronic check,Yes,CUST_1264
CUST-01265,Male,7,61.89,One year,Credit card,Yes,CUST_1265
CUST-01266,Male,9,20.22,Month-to-month,Bank transfer,No,CUST_1266
CUST-01267,Male,64,113.71,One year,Electronic check,No,CUST_1267
CUST-01268,Female,4,88.54,Month-to-month,Electronic check,Yes,CUST_1268
CUST-01269,Female,23,91.92,One year,Electronic check,No,CUST_1269
CUST-01270,Male,49,108.46,Month-to-month,Mailed check,Yes,CUST_1270
CUST-01271,Female,42,58.49,Month-to-month,Electronic check,Yes,CUST_1271
CUST-01272,Female,20,31.02,One year,Electronic check,No,CUST_1272
CUST-01273,Female,39,99.98,One year,Electronic check,Yes,CUST_1273
CUST-01274,Female,13,60.61,Month-to-month,Bank transfer,Yes,CUST_1274
CUST-01275,Female,10,33.24,Month-to-month,Bank transfer,Yes,CUST_1275
CUST-01276,Female,67,75.75,Month-to-month,Electronic check,No,CUST_1276
CUST-01277,Male,64,73.04,One year,Mailed check,No,CUST_1277
CUST-01278,Female,60,104.07,One year,Electronic check,Yes,CUST_1278
CUST-01279,Male,26,44.01,One year,Bank transfer,Yes,CUST_1279
CUST-01280,Female,38,32.0,Month-to-month,Electronic check,Yes,CUST_1280
CUST-01281,Male,64,25.68,Two year,Electronic check,No,CUST_1281
CUST-01282,Female,63,95.74,Month-to-month,Electronic check,Yes,CUST_1282
CUST-01283,Female,65,37.52,Two year,Mailed check,No,CUST_1283
CUST-01284,Female,34,112.28,Month-to-month,Mailed check,Yes,CUST_1284
CUST-01285,Male,70,39.46,Month-to-month,Mailed check,Yes,CUST_1285
CUST-01286,Female,44,110.14,One year,Credit card,No,CUST_1286
CUST-01287,Male,70,46.46,Month-to-month,Credit card,Yes,CUST_1287
CUST-01288,Male,70,46.93,Two year,Mailed check,No,CUST_1288
CUST-01289,Female,3,52.61,Month-to-month,Electronic check,Yes,CUST_1289
CUST-01290,Female,5,79.49,Two year,Electronic check,No,CUST_1290
CUST-01291,Female,56,83.02,One year,Mailed check,No,CUST_1291
CUST-01292,Male,16,38.39,One year,Mailed check,No,CUST_1292
CUST-01293,Male,50,45.31,Month-to-month,Electronic check,Yes,CUST_1293
CUST-01294,Female,58,119.83,One year,Credit card,No,CUST_1294
CUST-01295,Female,41,88.05,Two year,Electronic check,No,CUST_1295
CUST-01296,Female,49,107.5,Two year,Credit card,No,CUST_1296
CUST-01297,Male,57,110.0,Month-to-month,Credit card,Yes,CUST_1297
CUST-01298,Male,59,28.12,Two year,Electronic check,No,CUST_1298
CUST-01299,Female,5,21.1,One year,Mailed check,Yes,CUST_1299
CUST-01300,Female,5,94.64,Month-to-month,Bank transfer,Yes,CUST_1300
CUST-01301,Male,23,101.05,Month-to-month,Credit card,Yes,CUST_1301
CUST-01302,Female,72,113.04,One year,Bank transfer,No,CUST_1302
CUST-01303,Female,39,34.26,Month-to-month,Electronic check,No,CUST_1303
CUST-01304,Male,22,36.23,One year,Credit card,No,CUST_1304
CUST-01305,Male,63,107.69,Month-to-month,Bank transfer,No,CUST_1305
CUST-01306,Female,56,41.49,Month-to-month,Mailed check,No,CUST_1306
CUST-01307,Female,18,79.67,Two year,Electronic check,No,CUST_1307
CUST-01308,Male,40,78.56,Month-to-month,Bank transfer,No,CUST_1308
CUST-01309,Male,50,113.88,Month-to-month,Mailed check,Yes,CUST_1309
CUST-01310,Male,63,35.62,Month-to-month,Credit card,No,CUST_1310
CUST-01311,Male,15,42.28,Month-to-month,Bank transfer,Yes,CUST_1311
CUST-01312,Male,63,56.42,One year,Electronic check,No,CUST_1312
CUST-01313,Female,71,20.9,One year,Mailed check,No,CUST_1313
CUST-01314,Male,70,75.13,Month-to-month,Electronic check,Yes,CUST_1314
CUST-01315,Male,61,46.63,One year,Electronic check,No,CUST_1315
CUST-01316,Female,61,65.13,Two year,Credit card,No,CUST_1316
CUST-01317,Male,72,102.29,Two year,Mailed check,No,CUST_1317
CUST-01318,Female,21,112.68,Month-to-month,Mailed check,No,CUST_1318
CUST-01319,Male,65,25.88,One year,Mailed check,Yes,CUST_1319
CUST-01320,Male,8,81.0,Month-to-month,Bank transfer,Yes,CUST_1320
CUST-01321,Male,51,84.9,Month-to-month,Electronic check,No,CUST_1321
CUST-01322,Male,34,64.89,Two year,Credit card,No,CUST_1322
CUST-01323,Female,64,33.19,Month-to-month,Electronic check,No,CUST_1323
CUST-01324,Male,49,95.42,Two year,Electronic check,No,CUST_1324
CUST-01325,Female,46,44.23,Month-to-month,Bank transfer,Yes,CUST_1325
CUST-01326,Female,37,51.82,Two year,Electronic check,No,CUST_1326
CUST-01327,Male,42,104.45,Month-to-month,Electronic check,Yes,CUST_1327
CUST-01328,Female,8,109.14,Month-to-month,Mailed check,Yes,CUST_1328
CUST-01329,Female,4,50.83,Month-to-month,Electronic check,Yes,CUST_1329
CUST-01330,Female,6,55.19,One year,Electronic check,Yes,CUST_1330
CUST-01331,Male,17,42.23,Month-to-month,Bank transfer,Yes,CUST_1331
CUST-01332,Male,47,96.41,Month-to-month,Mailed check,No,CUST_1332
CUST-01333,Female,45,45.58,Month-to-month,Mailed check,No,CUST_1333
CUST-01334,Female,4,95.39,One year,Electronic check,Yes,CUST_1334
CUST-01335,Male,44,89.99,Month-to-month,Electronic check,No,CUST_1335
CUST-01336,Female,49,101.52,Two year,Bank transfer,No,CUST_1336
CUST-01337,Female,13,98.98,Two year,Mailed check,No,CUST_1337
CUST-01338,Female,55,97.89,Month-to-month,Bank transfer,Yes,CUST_1338
CUST-01339,Female,45,47.84,One year,Electronic check,No,CUST_1339
CUST-01340,Female,46,21.63,Two year,Mailed check,No,CUST_1340
CUST-01341,Female,53,44.31,Two year,Mailed check,No,CUST_1341
CUST-01342,Male,45,60.01,One year,Mailed check,No,CUST_1342
CUST-01343,Male,8,90.17,One year,Electronic check,No,CUST_1343
CUST-01344,Male,32,104.04,Month-to-month,Credit card,Yes,CUST_1344
CUST-01345,Female,32,109.89,Month-to-month,Mailed check,Yes,CUST_1345
CUST-01346,Male,31,74.68,Month-to-month,Credit card,Yes,CUST_1346
CUST-01347,Female,40,31.89,Month-to-month,Electronic check,No,CUST_1347
CUST-01348,Female,11,107.43,One year,Electronic check,No,CUST_1348
CUST-01349,Male,9,77.0,Month-to-month,Credit card,Yes,CUST_1349
CUST-01350,Male,40,119.81,Two year,Electronic check,Yes,CUST_1350
CUST-01351,Female,15,44.88,Month-to-month,Credit card,No,CUST_1351
CUST-01352,Male,44,56.94,Month-to-month,Bank transfer,No,CUST_1352
CUST-01353,Male,22,113.91,Two year,Electronic check,Yes,CUST_1353
CUST-01354,Female,3,60.01,Month-to-month,Bank transfer,Yes,CUST_1354
CUST-01355,Female,69,35.23,Month-to-month,Credit card,No,CUST_1355
CUST-01356,Male,42,39.76,Month-to-month,Electronic check,No,CUST_1356
CUST-01357,Female,5,32.72,Month-to-month,Electronic check,Yes,CUST_1357
CUST-01358,Male,59,62.79,Month-to-month,Electronic check,Yes,CUST_1358
CUST-01359,Male,55,58.12,Two year,Mailed check,No,CUST_1359
CUST-01360,Female,66,100.68,Month-to-month,Credit card,Yes,CUST_1360
CUST-01361,Female,54,80.43,Two year,Credit card,No,CUST_1361
CUST-01362,Male,35,82.49,One year,Mailed check,No,CUST_1362
CUST-01363,Female,3,72.89,Month-to-month,Bank transfer,No,CUST_1363
CUST-01364,Male,61,48.37,Two year,Mailed check,No,CUST_1364
CUST-01365,Female,3,27.37,One year,Mailed check,No,CUST_1365
CUST-01366,Female,41,57.28,Month-to-month,Bank transfer,No,CUST_1366
CUST-01367,Male,49,51.04,One year,Bank transfer,Yes,CUST_1367
CUST-01368,Female,50,101.66,Two year,Mailed check,No,CUST_1368
CUST-01369,Male,42,116.78,Month-to-month,Mailed check,Yes,CUST_1369
CUST-01370,Female,13,105.53,One year,Bank transfer,Yes,CUST_1370
CUST-01371,Male,63,86.66,One year,Electronic check,Yes,CUST_1371
CUST-01372,Male,13,37.42,Month-to-month,Electronic check,Yes,CUST_1372
CUST-01373,Female,27,94.85,Month-to-month,Credit card,Yes,CUST_1373
CUST-01374,Male,44,115.13,Two year,Credit card,No,CUST_1374
CUST-01375,Female,64,38.6,One year,Electronic check,No,CUST_1375
CUST-01376,Male,65,72.44,One year,Credit card,No,CUST_1376
CUST-01377,Male,44,38.45,Month-to-month,Electronic check,No,CUST_1377
CUST-01378,Male,22,116.12,Month-to-month,Credit card,Yes,CUST_1378
CUST-01379,Female,39,76.37,Month-to-month,Mailed check,No,CUST_1379
CUST-01380,Female,47,32.88,Month-to-month,Electronic check,Yes,CUST_1380
CUST-01381,Male,56,58.38,Month-to-month,Electronic check,Yes,CUST_1381
CUST-01382,Female,26,59.82,Two year,Electronic check,No,CUST_1382
CUST-01383,Female,64,116.65,Month-to-month,Electronic check,Yes,CUST_1383
CUST-01384,Male,10,114.86,One year,Bank transfer,No,CUST_1384
CUST-01385,Male,69,76.92,Month-to-month,Electronic check,No,CUST_1385
CUST-01386,Male,28,60.82,Month-to-month,Electronic check,Yes,CUST_1386
CUST-01387,Female,37,38.91,Month-to-month,Credit card,No,CUST_1387
CUST-01388,Male,34,54.48,One year,Bank transfer,Yes,CUST_1388
CUST-01389,Male,7,81.03,One year,Mailed check,No,CUST_1389
CUST-01390,Female,39,79.0,Two year,Electronic check,No,CUST_1390
CUST-01391,Male,52,108.97,Month-to-month,Mailed check,No,CUST_1391
CUST-01392,Female,29,80.08,Month-to-month,Electronic check,No,CUST_1392
CUST-01393,Male,12,102.11,Month-to-month,Credit card,Yes,CUST_1393
CUST-01394,Female,13,78.8,Two year,Mailed check,No,CUST_1394
CUST-01395,Male,44,93.72,Month-to-month,Mailed check,No,CUST_1395
CUST-01396,Male,35,99.11,Month-to-month,Electronic check,Yes,CUST_1396
CUST-01397,Male,9,93.4,Month-to-month,Electronic check,Yes,CUST_1397
CUST-01398,Female,68,44.79,Two year,Electronic check,No,CUST_1398
CUST-01399,Female,61,52.06,Month-to-month,Bank transfer,No,CUST_1399
CUST-01400,Male,55,75.28,Month-to-month,Mailed check,Yes,CUST_1400
CUST-01401,Male,27,67.75,Month-to-month,Electronic check,No,CUST_1401
CUST-01402,Female,45,117.25,Month-to-month,Mailed check,Yes,CUST_1402
CUST-01403,Male,10,75.6,Two year,Credit card,Yes,CUST_1403
CUST-01404,Male,39,66.4,Month-to-month,Electronic check,Yes,CUST_1404
CUST-01405,Male,65,69.54,One year,Electronic check,No,CUST_1405
CUST-01406,Female,39,81.09,One year,Electronic check,No,CUST_1406
CUST-01407,Female,56,57.22,One year,Electronic check,No,CUST_1407
CUST-01408,Male,70,98.1,One year,Mailed check,No,CUST_1408
CUST-01409,Female,41,21.24,Month-to-month,Mailed check,Yes,CUST_1409
CUST-01410,Male,26,32.14,Month-to-month,Electronic check,No,CUST_1410
CUST-01411,Female,54,45.48,One year,Electronic check,Yes,CUST_1411
CUST-01412,Male,52,37.27,One year,Bank transfer,No,CUST_1412
CUST-01413,Male,33,72.33,Month-to-month,Electronic check,No,CUST_1413
CUST-01414,Female,66,106.69,Month-to-month,Credit card,No,CUST_1414
CUST-01415,Male,59,45.15,Month-to-month,Credit card,No,CUST_1415
CUST-01416,Male,71,80.8,Two year,Electronic check,No,CUST_1416
CUST-01417,Female,24,44.7,Month-to-month,Credit card,No,CUST_1417
CUST-01418,Female,3,52.74,Two year,Credit card,No,CUST_1418
CUST-01419,Male,67,80.31,Two year,Mailed check,No,CUST_1419
CUST-01420,Female,24,94.6,Month-to-month,Electronic check,Yes,CUST_1420
CUST-01421,Female,64,117.6,Month-to-month,Mailed check,Yes,CUST_1421
CUST-01422,Female,28,79.95,Month-to-month,Electronic check,Yes,CUST_1422
CUST-01423,Male,60,35.48,One year,Electronic check,No,CUST_1423
CUST-01424,Female,35,32.61,One year,Electronic check,No,CUST_1424
CUST-01425,Male,69,20.98,Month-to-month,Mailed check,No,CUST_1425
CUST-01426,Female,56,20.44,Month-to-month,Electronic check,No,CUST_1426
CUST-01427,Male,8,26.65,Month-to-month,Credit card,Yes,CUST_1427
CUST-01428,Male,67,49.75,One year,Bank transfer,No,CUST_1428
CUST-01429,Female,26,85.24,One year,Mailed check,No,CUST_1429
CUST-01430,Male,47,85.82,Month-to-month,Bank transfer,Yes,CUST_1430
CUST-01431,Male,60,66.64,Two year,Mailed check,No,CUST_1431
CUST-01432,Female,19,59.89,One year,Mailed check,No,CUST_1432
CUST-01433,Female,31,104.01,Month-to-month,Electronic check,Yes,CUST_1433
CUST-01434,Male,20,92.44,One year,Mailed check,No,CUST_1434
CUST-01435,Female,39,114.39,Two year,Electronic check,No,CUST_1435
CUST-01436,Female,56,115.66,Month-to-month,Credit card,Yes,CUST_1436
CUST-01437,Male,53,50.5,Month-to-month,Credit card,Yes,CUST_1437
CUST-01438,Male,41,85.21,Two year,Bank transfer,No,CUST_1438
CUST-01439,Male,9,42.68,Month-to-month,Bank transfer,Yes,CUST_1439
CUST-01440,Female,27,23.38,Month-to-month,Electronic check,No,CUST_1440
CUST-01441,Male,53,48.42,Month-to-month,Credit card,No,CUST_1441
CUST-01442,Female,35,113.58,Month-to-month,Credit card,Yes,CUST_1442
CUST-01443,Male,37,27.07,One year,Credit card,No,CUST_1443
CUST-01444,Male,21,50.05,Month-to-month,Credit card,No,CUST_1444
CUST-01445,Male,33,21.67,Month-to-month,Credit card,Yes,CUST_1445
CUST-01446,Male,31,71.66,Month-to-month,Mailed check,Yes,CUST_1446
CUST-01447,Female,52,77.49,Month-to-month,Electronic check,Yes,CUST_1447
CUST-01448,Female,31,52.14,Two year,Mailed check,No,CUST_1448
CUST-01449,Female,15,110.11,Month-to-month,Electronic check,No,CUST_1449
CUST-01450,Female,20,104.36,One year,Electronic check,No,CUST_1450
CUST-01451,Female,25,67.01,Month-to-month,Electronic check,Yes,CUST_1451
CUST-01452,Male,4,23.32,One year,Credit card,No,CUST_1452
CUST-01453,Male,32,81.29,Two year,Electronic check,No,CUST_1453
CUST-01454,Female,40,63.48,Month-to-month,Electronic check,Yes,CUST_1454
CUST-01455,Female,60,52.72,Month-to-month,Electronic check,Yes,CUST_1455
CUST-01456,Male,63,87.14,Month-to-month,Mailed check,Yes,CUST_1456
CUST-01457,Female,72,49.71,Month-to-month,Electronic check,Yes,CUST_1457
CUST-01458,Female,56,94.23,Month-to-month,Credit card,Yes,CUST_1458
CUST-01459,Male,55,86.71,Month-to-month,Bank transfer,No,CUST_1459
CUST-01460,Female,5,89.73,Month-to-month,Electronic check,Yes,CUST_1460
CUST-01461,Female,26,49.69,Month-to-month,Electronic check,Yes,CUST_1461
CUST-01462,Female,21,21.14,Month-to-month,Electronic check,No,CUST_1462
CUST-01463,Female,35,82.11,Month-to-month,Mailed check,No,CUST_1463
CUST-01464,Female,18,90.94,Two year,Mailed check,No,CUST_1464
CUST-01465,Female,4,35.13,Month-to-month,Mailed check,Yes,CUST_1465
CUST-01466,Male,34,71.86,Month-to-month,Credit card,No,CUST_1466
CUST-01467,Female,36,43.35,Two year,Electronic check,No,CUST_1467
CUST-01468,Female,71,103.17,Month-to-month,Bank transfer,Yes,CUST_1468
CUST-01469,Female,23,23.1,Month-to-month,Electronic check,No,CUST_1469
CUST-01470,Female,6,113.25,Month-to-month,Electronic check,Yes,CUST_1470
CUST-01471,Male,63,119.33,One year,Bank transfer,No,CUST_1471
CUST-01472,Female,3,62.81,Two year,Mailed check,Yes,CUST_1472
CUST-01473,Male,8,114.24,One year,Credit card,Yes,CUST_1473
CUST-01474,Female,11,30.23,Month-to-month,Mailed check,Yes,CUST_1474
CUST-01475,Male,41,114.33,Month-to-month,Bank transfer,No,CUST_1475
CUST-01476,Female,39,75.87,One year,Bank transfer,No,CUST_1476
CUST-01477,Female,9,82.04,Two year,Bank transfer,No,CUST_1477
CUST-01478,Male,53,32.51,Month-to-month,Mailed check,Yes,CUST_1478
CUST-01479,Male,47,113.77,Two year,Electronic check,No,CUST_1479
CUST-01480,Female,12,114.02,Month-to-month,Bank transfer,Yes,CUST_1480
CUST-01481,Female,51,102.73,Month-to-month,Bank transfer,No,CUST_1481
CUST-01482,Female,18,74.52,Month-to-month,Electronic check,Yes,CUST_1482
CUST-01483,Female,31,117.28,Month-to-month,Electronic check,Yes,CUST_1483
CUST-01484,Female,15,101.65,Month-to-month,Electronic check,Yes,CUST_1484
CUST-01485,Male,65,84.9,One year,Bank transfer,No,CUST_1485
CUST-01486,Female,16,105.73,Month-to-month,Electronic check,Yes,CUST_1486
CUST-01487,Female,67,60.23,Month-to-month,Mailed check,Yes,CUST_1487
CUST-01488,Female,68,33.17,Month-to-month,Bank transfer,Yes,CUST_1488
CUST-01489,Male,33,20.43,Month-to-month,Mailed check,No,CUST_1489
CUST-01490,Female,64,67.39,Month-to-month,Mailed check,Yes,CUST_1490
CUST-01491,Female,12,56.45,Month-to-month,Credit card,Yes,CUST_1491
CUST-01492,Female,31,82.79,Month-to-month,Bank transfer,Yes,CUST_1492
CUST-01493,Male,16,20.28,Month-to-month,Mailed check,Yes,CUST_1493
CUST-01494,Male,41,81.57,Month-to-month,Mailed check,Yes,CUST_1494
CUST-01495,Female,43,60.9,Month-to-month,Electronic check,No,CUST_1495
CUST-01496,Female,50,113.64,Month-to-month,Electronic check,Yes,CUST_1496
CUST-01497,Male,31,63.06,One year,Mailed check,No,CUST_1497
CUST-01498,Male,55,53.32,Month-to-month,Mailed check,Yes,CUST_1498
CUST-01499,Male,28,68.03,Month-to-month,Electronic check,Yes,CUST_1499
CUST-01500,Female,19,95.77,Two year,Mailed check,No,CUST_1500
CUST-01501,Male,14,85.16,Month-to-month,Bank transfer,Yes,CUST_1501
CUST-01502,Male,23,93.25,Month-to-month,Bank transfer,Yes,CUST_1502
CUST-01503,Male,28,116.36,Month-to-month,Electronic check,Yes,CUST_1503
CUST-01504,Male,36,49.04,Month-to-month,Credit card,Yes,CUST_1504
CUST-01505,Female,57,104.66,Two year,Credit card,No,CUST_1505
CUST-01506,Female,53,50.96,Month-to-month,Electronic check,Yes,CUST_1506
CUST-01507,Female,33,99.54,One year,Mailed check,Yes,CUST_1507
CUST-01508,Male,8,50.74,One year,Credit card,Yes,CUST_1508
CUST-01509,Male,63,45.76,Month-to-month,Mailed check,Yes,CUST_1509
CUST-01510,Female,69,91.08,Two year,Mailed check,No,CUST_1510
CUST-01511,Female,48,51.8,Month-to-month,Electronic check,No,CUST_1511
CUST-01512,Female,15,116.44,Month-to-month,Credit card,Yes,CUST_1512
CUST-01513,Female,41,85.66,Month-to-month,Bank transfer,No,CUST_1513
CUST-01514,Male,70,68.22,One year,Mailed check,No,CUST_1514
CUST-01515,Male,55,81.87,Month-to-month,Electronic check,Yes,CUST_1515
CUST-01516,Female,61,105.04,One year,Bank transfer,No,CUST_1516
CUST-01517,Female,32,29.69,One year,Mailed check,Yes,CUST_1517
CUST-01518,Female,36,25.18,Month-to-month,Mailed check,Yes,CUST_1518
CUST-01519,Female,19,69.02,Month-to-month,Electronic check,Yes,CUST_1519
CUST-01520,Male,47,39.64,Month-to-month,Mailed check,No,CUST_1520
CUST-01521,Male,61,36.96,One year,Electronic check,No,CUST_1521
CUST-01522,Male,48,69.63,Month-to-month,Bank transfer,Yes,CUST_1522
CUST-01523,Male,40,117.07,Two year,Credit card,No,CUST_1523
CUST-01524,Female,3,26.21,Two year,Electronic check,No,CUST_1524
CUST-01525,Female,5,61.9,Month-to-month,Credit card,Yes,CUST_1525
CUST-01526,Male,7,95.76,Two year,Electronic check,Yes,CUST_1526
CUST-01527,Female,31,96.18,One year,Credit card,No,CUST_1527
CUST-01528,Female,33,37.93,Two year,Credit card,No,CUST_1528
CUST-01529,Female,71,24.5,Two year,Credit card,No,CUST_1529
CUST-01530,Male,50,89.5,Month-to-month,Electronic check,No,CUST_1530
CUST-01531,Female,40,103.33,Month-to-month,Electronic check,No,CUST_1531
CUST-01532,Female,47,94.42,Month-to-month,Electronic check,Yes,CUST_1532
CUST-01533,Male,16,78.38,Two year,Mailed check,No,CUST_1533
CUST-01534,Male,69,92.22,Two year,Credit card,No,CUST_1534
CUST-01535,Male,31,79.08,Month-to-month,Credit card,No,CUST_1535
CUST-01536,Male,57,71.56,Month-to-month,Electronic check,Yes,CUST_1536
CUST-01537,Female,50,39.34,Two year,Mailed check,No,CUST_1537
CUST-01538,Male,2,65.96,One year,Credit card,No,CUST_1538
CUST-01539,Female,51,38.99,Month-to-month,Bank transfer,No,CUST_1539
CUST-01540,Male,33,93.18,Month-to-month,Bank transfer,Yes,CUST_1540
CUST-01541,Female,39,101.04,One year,Bank transfer,Yes,CUST_1541
CUST-01542,Female,12,105.18,Two year,Bank transfer,No,CUST_1542
CUST-01543,Male,31,51.05,Month-to-month,Electronic check,Yes,CUST_1543
CUST-01544,Female,39,104.66,Month-to-month,Credit card,Yes,CUST_1544
CUST-01545,Female,27,48.66,Month-to-month,Credit card,No,CUST_1545
CUST-01546,Male,21,80.89,Two year,Mailed check,No,CUST_1546
CUST-01547,Male,57,97.97,Month-to-month,Credit card,No,CUST_1547
CUST-01548,Female,41,69.34,Month-to-month,Electronic check,Yes,CUST_1548
CUST-01549,Male,53,22.57,One year,Mailed check,No,CUST_1549
CUST-01550,Male,5,94.98,Month-to-month,Bank transfer,Yes,CUST_1550
CUST-01551,Male,36,73.45,Month-to-month,Bank transfer,Yes,CUST_1551
CUST-01552,Male,11,106.6,One year,Mailed check,Yes,CUST_1552
CUST-01553,Male,63,97.45,Two year,Mailed check,No,CUST_1553
CUST-01554,Female,61,51.52,Month-to-month,Credit card,Yes,CUST_1554
CUST-01555,Male,53,26.57,Month-to-month,Mailed check,Yes,CUST_1555
CUST-01556,Female,43,116.87,Month-to-month,Credit card,Yes,CUST_1556
CUST-01557,Female,55,20.51,Month-to-month,Credit card,No,CUST_1557
CUST-01558,Female,13,103.69,Month-to-month,Electronic check,Yes,CUST_1558
CUST-01559,Male,21,61.35,Month-to-month,Mailed check,Yes,CUST_1559
CUST-01560,Male,34,27.62,Month-to-month,Electronic check,Yes,CUST_1560
CUST-01561,Male,65,95.71,Month-to-month,Credit card,Yes,CUST_1561
CUST-01562,Female,9,27.13,One year,Mailed check,No,CUST_1562
CUST-01563,Female,46,67.12,Month-to-month,Mailed check,No,CUST_1563
CUST-01564,Female,54,23.41,Month-to-month,Electronic check,No,CUST_1564
CUST-01565,Female,71,111.89,Month-to-month,Bank transfer,Yes,CUST_1565
CUST-01566,Female,42,75.74,Month-to-month,Electronic check,Yes,CUST_1566
CUST-01567,Male,59,98.12,Month-to-month,Credit card,Yes,CUST_1567
CUST-01568,Male,4,55.73,Month-to-month,Electronic check,Yes,CUST_1568
CUST-01569,Female,7,68.33,Month-to-month,Mailed check,Yes,CUST_1569
CUST-01570,Male,24,43.89,Two year,Mailed check,No,CUST_1570
CUST-01571,Female,57,85.74,Month-to-month,Electronic check,Yes,CUST_1571
CUST-01572,Female,18,106.39,Month-to-month,Mailed check,Yes,CUST_1572
CUST-01573,Female,1,79.31,One year,Electronic check,Yes,CUST_1573
CUST-01574,Male,52,27.85,Two year,Electronic check,No,CUST_1574
CUST-01575,Male,26,55.17,Two year,Credit card,No,CUST_1575
CUST-01576,Male,40,39.26,Two year,Credit card,No,CUST_1576
CUST-01577,Female,41,45.58,Two year,Mailed check,No,CUST_1577
CUST-01578,Male,11,80.5,One year,Bank transfer,Yes,CUST_1578
CUST-01579,Male,15,27.34,Month-to-month,Electronic check,No,CUST_1579
CUST-01580,Male,21,99.48,Month-to-month,Credit card,Yes,CUST_1580
CUST-01581,Female,32,70.89,Month-to-month,Credit card,Yes,CUST_1581
CUST-01582,Male,67,54.43,One year,Mailed check,No,CUST_1582
CUST-01583,Male,17,74.46,One year,Credit card,No,CUST_1583
CUST-01584,Female,53,27.91,Two year,Mailed check,No,CUST_1584
CUST-01585,Male,41,93.66,Month-to-month,Electronic check,Yes,CUST_1585
CUST-01586,Female,58,29.54,Month-to-month,Electronic check,Yes,CUST_1586
CUST-01587,Female,62,109.52,One year,Mailed check,No,CUST_1587
CUST-01588,Male,18,65.19,Month-to-month,Mailed check,Yes,CUST_1588
CUST-01589,Female,34,47.12,One year,Electronic check,No,CUST_1589
CUST-01590,Male,23,100.08,Month-to-month,Bank transfer,Yes,CUST_1590
CUST-01591,Female,42,59.24,Month-to-month,Credit card,No,CUST_1591
CUST-01592,Male,37,56.57,Month-to-month,Electronic check,Yes,CUST_1592
CUST-01593,Female,26,80.23,One year,Electronic check,Yes,CUST_1593
CUST-01594,Male,11,31.7,One year,Mailed check,Yes,CUST_1594
CUST-01595,Male,54,59.84,One year,Electronic check,No,CUST_1595
CUST-01596,Male,48,84.66,Month-to-month,Mailed check,No,CUST_1596
CUST-01597,Male,24,102.13,Two year,Bank transfer,Yes,CUST_1597
CUST-01598,Female,51,20.27,Two year,Bank transfer,No,CUST_1598
CUST-01599,Male,49,48.51,Two year,Credit card,No,CUST_1599
CUST-01600,Male,29,78.78,One year,Mailed check,No,CUST_1600
CUST-01601,Male,3,109.23,Two year,Mailed check,No,CUST_1601
CUST-01602,Male,3,100.12,One year,Credit card,No,CUST_1602
CUST-01603,Female,72,91.68,Month-to-month,Electronic check,No,CUST_1603
CUST-01604,Male,30,51.89,Two year,Electronic check,No,CUST_1604
CUST-01605,Female,12,51.18,One year,Bank transfer,No,CUST_1605
CUST-01606,Male,60,73.96,Month-to-month,Mailed check,Yes,CUST_1606
CUST-01607,Female,26,118.47,One year,Mailed check,No,CUST_1607
CUST-01608,Female,34,119.45,Month-to-month,Mailed check,Yes,CUST_1608
CUST-01609,Female,22,44.86,Two year,Bank transfer,No,CUST_1609
CUST-01610,Female,7,112.31,Month-to-month,Mailed check,Yes,CUST_1610
CUST-01611,Male,52,91.18,One year,Credit card,Yes,CUST_1611
CUST-01612,Female,55,34.96,Month-to-month,Credit card,Yes,CUST_1612
CUST-01613,Female,34,28.14,Month-to-month,Mailed check,Yes,CUST_1613
CUST-01614,Female,20,73.96,Month-to-month,Bank transfer,Yes,CUST_1614
CUST-01615,Male,12,88.1,Month-to-month,Electronic check,Yes,CUST_1615
CUST-01616,Male,48,78.86,Month-to-month,Mailed check,No,CUST_1616
CUST-01617,Male,22,59.37,Month-to-month,Electronic check,No,CUST_1617
CUST-01618,Female,16,36.03,Month-to-month,Electronic check,No,CUST_1618
CUST-01619,Female,2,113.98,Month-to-month,Credit card,Yes,CUST_1619
CUST-01620,Female,68,93.14,Two year,Electronic check,No,CUST_1620
CUST-01621,Female,56,43.85,One year,Mailed check,Yes,CUST_1621
CUST-01622,Male,59,57.17,Month-to-month,Electronic check,No,CUST_1622
CUST-01623,Female,64,102.08,Month-to-month,Mailed check,No,CUST_1623
CUST-01624,Male,16,75.47,Two year,Mailed check,No,CUST_1624
CUST-01625,Female,29,88.45,One year,Mailed check,No,CUST_1625
CUST-01626,Female,27,47.87,Month-to-month,Electronic check,No,CUST_1626
CUST-01627,Female,25,117.21,Month-to-month,Mailed check,No,CUST_1627
CUST-01628,Female,35,94.37,One year,Bank transfer,No,CUST_1628
CUST-01629,Male,37,86.01,Month-to-month,Credit card,Yes,CUST_1629
CUST-01630,Female,64,73.42,One year,Mailed check,No,CUST_1630
CUST-01631,Male,49,21.24,One year,Electronic check,No,CUST_1631
CUST-01632,Female,17,59.17,One year,Bank transfer,No,CUST_1632
CUST-01633,Male,56,35.74,Month-to-month,Mailed check,No,CUST_1633
CUST-01634,Female,27,89.78,Month-to-month,Bank transfer,No,CUST_1634
CUST-01635,Male,28,29.05,One year,Mailed check,No,CUST_1635
CUST-01636,Female,37,110.13,Month-to-month,Bank transfer,Yes,CUST_1636
CUST-01637,Female,25,48.25,Month-to-month,Credit card,No,CUST_1637
CUST-01638,Male,54,63.73,One year,Bank transfer,No,CUST_1638
CUST-01639,Male,24,80.03,Month-to-month,Mailed check,No,CUST_1639
CUST-01640,Male,53,106.7,Month-to-month,Electronic check,Yes,CUST_1640
CUST-01641,Male,19,92.24,Two year,Electronic check,No,CUST_1641
CUST-01642,Female,4,54.25,Month-to-month,Bank transfer,Yes,CUST_1642
CUST-01643,Female,38,61.75,Two year,Mailed check,No,CUST_1643
CUST-01644,Female,34,40.01,Month-to-month,Bank transfer,No,CUST_1644
CUST-01645,Male,31,113.25,Month-to-month,Credit card,Yes,CUST_1645
CUST-01646,Male,58,80.49,Month-to-month,Mailed check,No,CUST_1646
CUST-01647,Female,32,66.84,Month-to-month,Mailed check,No,CUST_1647
CUST-01648,Female,48,46.36,Month-to-month,Bank transfer,No,CUST_1648
CUST-01649,Male,59,22.07,One year,Credit card,No,CUST_1649
CUST-01650,Male,11,110.79,One year,Mailed check,Yes,CUST_1650
CUST-01651,Female,2,110.0,Month-to-month,Electronic check,Yes,CUST_1651
CUST-01652,Female,61,96.21,Month-to-month,Mailed check,Yes,CUST_1652
CUST-01653,Female,18,104.04,Two year,Electronic check,No,CUST_1653
CUST-01654,Female,42,68.74,Month-to-month,Mailed check,Yes,CUST_1654
CUST-01655,Female,51,70.56,One year,Electronic check,No,CUST_1655
CUST-01656,Male,28,116.5,Month-to-month,Electronic check,Yes,CUST_1656
CUST-01657,Male,50,75.84,Month-to-month,Mailed check,Yes,CUST_1657
CUST-01658,Female,55,119.24,Two year,Electronic check,No,CUST_1658
CUST-01659,Female,33,24.26,Month-to-month,Credit card,Yes,CUST_1659
CUST-01660,Male,10,36.82,Month-to-month,Mailed check,Yes,CUST_1660
CUST-01661,Male,13,117.9,Month-to-month,Electronic check,Yes,CUST_1661
CUST-01662,Female,72,91.56,One year,Bank transfer,No,CUST_1662
CUST-01663,Male,8,79.95,One year,Electronic check,No,CUST_1663
CUST-01664,Male,7,81.51,One year,Mailed check,No,CUST_1664
CUST-01665,Female,43,74.09,Month-to-month,Electronic check,No,CUST_1665
CUST-01666,Female,31,92.29,Two year,Credit card,No,CUST_1666
CUST-01667,Female,61,89.28,Two year,Credit card,No,CUST_1667
CUST-01668,Female,46,108.57,Month-to-month,Bank transfer,Yes,CUST_1668
CUST-01669,Male,6,48.21,One year,Electronic check,No,CUST_1669
CUST-01670,Male,1,42.24,Two year,Mailed check,No,CUST_1670
CUST-01671,Female,33,29.19,Month-to-month,Bank transfer,No,CUST_1671
CUST-01672,Male,65,88.07,Month-to-month,Electronic check,Yes,CUST_1672
CUST-01673,Female,49,111.05,Month-to-month,Electronic check,Yes,CUST_1673
CUST-01674,Female,39,101.08,Two year,Mailed check,No,CUST_1674
CUST-01675,Female,51,57.86,Month-to-month,Credit card,Yes,CUST_1675
CUST-01676,Female,48,29.62,Month-to-month,Mailed check,No,CUST_1676
CUST-01677,Male,17,73.71,Month-to-month,Electronic check,Yes,CUST_1677
CUST-01678,Female,72,75.35,Month-to-month,Credit card,No,CUST_1678
CUST-01679,Male,6,76.09,Month-to-month,Mailed check,Yes,CUST_1679
CUST-01680,Male,23,54.29,Two year,Bank transfer,No,CUST_1680
CUST-01681,Female,34,100.03,Two year,Electronic check,No,CUST_1681
CUST-01682,Female,22,44.1,Two year,Electronic check,No,CUST_1682
CUST-01683,Male,65,85.81,Two year,Credit card,No,CUST_1683
CUST-01684,Female,64,31.14,One year,Electronic check,No,CUST_1684
CUST-01685,Female,44,85.62,Month-to-month,Electronic check,Yes,CUST_1685
CUST-01686,Female,60,23.23,Month-to-month,Credit card,Yes,CUST_1686
CUST-01687,Male,17,119.42,Two year,Electronic check,Yes,CUST_1687
CUST-01688,Male,12,99.87,Month-to-month,Credit card,Yes,CUST_1688
CUST-01689,Male,41,87.22,Two year,Credit card,No,CUST_1689
CUST-01690,Female,68,35.89,One year,Electronic check,No,CUST_1690
CUST-01691,Female,56,21.81,One year,Bank transfer,No,CUST_1691
CUST-01692,Female,19,42.59,One year,Credit card,No,CUST_1692
CUST-01693,Female,34,110.5,One year,Bank transfer,No,CUST_1693
CUST-01694,Male,15,87.81,One year,Electronic check,No,CUST_1694
CUST-01695,Male,41,67.6,Month-to-month,Credit card,No,CUST_1695
CUST-01696,Female,6,115.2,Month-to-month,Electronic check,Yes,CUST_1696
CUST-01697,Male,17,56.34,Month-to-month,Mailed check,Yes,CUST_1697
CUST-01698,Male,64,47.85,Month-to-month,Electronic check,No,CUST_1698
CUST-01699,Male,36,68.02,Two year,Mailed check,No,CUST_1699
CUST-01700,Male,47,89.82,Month-to-month,Mailed check,Yes,CUST_1700
CUST-01701,Female,56,99.0,Two year,Electronic check,No,CUST_1701
CUST-01702,Female,37,106.35,Month-to-month,Electronic check,Yes,CUST_1702
CUST-01703,Female,34,87.89,Two year,Electronic check,No,CUST_1703
CUST-01704,Male,34,87.89,Month-to-month,Credit card,Yes,CUST_1704
CUST-01705,Male,67,33.76,Month-to-month,Electronic check,Yes,CUST_1705
CUST-01706,Female,41,84.06,Two year,Mailed check,No,CUST_1706
CUST-01707,Female,56,39.67,Two year,Mailed check,No,CUST_1707
CUST-01708,Male,22,64.38,One year,Bank transfer,No,CUST_1708
CUST-01709,Female,41,26.35,One year,Bank transfer,No,CUST_1709
CUST-01710,Female,63,59.04,Month-to-month,Credit card,No,CUST_1710
CUST-01711,Female,20,27.34,One year,Mailed check,Yes,CUST_1711
CUST-01712,Female,72,81.76,Month-to-month,Credit card,No,CUST_1712
CUST-01713,Female,57,53.9,Month-to-month,Bank transfer,Yes,CUST_1713
CUST-01714,Female,7,44.39,Month-to-month,Mailed check,Yes,CUST_1714
CUST-01715,Male,25,47.23,Month-to-month,Electronic check,Yes,CUST_1715
CUST-01716,Female,20,107.64,Month-to-month,Bank transfer,No,CUST_1716
CUST-01717,Female,7,68.59,One year,Mailed check,Yes,CUST_1717
CUST-01718,Male,30,58.75,Month-to-month,Bank transfer,Yes,CUST_1718
CUST-01719,Female,24,60.82,Month-to-month,Credit card,Yes,CUST_1719
CUST-01720,Female,5,107.28,One year,Bank transfer,Yes,CUST_1720
CUST-01721,Male,61,37.98,Month-to-month,Electronic check,No,CUST_1721
CUST-01722,Female,34,52.67,Month-to-month,Bank transfer,Yes,CUST_1722
CUST-01723,Female,21,95.89,One year,Mailed check,No,CUST_1723
CUST-01724,Male,60,57.59,Month-to-month,Credit card,No,CUST_1724
CUST-01725,Male,56,20.28,One year,Mailed check,No,CUST_1725
CUST-01726,Female,15,43.21,One year,Bank transfer,No,CUST_1726
CUST-01727,Male,64,21.36,Two year,Credit card,No,CUST_1727
CUST-01728,Female,6,94.9,Month-to-month,Credit card,Yes,CUST_1728
CUST-01729,Male,57,27.37,One year,Electronic check,No,CUST_1729
CUST-01730,Male,46,73.46,Two year,Mailed check,No,CUST_1730
CUST-01731,Male,72,21.64,Month-to-month,Bank transfer,No,CUST_1731
CUST-01732,Male,63,57.4,Month-to-month,Mailed check,No,CUST_1732
CUST-01733,Male,59,101.3,Month-to-month,Mailed check,Yes,CUST_1733
CUST-01734,Male,64,110.72,Two year,Mailed check,No,CUST_1734
CUST-01735,Female,15,20.59,Month-to-month,Electronic check,Yes,CUST_1735
CUST-01736,Female,19,110.68,One year,Mailed check,No,CUST_1736
CUST-01737,Female,16,71.69,Month-to-month,Credit card,No,CUST_1737
CUST-01738,Male,45,24.84,Month-to-month,Electronic check,No,CUST_1738
CUST-01739,Female,12,112.81,One year,Mailed check,No,CUST_1739
CUST-01740,Male,27,25.18,Month-to-month,Credit card,Yes,CUST_1740
CUST-01741,Female,37,43.65,Month-to-month,Electronic check,No,CUST_1741
CUST-01742,Female,24,59.62,Month-to-month,Electronic check,Yes,CUST_1742
CUST-01743,Male,22,43.87,Month-to-month,Mailed check,No,CUST_1743
CUST-01744,Male,66,102.92,One year,Mailed check,No,CUST_1744
CUST-01745,Male,35,57.1,Month-to-month,Credit card,No,CUST_1745
CUST-01746,Female,28,32.93,One year,Electronic check,No,CUST_1746
CUST-01747,Female,1,73.09,Month-to-month,Electronic check,Yes,CUST_1747
CUST-01748,Female,68,84.11,Month-to-month,Electronic check,No,CUST_1748
CUST-01749,Female,24,84.7,Month-to-month,Electronic check,Yes,CUST_1749
CUST-01750,Male,54,62.89,Month-to-month,Mailed check,No,CUST_1750
CUST-01751,Female,10,103.74,One year,Mailed check,No,CUST_1751
CUST-01752,Female,32,82.38,Two year,Electronic check,No,CUST_1752
CUST-01753,Female,64,78.78,Two year,Mailed check,No,CUST_1753
CUST-01754,Female,13,21.09,Two year,Bank transfer,No,CUST_1754
CUST-01755,Female,43,41.64,Two year,Bank transfer,No,CUST_1755
CUST-01756,Male,4,24.38,Month-to-month,Credit card,Yes,CUST_1756
CUST-01757,Male,37,31.83,One year,Bank transfer,No,CUST_1757
CUST-01758,Female,16,36.49,Month-to-month,Mailed check,No,CUST_1758
CUST-01759,Female,51,100.55,One year,Bank transfer,Yes,CUST_1759
CUST-01760,Male,48,43.73,One year,Mailed check,Yes,CUST_1760
CUST-01761,Female,14,22.88,Month-to-month,Electronic check,Yes,CUST_1761
CUST-01762,Female,42,56.48,Month-to-month,Mailed check,No,CUST_1762
CUST-01763,Male,20,22.33,Month-to-month,Mailed check,Yes,CUST_1763
CUST-01764,Female,4,46.23,Month-to-month,Bank transfer,Yes,CUST_1764
CUST-01765,Female,11,35.81,Two year,Credit card,No,CUST_1765
CUST-01766,Female,59,40.0,Two year,Electronic check,No,CUST_1766
CUST-01767,Female,62,114.28,Two year,Mailed check,No,CUST_1767
CUST-01768,Female,59,95.7,Month-to-month,Credit card,Yes,CUST_1768
CUST-01769,Female,35,76.84,One year,Credit card,No,CUST_1769
CUST-01770,Male,1,89.61,One year,Electronic check,No,CUST_1770
CUST-01771,Female,43,56.67,Two year,Electronic check,No,CUST_1771
CUST-01772,Female,6,105.75,One year,Electronic check,Yes,CUST_1772
CUST-01773,Female,58,77.45,Month-to-month,Mailed check,No,CUST_1773
CUST-01774,Male,42,102.44,Two year,Electronic check,No,CUST_1774
CUST-01775,Female,17,116.92,Month-to-month,Credit card,Yes,CUST_1775
CUST-01776,Male,28,24.17,Two year,Bank transfer,No,CUST_1776
CUST-01777,Female,7,82.33,Two year,Credit card,Yes,CUST_1777
CUST-01778,Male,37,73.34,One year,Electronic check,No,CUST_1778
CUST-01779,Female,42,24.3,Month-to-month,Credit card,Yes,CUST_1779
CUST-01780,Female,8,106.3,Month-to-month,Credit card,Yes,CUST_1780
CUST-01781,Female,10,66.35,Two year,Electronic check,No,CUST_1781
CUST-01782,Female,71,111.72,One year,Electronic check,No,CUST_1782
CUST-01783,Male,49,114.75,Month-to-month,Mailed check,No,CUST_1783
CUST-01784,Male,12,113.44,Two year,Mailed check,No,CUST_1784
CUST-01785,Female,52,86.16,Month-to-month,Bank transfer,Yes,CUST_1785
CUST-01786,Female,33,45.78,Two year,Electronic check,No,CUST_1786
CUST-01787,Male,23,47.34,Two year,Mailed check,No,CUST_1787
CUST-01788,Male,31,83.02,One year,Bank transfer,No,CUST_1788
CUST-01789,Male,52,115.18,Two year,Mailed check,No,CUST_1789
CUST-01790,Male,12,24.38,One year,Mailed check,Yes,CUST_1790
CUST-01791,Male,3,48.58,Month-to-month,Mailed check,Yes,CUST_1791
CUST-01792,Male,27,75.68,One year,Electronic check,No,CUST_1792
CUST-01793,Male,21,80.5,Month-to-month,Credit card,Yes,CUST_1793
CUST-01794,Male,50,89.35,Month-to-month,Bank transfer,No,CUST_1794
CUST-01795,Male,52,112.57,Month-to-month,Electronic check,No,CUST_1795
CUST-01796,Female,37,42.51,Month-to-month,Mailed check,No,CUST_1796
CUST-01797,Female,20,29.06,Month-to-month,Electronic check,Yes,CUST_1797
CUST-01798,Female,16,75.74,One year,Mailed check,No,CUST_1798
CUST-01799,Male,39,83.06,Month-to-month,Mailed check,No,CUST_1799
CUST-01800,Male,63,32.08,One year,Electronic check,No,CUST_1800
CUST-01801,Male,56,74.8,Two year,Electronic check,No,CUST_1801
CUST-01802,Male,40,58.93,Two year,Bank transfer,No,CUST_1802
CUST-01803,Female,17,82.93,Month-to-month,Mailed check,Yes,CUST_1803
CUST-01804,Female,46,72.94,One year,Credit card,No,CUST_1804
CUST-01805,Female,13,48.34,Month-to-month,Electronic check,Yes,CUST_1805
CUST-01806,Male,48,103.9,Month-to-month,Credit card,Yes,CUST_1806
CUST-01807,Female,66,48.3,Month-to-month,Electronic check,No,CUST_1807
CUST-01808,Female,26,53.02,Month-to-month,Electronic check,Yes,CUST_1808
CUST-01809,Female,63,118.04,Month-to-month,Credit card,Yes,CUST_1809
CUST-01810,Male,58,35.69,Month-to-month,Credit card,Yes,CUST_1810
CUST-01811,Male,50,36.79,Month-to-month,Bank transfer,No,CUST_1811
CUST-01812,Male,61,99.42,Month-to-month,Electronic check,Yes,CUST_1812
CUST-01813,Male,35,57.1,Two year,Credit card,No,CUST_1813
CUST-01814,Male,55,32.33,One year,Credit card,No,CUST_1814
CUST-01815,Female,12,81.65,One year,Bank transfer,No,CUST_1815
CUST-01816,Male,55,25.23,Month-to-month,Mailed check,No,CUST_1816
CUST-01817,Male,48,89.94,One year,Mailed check,No,CUST_1817
CUST-01818,Female,24,57.99,One year,Electronic check,No,CUST_1818
CUST-01819,Female,56,43.47,Month-to-month,Mailed check,Yes,CUST_1819
CUST-01820,Male,55,101.16,One year,Electronic check,Yes,CUST_1820
CUST-01821,Female,12,30.25,One year,Credit card,Yes,CUST_1821
CUST-01822,Male,6,62.0,Month-to-month,Credit card,Yes,CUST_1822
CUST-01823,Male,66,33.95,Two year,Electronic check,No,CUST_1823
CUST-01824,Female,44,74.18,Month-to-month,Credit card,No,CUST_1824
CUST-01825,Male,60,23.05,One year,Mailed check,No,CUST_1825
CUST-01826,Female,29,21.05,Two year,Mailed check,No,CUST_1826
CUST-01827,Female,20,64.89,Month-to-month,Mailed check,No,CUST_1827
CUST-01828,Female,64,84.03,Month-to-month,Electronic check,Yes,CUST_1828
CUST-01829,Female,68,95.78,Two year,Mailed check,No,CUST_1829
CUST-01830,Male,68,110.18,One year,Credit card,No,CUST_1830
CUST-01831,Female,11,60.61,Month-to-month,Bank transfer,Yes,CUST_1831
CUST-01832,Female,38,33.11,Month-to-month,Credit card,No,CUST_1832
CUST-01833,Male,60,55.33,Month-to-month,Electronic check,No,CUST_1833
CUST-01834,Male,56,119.43,Month-to-month,Mailed check,Yes,CUST_1834
CUST-01835,Female,11,56.6,Two year,Bank transfer,No,CUST_1835
CUST-01836,Male,62,56.52,Month-to-month,Mailed check,No,CUST_1836
CUST-01837,Female,39,27.1,Month-to-month,Electronic check,Yes,CUST_1837
CUST-01838,Female,20,115.49,Two year,Bank transfer,No,CUST_1838
CUST-01839,Male,17,88.09,Two year,Electronic check,Yes,CUST_1839
CUST-01840,Male,39,26.79,One year,Mailed check,No,CUST_1840
CUST-01841,Female,32,43.04,One year,Mailed check,No,CUST_1841
CUST-01842,Female,67,92.58,Month-to-month,Electronic check,Yes,CUST_1842
CUST-01843,Male,55,115.11,Month-to-month,Bank transfer,Yes,CUST_1843
CUST-01844,Male,38,62.32,Month-to-month,Bank transfer,Yes,CUST_1844
CUST-01845,Female,7,100.9,Two year,Electronic check,No,CUST_1845
CUST-01846,Female,71,51.6,One year,Electronic check,No,CUST_1846
CUST-01847,Female,10,25.4,Two year,Electronic check,Yes,CUST_1847
CUST-01848,Male,6,72.66,Month-to-month,Bank transfer,Yes,CUST_1848
CUST-01849,Female,66,77.21,Month-to-month,Bank transfer,No,CUST_1849
CUST-01850,Male,14,57.34,Month-to-month,Electronic check,Yes,CUST_1850
CUST-01851,Male,66,37.92,One year,Credit card,No,CUST_1851
CUST-01852,Male,55,50.22,Month-to-month,Electronic check,No,CUST_1852
CUST-01853,Female,53,40.92,Month-to-month,Credit card,No,CUST_1853
CUST-01854,Female,13,79.07,Month-to-month,Mailed check,No,CUST_1854
CUST-01855,Male,60,50.76,Month-to-month,Credit card,No,CUST_1855
CUST-01856,Male,33,76.72,One year,Electronic check,No,CUST_1856
CUST-01857,Female,46,25.66,One year,Electronic check,No,CUST_1857
CUST-01858,Female,33,57.54,Month-to-month,Electronic check,Yes,CUST_1858
CUST-01859,Male,11,46.42,Month-to-month,Bank transfer,Yes,CUST_1859
CUST-01860,Female,65,94.53,Month-to-month,Mailed check,Yes,CUST_1860
CUST-01861,Female,3,41.38,One year,Credit card,Yes,CUST_1861
CUST-01862,Female,15,88.0,One year,Mailed check,No,CUST_1862
CUST-01863,Female,60,51.99,Month-to-month,Bank transfer,No,CUST_1863
CUST-01864,Male,23,113.9,One year,Electronic check,Yes,CUST_1864
CUST-01865,Female,24,111.79,Two year,Electronic check,No,CUST_1865
CUST-01866,Female,51,78.35,Two year,Electronic check,No,CUST_1866
CUST-01867,Male,6,51.93,Two year,Electronic check,Yes,CUST_1867
CUST-01868,Male,11,66.02,One year,Electronic check,No,CUST_1868
CUST-01869,Male,54,77.27,Month-to-month,Electronic check,No,CUST_1869
CUST-01870,Female,39,93.53,Month-to-month,Electronic check,Yes,CUST_1870
CUST-01871,Female,41,95.85,One year,Credit card,No,CUST_1871
CUST-01872,Male,59,113.24,Two year,Electronic check,No,CUST_1872
CUST-01873,Female,58,83.72,Month-to-month,Credit card,Yes,CUST_1873
CUST-01874,Female,34,73.15,Month-to-month,Credit card,Yes,CUST_1874
CUST-01875,Male,44,63.47,Two year,Credit card,No,CUST_1875
CUST-01876,Female,24,94.36,Two year,Electronic check,No,CUST_1876
CUST-01877,Female,28,50.03,Month-to-month,Bank transfer,No,CUST_1877
CUST-01878,Male,24,91.85,Month-to-month,Bank transfer,Yes,CUST_1878
CUST-01879,Male,11,78.07,Two year,Credit card,No,CUST_1879
CUST-01880,Male,34,62.97,Month-to-month,Electronic check,Yes,CUST_1880
CUST-01881,Female,14,58.83,Month-to-month,Credit card,Yes,CUST_1881
CUST-01882,Male,56,32.31,Month-to-month,Mailed check,Yes,CUST_1882
CUST-01883,Female,69,43.51,Two year,Electronic check,No,CUST_1883
CUST-01884,Female,3,108.11,Month-to-month,Mailed check,Yes,CUST_1884
CUST-01885,Female,1,91.35,Two year,Credit card,No,CUST_1885
CUST-01886,Female,51,69.49,Two year,Mailed check,No,CUST_1886
CUST-01887,Male,15,82.72,Month-to-month,Mailed check,Yes,CUST_1887
CUST-01888,Male,2,75.96,One year,Mailed check,No,CUST_1888
CUST-01889,Male,22,59.6,Month-to-month,Electronic check,Yes,CUST_1889
CUST-01890,Female,62,115.48,Two year,Electronic check,No,CUST_1890
CUST-01891,Female,59,57.43,Month-to-month,Mailed check,No,CUST_1891
CUST-01892,Male,52,66.87,Month-to-month,Credit card,No,CUST_1892
CUST-01893,Male,63,97.2,One year,Mailed check,No,CUST_1893
CUST-01894,Male,39,117.06,One year,Credit card,No,CUST_1894
CUST-01895,Male,47,119.38,Two year,Credit card,No,CUST_1895
CUST-01896,Male,51,89.41,Two year,Credit card,No,CUST_1896
CUST-01897,Male,39,104.76,Month-to-month,Electronic check,Yes,CUST_1897
CUST-01898,Female,12,100.13,Month-to-month,Electronic check,Yes,CUST_1898
CUST-01899,Female,17,28.87,Month-to-month,Bank transfer,Yes,CUST_1899
CUST-01900,Male,18,46.54,Month-to-month,Bank transfer,Yes,CUST_1900
CUST-01901,Male,2,105.55,Two year,Credit card,No,CUST_1901
CUST-01902,Female,25,100.57,Month-to-month,Bank transfer,Yes,CUST_1902
CUST-01903,Male,15,30.03,Month-to-month,Mailed check,No,CUST_1903
CUST-01904,Female,3,38.56,Two year,Electronic check,Yes,CUST_1904
CUST-01905,Male,25,22.55,Month-to-month,Electronic check,No,CUST_1905
CUST-01906,Female,4,55.99,Two year,Electronic check,No,CUST_1906
CUST-01907,Male,27,68.89,Month-to-month,Electronic check,Yes,CUST_1907
CUST-01908,Female,62,41.7,Month-to-month,Electronic check,Yes,CUST_1908
CUST-01909,Female,19,105.03,Month-to-month,Bank transfer,Yes,CUST_1909
CUST-01910,Male,31,34.37,Month-to-month,Credit card,Yes,CUST_1910
CUST-01911,Female,56,90.65,Month-to-month,Electronic check,Yes,CUST_1911
CUST-01912,Female,69,89.86,One year,Mailed check,No,CUST_1912
CUST-01913,Male,25,41.27,One year,Bank transfer,No,CUST_1913
CUST-01914,Female,12,88.26,Month-to-month,Bank transfer,No,CUST_1914
CUST-01915,Female,39,41.03,Month-to-month,Credit card,Yes,CUST_1915
CUST-01916,Male,60,119.83,Month-to-month,Mailed check,Yes,CUST_1916
CUST-01917,Male,19,60.49,Two year,Mailed check,No,CUST_1917
CUST-01918,Male,61,45.91,One year,Mailed check,No,CUST_1918
CUST-01919,Male,55,38.6,Month-to-month,Credit card,Yes,CUST_1919
CUST-01920,Female,3,76.07,One year,Electronic check,Yes,CUST_1920
CUST-01921,Female,15,33.34,One year,Credit card,No,CUST_1921
CUST-01922,Male,22,44.01,One year,Credit card,No,CUST_1922
CUST-01923,Male,20,36.39,Two year,Electronic check,No,CUST_1923
CUST-01924,Male,57,59.48,Two year,Electronic check,No,CUST_1924
CUST-01925,Female,63,100.39,Month-to-month,Bank transfer,No,CUST_1925
CUST-01926,Male,61,116.42,Month-to-month,Bank transfer,Yes,CUST_1926
CUST-01927,Female,3,57.61,Month-to-month,Electronic check,Yes,CUST_1927
CUST-01928,Female,58,105.95,One year,Electronic check,Yes,CUST_1928
CUST-01929,Male,32,85.27,Month-to-month,Electronic check,No,CUST_1929
CUST-01930,Male,26,45.83,Month-to-month,Bank transfer,No,CUST_1930
CUST-01931,Female,38,63.93,Month-to-month,Credit card,No,CUST_1931
CUST-01932,Female,51,111.84,One year,Electronic check,No,CUST_1932
CUST-01933,Female,7,82.19,Month-to-month,Electronic check,Yes,CUST_1933
CUST-01934,Female,43,90.91,Month-to-month,Credit card,No,CUST_1934
CUST-01935,Female,2,42.38,Month-to-month,Electronic check,Yes,CUST_1935
CUST-01936,Female,14,73.49,One year,Bank transfer,No,CUST_1936
CUST-01937,Male,56,53.81,Month-to-month,Electronic check,No,CUST_1937
CUST-01938,Male,54,34.07,One year,Mailed check,No,CUST_1938
CUST-01939,Female,64,33.67,Month-to-month,Bank transfer,Yes,CUST_1939
CUST-01940,Male,71,88.6,Two year,Credit card,No,CUST_1940
CUST-01941,Male,38,22.17,Month-to-month,Credit card,No,CUST_1941
CUST-01942,Female,5,29.39,Month-to-month,Electronic check,Yes,CUST_1942
CUST-01943,Male,63,88.87,Two year,Electronic check,No,CUST_1943
CUST-01944,Male,52,20.01,Month-to-month,Electronic check,Yes,CUST_1944
CUST-01945,Male,63,62.33,Month-to-month,Credit card,Yes,CUST_1945
CUST-01946,Male,66,38.89,Month-to-month,Credit card,No,CUST_1946
CUST-01947,Female,63,96.11,Two year,Electronic check,No,CUST_1947
CUST-01948,Female,30,37.52,One year,Mailed check,No,CUST_1948
CUST-01949,Female,8,47.89,Month-to-month,Bank transfer,Yes,CUST_1949
CUST-01950,Female,68,33.83,Two year,Bank transfer,No,CUST_1950
CUST-01951,Male,3,116.15,Month-to-month,Mailed check,Yes,CUST_1951
CUST-01952,Male,55,69.46,One year,Credit card,No,CUST_1952
CUST-01953,Female,41,27.06,Two year,Bank transfer,No,CUST_1953
CUST-01954,Female,71,79.1,Month-to-month,Credit card,Yes,CUST_1954
CUST-01955,Male,9,34.94,Month-to-month,Mailed check,Yes,CUST_1955
CUST-01956,Female,35,80.81,Month-to-month,Credit card,Yes,CUST_1956
CUST-01957,Male,54,99.97,Month-to-month,Mailed check,Yes,CUST_1957
CUST-01958,Male,61,68.33,Month-to-month,Electronic check,Yes,CUST_1958
CUST-01959,Male,15,101.99,Two year,Bank transfer,No,CUST_1959
CUST-01960,Female,64,106.2,Month-to-month,Bank transfer,Yes,CUST_1960
CUST-01961,Male,45,52.83,One year,Bank transfer,No,CUST_1961
CUST-01962,Male,58,46.87,Two year,Electronic check,No,CUST_1962
CUST-01963,Male,56,54.21,Month-to-month,Electronic check,Yes,CUST_1963
CUST-01964,Male,3,109.67,One year,Electronic check,Yes,CUST_1964
CUST-01965,Male,21,25.76,Month-to-month,Credit card,No,CUST_1965
CUST-01966,Male,37,112.6,Month-to-month,Mailed check,Yes,CUST_1966
CUST-01967,Female,25,52.36,Month-to-month,Bank transfer,No,CUST_1967
CUST-01968,Male,61,76.84,Month-to-month,Credit card,No,CUST_1968
CUST-01969,Male,45,80.94,Month-to-month,Credit card,No,CUST_1969
CUST-01970,Male,57,26.94,One year,Mailed check,No,CUST_1970
CUST-01971,Female,30,75.11,Month-to-month,Electronic check,Yes,CUST_1971
CUST-01972,Female,65,42.11,Month-to-month,Mailed check,No,CUST_1972
CUST-01973,Male,29,22.95,Month-to-month,Credit card,Yes,CUST_1973
CUST-01974,Male,44,91.66,One year,Electronic check,No,CUST_1974
CUST-01975,Male,60,59.33,Month-to-month,Bank transfer,Yes,CUST_1975
CUST-01976,Male,17,48.43,One year,Credit card,Yes,CUST_1976
CUST-01977,Female,38,44.59,Month-to-month,Credit card,Yes,CUST_1977
CUST-01978,Male,50,87.34,Month-to-month,Electronic check,Yes,CUST_1978
CUST-01979,Female,54,38.43,Two year,Bank transfer,No,CUST_1979
CUST-01980,Female,47,95.84,Two year,Electronic check,No,CUST_1980
CUST-01981,Male,61,119.29,Month-to-month,Mailed check,Yes,CUST_1981
CUST-01982,Female,21,92.47,Month-to-month,Credit card,Yes,CUST_1982
CUST-01983,Male,27,35.05,One year,Credit card,No,CUST_1983
CUST-01984,Male,37,32.83,Two year,Electronic check,No,CUST_1984
CUST-01985,Female,12,64.94,Month-to-month,Mailed check,Yes,CUST_1985
CUST-01986,Female,62,66.69,Month-to-month,Credit card,No,CUST_1986
CUST-01987,Female,17,40.38,One year,Electronic check,No,CUST_1987
CUST-01988,Male,23,27.54,Two year,Credit card,No,CUST_1988
CUST-01989,Male,26,108.67,Month-to-month,Electronic check,Yes,CUST_1989
CUST-01990,Female,21,70.62,Two year,Electronic check,No,CUST_1990
CUST-01991,Female,63,116.01,Month-to-month,Electronic check,No,CUST_1991
CUST-01992,Male,13,115.49,Month-to-month,Electronic check,No,CUST_1992
CUST-01993,Female,54,60.18,One year,Credit card,No,CUST_1993
CUST-01994,Female,64,49.87,Month-to-month,Bank transfer,No,CUST_1994
CUST-01995,Female,39,67.81,Month-to-month,Bank transfer,Yes,CUST_1995
CUST-01996,Female,31,112.55,Month-to-month,Electronic check,No,CUST_1996
CUST-01997,Female,27,64.29,Two year,Electronic check,No,CUST_1997
CUST-01998,Male,72,40.73,Month-to-month,Credit card,Yes,CUST_1998
CUST-01999,Female,7,56.15,One year,Mailed check,Yes,CUST_1999
CUST-02000,Female,3,43.8,Month-to-month,Mailed check,Yes,CUST_2000
CUST-02001,Male,46,99.76,Two year,Mailed check,No,CUST_2001
CUST-02002,Female,34,53.51,Month-to-month,Electronic check,No,CUST_2002
CUST-02003,Male,46,51.32,Month-to-month,Mailed check,No,CUST_2003
CUST-02004,Male,21,82.39,Month-to-month,Credit card,Yes,CUST_2004
CUST-02005,Female,23,99.61,One year,Electronic check,Yes,CUST_2005
CUST-02006,Male,65,33.53,One year,Electronic check,No,CUST_2006
CUST-02007,Female,5,48.77,Two year,Bank transfer,No,CUST_2007
CUST-02008,Male,9,92.79,One year,Mailed check,Yes,CUST_2008
CUST-02009,Female,44,23.76,Month-to-month,Electronic check,Yes,CUST_2009
CUST-02010,Female,56,67.29,Month-to-month,Electronic check,Yes,CUST_2010
CUST-02011,Male,15,90.81,Month-to-month,Mailed check,Yes,CUST_2011
CUST-02012,Female,30,92.79,Month-to-month,Credit card,Yes,CUST_2012
CUST-02013,Male,16,33.23,One year,Credit card,No,CUST_2013
CUST-02014,Female,72,69.61,Two year,Bank transfer,No,CUST_2014
CUST-02015,Male,29,21.85,One year,Mailed check,No,CUST_2015
CUST-02016,Female,63,84.8,Two year,Bank transfer,No,CUST_2016
CUST-02017,Male,34,63.43,Two year,Mailed check,No,CUST_2017
CUST-02018,Female,44,98.15,Two year,Bank transfer,No,CUST_2018
CUST-02019,Female,46,56.68,Month-to-month,Electronic check,Yes,CUST_2019
CUST-02020,Male,6,36.7,Two year,Bank transfer,No,CUST_2020
CUST-02021,Male,72,65.34,One year,Bank transfer,No,CUST_2021
CUST-02022,Male,35,33.77,Month-to-month,Credit card,No,CUST_2022
CUST-02023,Female,20,76.92,Two year,Bank transfer,No,CUST_2023
CUST-02024,Female,66,20.24,One year,Electronic check,No,CUST_2024
CUST-02025,Male,14,112.59,Month-to-month,Bank transfer,Yes,CUST_2025
CUST-02026,Male,7,103.04,Month-to-month,Electronic check,Yes,CUST_2026
CUST-02027,Male,57,21.38,Month-to-month,Mailed check,No,CUST_2027
CUST-02028,Male,59,24.0,Month-to-month,Credit card,No,CUST_2028
CUST-02029,Female,15,90.66,Month-to-month,Mailed check,Yes,CUST_2029
CUST-02030,Male,14,39.09,Month-to-month,Electronic check,Yes,CUST_2030
CUST-02031,Female,14,70.84,Month-to-month,Mailed check,Yes,CUST_2031
CUST-02032,Female,72,118.21,Two year,Mailed check,No,CUST_2032
CUST-02033,Male,6,83.43,Month-to-month,Bank transfer,Yes,CUST_2033
CUST-02034,Male,65,99.39,Two year,Mailed check,No,CUST_2034
CUST-02035,Male,14,114.38,One year,Credit card,No,CUST_2035
CUST-02036,Male,22,108.3,Two year,Mailed check,No,CUST_2036
CUST-02037,Female,16,99.55,Two year,Bank transfer,No,CUST_2037
CUST-02038,Male,27,114.59,One year,Credit card,Yes,CUST_2038
CUST-02039,Male,47,92.89,One year,Bank transfer,Yes,CUST_2039
CUST-02040,Female,21,48.27,One year,Mailed check,No,CUST_2040
CUST-02041,Male,38,64.78,Month-to-month,Electronic check,Yes,CUST_2041
CUST-02042,Female,57,51.51,Month-to-month,Credit card,No,CUST_2042
CUST-02043,Female,65,68.57,Month-to-month,Mailed check,No,CUST_2043
CUST-02044,Female,64,78.62,One year,Bank transfer,No,CUST_2044
CUST-02045,Female,13,30.45,One year,Credit card,No,CUST_2045
CUST-02046,Female,20,112.53,Two year,Electronic check,No,CUST_2046
CUST-02047,Female,47,118.09,One year,Credit card,No,CUST_2047
CUST-02048,Female,43,89.9,Month-to-month,Bank transfer,No,CUST_2048
CUST-02049,Female,18,77.07,Two year,Electronic check,No,CUST_2049
CUST-02050,Female,16,68.44,Two year,Electronic check,No,CUST_2050
CUST-02051,Female,26,77.43,One year,Credit card,No,CUST_2051
CUST-02052,Male,57,74.17,One year,Credit card,No,CUST_2052
CUST-02053,Female,54,47.78,Two year,Credit card,No,CUST_2053
CUST-02054,Female,1,119.73,Month-to-month,Mailed check,Yes,CUST_2054
CUST-02055,Male,32,98.96,Two year,Credit card,No,CUST_2055
CUST-02056,Female,61,45.77,One year,Bank transfer,No,CUST_2056
CUST-02057,Female,44,111.39,Month-to-month,Electronic check,Yes,CUST_2057
CUST-02058,Female,37,70.61,Month-to-month,Electronic check,Yes,CUST_2058
CUST-02059,Male,65,23.44,Month-to-month,Electronic check,No,CUST_2059
CUST-02060,Male,22,94.01,Month-to-month,Mailed check,Yes,CUST_2060
CUST-02061,Male,11,108.87,Month-to-month,Electronic check,Yes,CUST_2061
CUST-02062,Male,35,101.39,Two year,Mailed check,No,CUST_2062
CUST-02063,Female,48,21.42,Month-to-month,Mailed check,No,CUST_2063
CUST-02064,Female,54,48.21,One year,Electronic check,Yes,CUST_2064
CUST-02065,Female,47,90.22,Two year,Bank transfer,No,CUST_2065
CUST-02066,Male,32,86.18,Month-to-month,Electronic check,Yes,CUST_2066
CUST-02067,Male,20,34.29,One year,Electronic check,No,CUST_2067
CUST-02068,Female,68,61.69,Month-to-month,Bank transfer,Yes,CUST_2068
CUST-02069,Male,54,107.24,Two year,Mailed check,No,CUST_2069
CUST-02070,Female,30,49.66,Two year,Electronic check,No,CUST_2070
CUST-02071,Male,18,32.76,Two year,Credit card,No,CUST_2071
CUST-02072,Female,55,94.53,Month-to-month,Electronic check,No,CUST_2072
CUST-02073,Female,53,117.54,Two year,Credit card,No,CUST_2073
CUST-02074,Female,53,45.73,Month-to-month,Electronic check,Yes,CUST_2074
CUST-02075,Female,59,58.1,One year,Electronic check,No,CUST_2075
CUST-02076,Female,67,33.08,Two year,Credit card,No,CUST_2076
CUST-02077,Female,47,35.69,Two year,Credit card,No,CUST_2077
CUST-02078,Male,4,74.81,Two year,Bank transfer,No,CUST_2078
CUST-02079,Female,57,90.39,Month-to-month,Mailed check,No,CUST_2079
CUST-02080,Male,19,108.05,Month-to-month,Electronic check,Yes,CUST_2080
CUST-02081,Male,2,100.56,Month-to-month,Electronic check,Yes,CUST_2081
CUST-02082,Female,67,27.46,Month-to-month,Electronic check,No,CUST_2082
CUST-02083,Male,9,106.7,Month-to-month,Electronic check,Yes,CUST_2083
CUST-02084,Male,11,30.43,Month-to-month,Electronic check,Yes,CUST_2084
CUST-02085,Male,44,81.59,Month-to-month,Electronic check,Yes,CUST_2085
CUST-02086,Male,41,76.24,One year,Electronic check,No,CUST_2086
CUST-02087,Male,52,53.94,Month-to-month,Electronic check,Yes,CUST_2087
CUST-02088,Male,22,45.15,Month-to-month,Mailed check,No,CUST_2088
CUST-02089,Female,56,20.41,Month-to-month,Mailed check,Yes,CUST_2089
CUST-02090,Male,8,27.32,Two year,Mailed check,No,CUST_2090
CUST-02091,Male,51,88.51,One year,Electronic check,No,CUST_2091
CUST-02092,Male,5,63.69,Month-to-month,Electronic check,No,CUST_2092
CUST-02093,Male,20,89.9,One year,Credit card,No,CUST_2093
CUST-02094,Male,8,111.92,Month-to-month,Mailed check,Yes,CUST_2094
CUST-02095,Male,67,36.33,Month-to-month,Credit card,No,CUST_2095
CUST-02096,Female,38,110.96,One year,Credit card,Yes,CUST_2096
CUST-02097,Female,54,101.66,Two year,Bank transfer,No,CUST_2097
CUST-02098,Male,52,117.22,Month-to-month,Bank transfer,Yes,CUST_2098
CUST-02099,Female,71,90.32,Two year,Electronic check,No,CUST_2099
CUST-02100,Female,39,50.42,Two year,Mailed check,No,CUST_2100
CUST-02101,Male,41,69.77,Month-to-month,Credit card,Yes,CUST_2101
CUST-02102,Male,45,37.26,Month-to-month,Electronic check,Yes,CUST_2102
CUST-02103,Female,2,108.95,Month-to-month,Mailed check,Yes,CUST_2103
CUST-02104,Male,36,83.7,One year,Electronic check,No,CUST_2104
CUST-02105,Male,68,54.1,Month-to-month,Electronic check,No,CUST_2105
CUST-02106,Female,19,91.51,Two year,Bank transfer,No,CUST_2106
CUST-02107,Female,52,94.65,One year,Credit card,No,CUST_2107
CUST-02108,Male,58,89.61,Two year,Electronic check,No,CUST_2108
CUST-02109,Female,27,26.42,Two year,Electronic check,No,CUST_2109
CUST-02110,Male,70,71.34,Month-to-month,Electronic check,No,CUST_2110
CUST-02111,Male,57,70.12,Month-to-month,Credit card,No,CUST_2111
CUST-02112,Male,45,34.13,One year,Mailed check,No,CUST_2112
CUST-02113,Male,52,116.52,Month-to-month,Bank transfer,Yes,CUST_2113
CUST-02114,Male,26,40.5,Month-to-month,Bank transfer,Yes,CUST_2114
CUST-02115,Male,39,72.59,Month-to-month,Electronic check,Yes,CUST_2115
CUST-02116,Female,11,74.6,Month-to-month,Bank transfer,Yes,CUST_2116
CUST-02117,Female,5,68.31,Two year,Bank transfer,No,CUST_2117
CUST-02118,Female,69,52.98,One year,Mailed check,No,CUST_2118
CUST-02119,Female,43,74.67,Two year,Electronic check,No,CUST_2119
CUST-02120,Male,50,104.78,Month-to-month,Electronic check,Yes,CUST_2120
CUST-02121,Female,17,26.74,One year,Mailed check,No,CUST_2121
CUST-02122,Female,67,72.22,Month-to-month,Credit card,No,CUST_2122
CUST-02123,Female,70,58.44,Two year,Electronic check,No,CUST_2123
CUST-02124,Male,37,27.7,Two year,Bank transfer,No,CUST_2124
CUST-02125,Male,28,93.13,Two year,Electronic check,No,CUST_2125
CUST-02126,Female,12,89.79,One year,Electronic check,No,CUST_2126
CUST-02127,Male,66,45.54,One year,Bank transfer,No,CUST_2127
CUST-02128,Male,71,84.24,Month-to-month,Credit card,Yes,CUST_2128
CUST-02129,Male,40,60.08,Month-to-month,Mailed check,No,CUST_2129
CUST-02130,Female,67,66.75,Month-to-month,Bank transfer,Yes,CUST_2130
CUST-02131,Female,44,117.95,Month-to-month,Credit card,Yes,CUST_2131
CUST-02132,Female,21,79.95,Month-to-month,Electronic check,Yes,CUST_2132
CUST-02133,Female,3,117.25,Two year,Credit card,No,CUST_2133
CUST-02134,Male,4,116.85,Month-to-month,Electronic check,Yes,CUST_2134
CUST-02135,Male,70,59.14,Month-to-month,Electronic check,Yes,CUST_2135
CUST-02136,Male,34,95.3,Month-to-month,Bank transfer,No,CUST_2136
CUST-02137,Male,31,52.46,Month-to-month,Mailed check,No,CUST_2137
CUST-02138,Female,39,62.84,Two year,Credit card,No,CUST_2138
CUST-02139,Female,55,64.38,Two year,Electronic check,No,CUST_2139
CUST-02140,Female,65,46.93,One year,Credit card,No,CUST_2140
CUST-02141,Male,15,97.5,Month-to-month,Electronic check,No,CUST_2141
CUST-02142,Male,8,58.68,Month-to-month,Mailed check,No,CUST_2142
CUST-02143,Male,48,108.36,Two year,Credit card,No,CUST_2143
CUST-02144,Male,34,74.16,Month-to-month,Mailed check,No,CUST_2144
CUST-02145,Female,65,117.11,Two year,Electronic check,No,CUST_2145
CUST-02146,Female,46,105.63,Two year,Electronic check,No,CUST_2146
CUST-02147,Male,16,105.81,Month-to-month,Credit card,Yes,CUST_2147
CUST-02148,Male,7,64.48,Two year,Mailed check,No,CUST_2148
CUST-02149,Female,16,40.13,Two year,Mailed check,No,CUST_2149
CUST-02150,Male,58,100.4,Month-to-month,Credit card,Yes,CUST_2150
CUST-02151,Male,39,25.07,Two year,Bank transfer,No,CUST_2151
CUST-02152,Female,1,74.3,Month-to-month,Bank transfer,Yes,CUST_2152
CUST-02153,Male,59,77.39,Two year,Credit card,No,CUST_2153
CUST-02154,Male,44,34.07,Two year,Credit card,No,CUST_2154
CUST-02155,Male,31,28.37,Month-to-month,Credit card,Yes,CUST_2155
CUST-02156,Female,69,60.08,Month-to-month,Electronic check,Yes,CUST_2156
CUST-02157,Male,30,20.74,Month-to-month,Mailed check,No,CUST_2157
CUST-02158,Female,45,61.87,Month-to-month,Electronic check,Yes,CUST_2158
CUST-02159,Male,39,55.63,Two year,Mailed check,No,CUST_2159
CUST-02160,Male,37,51.87,One year,Credit card,No,CUST_2160
CUST-02161,Female,18,64.96,Month-to-month,Credit card,Yes,CUST_2161
CUST-02162,Female,49,70.66,Two year,Electronic check,No,CUST_2162
CUST-02163,Female,67,115.11,Month-to-month,Bank transfer,Yes,CUST_2163
CUST-02164,Male,32,53.05,One year,Electronic check,Yes,CUST_2164
CUST-02165,Male,14,86.55,Month-to-month,Bank transfer,Yes,CUST_2165
CUST-02166,Female,42,72.27,Month-to-month,Mailed check,Yes,CUST_2166
CUST-02167,Male,67,59.86,Month-to-month,Mailed check,Yes,CUST_2167
CUST-02168,Male,25,52.78,Two year,Electronic check,No,CUST_2168
CUST-02169,Female,47,95.86,One year,Mailed check,Yes,CUST_2169
CUST-02170,Male,59,108.85,Month-to-month,Electronic check,Yes,CUST_2170
CUST-02171,Male,13,55.21,Two year,Mailed check,No,CUST_2171
CUST-02172,Female,19,119.12,Month-to-month,Mailed check,Yes,CUST_2172
CUST-02173,Female,55,37.21,Month-to-month,Bank transfer,No,CUST_2173
CUST-02174,Female,53,67.03,Month-to-month,Mailed check,No,CUST_2174
CUST-02175,Male,11,47.46,Month-to-month,Mailed check,Yes,CUST_2175
CUST-02176,Female,12,20.68,Month-to-month,Mailed check,Yes,CUST_2176
CUST-02177,Female,8,58.64,Month-to-month,Mailed check,Yes,CUST_2177
CUST-02178,Female,55,64.64,Two year,Electronic check,No,CUST_2178
CUST-02179,Male,17,72.1,Month-to-month,Electronic check,Yes,CUST_2179
CUST-02180,Female,61,100.93,Month-to-month,Mailed check,No,CUST_2180
CUST-02181,Female,28,100.84,Month-to-month,Mailed check,Yes,CUST_2181
CUST-02182,Female,58,105.58,Two year,Credit card,No,CUST_2182
CUST-02183,Male,10,49.12,Month-to-month,Mailed check,No,CUST_2183
CUST-02184,Female,48,25.75,Month-to-month,Mailed check,No,CUST_2184
CUST-02185,Male,68,27.13,Month-to-month,Credit card,No,CUST_2185
CUST-02186,Female,52,58.26,Month-to-month,Bank transfer,Yes,CUST_2186
CUST-02187,Male,72,45.54,Two year,Mailed check,No,CUST_2187
CUST-02188,Male,67,30.65,One year,Bank transfer,No,CUST_2188
CUST-02189,Male,51,37.51,Month-to-month,Mailed check,Yes,CUST_2189
CUST-02190,Female,34,45.67,One year,Mailed check,Yes,CUST_2190
CUST-02191,Male,64,50.25,One year,Mailed check,No,CUST_2191
CUST-02192,Female,55,26.87,Two year,Electronic check,No,CUST_2192
CUST-02193,Male,57,71.23,Two year,Mailed check,No,CUST_2193
CUST-02194,Female,63,81.16,Month-to-month,Electronic check,Yes,CUST_2194
CUST-02195,Female,54,113.3,Two year,Mailed check,No,CUST_2195
CUST-02196,Female,21,20.49,One year,Mailed check,No,CUST_2196
CUST-02197,Male,19,100.17,Two year,Bank transfer,No,CUST_2197
CUST-02198,Male,65,103.32,Month-to-month,Electronic check,No,CUST_2198
CUST-02199,Male,17,40.16,Two year,Electronic check,No,CUST_2199
CUST-02200,Female,63,60.65,Month-to-month,Electronic check,Yes,CUST_2200
CUST-02201,Female,59,73.44,Month-to-month,Mailed check,Yes,CUST_2201
CUST-02202,Female,17,62.58,Month-to-month,Bank transfer,No,CUST_2202
CUST-02203,Female,66,71.26,Month-to-month,Credit card,No,CUST_2203
CUST-02204,Male,68,43.34,Month-to-month,Mailed check,No,CUST_2204
CUST-02205,Male,16,51.83,Month-to-month,Credit card,Yes,CUST_2205
CUST-02206,Male,28,67.0,One year,Mailed check,No,CUST_2206
CUST-02207,Male,59,24.19,Month-to-month,Mailed check,No,CUST_2207
CUST-02208,Female,61,26.35,One year,Credit card,No,CUST_2208
CUST-02209,Female,5,21.99,Month-to-month,Mailed check,Yes,CUST_2209
CUST-02210,Female,21,44.52,One year,Electronic check,No,CUST_2210
CUST-02211,Male,72,39.4,Two year,Electronic check,No,CUST_2211
CUST-02212,Male,48,108.19,Month-to-month,Credit card,Yes,CUST_2212
CUST-02213,Male,16,49.83,Month-to-month,Bank transfer,Yes,CUST_2213
CUST-02214,Female,53,113.66,Month-to-month,Credit card,Yes,CUST_2214
CUST-02215,Male,15,35.39,Month-to-month,Mailed check,No,CUST_2215
CUST-02216,Female,16,41.22,Two year,Credit card,No,CUST_2216
CUST-02217,Female,48,84.3,One year,Credit card,Yes,CUST_2217
CUST-02218,Male,38,26.08,Month-to-month,Bank transfer,Yes,CUST_2218
CUST-02219,Female,6,24.52,Two year,Mailed check,No,CUST_2219
CUST-02220,Female,67,89.37,Two year,Mailed check,No,CUST_2220
CUST-02221,Female,20,93.13,Month-to-month,Credit card,Yes,CUST_2221
CUST-02222,Male,16,74.06,Month-to-month,Electronic check,Yes,CUST_2222
CUST-02223,Male,48,93.59,Month-to-month,Mailed check,Yes,CUST_2223
CUST-02224,Male,40,42.33,Month-to-month,Electronic check,Yes,CUST_2224
CUST-02225,Female,48,118.31,Two year,Electronic check,No,CUST_2225
CUST-02226,Male,39,97.69,One year,Bank transfer,No,CUST_2226
CUST-02227,Male,38,47.8,Month-to-month,Mailed check,Yes,CUST_2227
CUST-02228,Female,63,26.92,Month-to-month,Mailed check,No,CUST_2228
CUST-02229,Female,4,46.91,Month-to-month,Electronic check,Yes,CUST_2229
CUST-02230,Female,19,77.84,Month-to-month,Electronic check,No,CUST_2230
CUST-02231,Female,19,78.39,One year,Mailed check,No,CUST_2231
CUST-02232,Male,54,63.33,Month-to-month,Bank transfer,Yes,CUST_2232
CUST-02233,Male,7,26.62,Month-to-month,Bank transfer,Yes,CUST_2233
CUST-02234,Male,40,80.74,Month-to-month,Electronic check,Yes,CUST_2234
CUST-02235,Female,37,79.64,Two year,Electronic check,No,CUST_2235
CUST-02236,Female,28,106.8,One year,Bank transfer,No,CUST_2236
CUST-02237,Female,24,111.93,Month-to-month,Mailed check,Yes,CUST_2237
CUST-02238,Female,63,109.53,Month-to-month,Electronic check,Yes,CUST_2238
CUST-02239,Female,1,107.76,Month-to-month,Electronic check,Yes,CUST_2239
CUST-02240,Male,16,33.49,Month-to-month,Electronic check,No,CUST_2240
CUST-02241,Female,71,47.27,Month-to-month,Bank transfer,Yes,CUST_2241
CUST-02242,Female,45,119.0,Month-to-month,Mailed check,Yes,CUST_2242
CUST-02243,Male,9,75.52,Two year,Mailed check,No,CUST_2243
CUST-02244,Female,6,30.95,Month-to-month,Electronic check,Yes,CUST_2244
CUST-02245,Male,54,56.26,Month-to-month,Electronic check,Yes,CUST_2245
CUST-02246,Female,62,80.94,Two year,Bank transfer,No,CUST_2246
CUST-02247,Male,40,72.66,Month-to-month,Credit card,Yes,CUST_2247
CUST-02248,Male,58,49.88,Two year,Credit card,No,CUST_2248
CUST-02249,Female,44,111.44,Two year,Bank transfer,No,CUST_2249
CUST-02250,Male,49,66.4,Month-to-month,Mailed check,Yes,CUST_2250
CUST-02251,Female,61,55.39,Month-to-month,Credit card,No,CUST_2251
CUST-02252,Female,17,97.01,Two year,Electronic check,No,CUST_2252
CUST-02253,Female,18,95.18,Month-to-month,Mailed check,Yes,CUST_2253
CUST-02254,Female,65,69.21,Month-to-month,Bank transfer,No,CUST_2254
CUST-02255,Female,59,118.79,Month-to-month,Mailed check,Yes,CUST_2255
CUST-02256,Female,58,117.37,Two year,Credit card,No,CUST_2256
CUST-02257,Female,58,21.42,One year,Electronic check,No,CUST_2257
CUST-02258,Male,20,52.19,Month-to-month,Mailed check,Yes,CUST_2258
CUST-02259,Female,42,84.02,Month-to-month,Mailed check,Yes,CUST_2259
CUST-02260,Female,12,115.33,Two year,Electronic check,Yes,CUST_2260
CUST-02261,Male,53,77.3,One year,Mailed check,No,CUST_2261
CUST-02262,Female,50,87.68,Month-to-month,Electronic check,Yes,CUST_2262
CUST-02263,Female,30,108.83,Month-to-month,Credit card,Yes,CUST_2263
CUST-02264,Male,51,78.45,Two year,Mailed check,No,CUST_2264
CUST-02265,Female,44,82.79,Month-to-month,Electronic check,Yes,CUST_2265
CUST-02266,Female,70,74.85,One year,Mailed check,No,CUST_2266
CUST-02267,Female,6,34.04,One year,Credit card,No,CUST_2267
CUST-02268,Female,57,118.26,One year,Electronic check,No,CUST_2268
CUST-02269,Male,36,20.11,Month-to-month,Bank transfer,Yes,CUST_2269
CUST-02270,Female,12,91.72,One year,Electronic check,No,CUST_2270
CUST-02271,Female,22,45.1,Month-to-month,Bank transfer,No,CUST_2271
CUST-02272,Female,4,34.71,Month-to-month,Electronic check,Yes,CUST_2272
CUST-02273,Female,40,107.19,One year,Electronic check,No,CUST_2273
CUST-02274,Female,72,105.66,Month-to-month,Electronic check,Yes,CUST_2274
CUST-02275,Male,16,100.14,One year,Electronic check,Yes,CUST_2275
CUST-02276,Male,72,116.94,Month-to-month,Credit card,No,CUST_2276
CUST-02277,Male,11,55.38,One year,Electronic check,No,CUST_2277
CUST-02278,Male,25,73.04,Month-to-month,Credit card,Yes,CUST_2278
CUST-02279,Female,70,117.5,Two year,Credit card,No,CUST_2279
CUST-02280,Male,7,33.99,Month-to-month,Mailed check,Yes,CUST_2280
CUST-02281,Female,67,72.06,Two year,Credit card,No,CUST_2281
CUST-02282,Female,25,81.05,Month-to-month,Bank transfer,No,CUST_2282
CUST-02283,Male,61,107.1,Month-to-month,Credit card,No,CUST_2283
CUST-02284,Female,65,66.86,Month-to-month,Credit card,No,CUST_2284
CUST-02285,Female,3,104.44,One year,Electronic check,No,CUST_2285
CUST-02286,Male,16,35.36,Two year,Electronic check,No,CUST_2286
CUST-02287,Female,69,42.74,One year,Mailed check,No,CUST_2287
CUST-02288,Male,24,76.35,Two year,Bank transfer,No,CUST_2288
CUST-02289,Female,3,64.0,One year,Credit card,No,CUST_2289
CUST-02290,Male,36,65.98,Two year,Mailed check,No,CUST_2290
CUST-02291,Female,27,48.57,Two year,Electronic check,No,CUST_2291
CUST-02292,Female,32,63.68,Month-to-month,Electronic check,Yes,CUST_2292
CUST-02293,Male,57,56.26,One year,Mailed check,No,CUST_2293
CUST-02294,Female,11,56.53,Two year,Electronic check,No,CUST_2294
CUST-02295,Female,69,114.86,Month-to-month,Credit card,No,CUST_2295
CUST-02296,Female,42,85.63,Month-to-month,Electronic check,Yes,CUST_2296
CUST-02297,Female,52,26.67,Month-to-month,Credit card,Yes,CUST_2297
CUST-02298,Male,6,109.94,Month-to-month,Mailed check,Yes,CUST_2298
CUST-02299,Female,63,93.78,Two year,Credit card,No,CUST_2299
CUST-02300,Male,3,119.34,Month-to-month,Bank transfer,Yes,CUST_2300
CUST-02301,Male,44,88.67,Two year,Electronic check,No,CUST_2301
CUST-02302,Male,56,92.16,Two year,Electronic check,No,CUST_2302
CUST-02303,Female,24,40.15,Month-to-month,Bank transfer,Yes,CUST_2303
CUST-02304,Male,54,70.09,Two year,Credit card,No,CUST_2304
CUST-02305,Male,4,95.46,Month-to-month,Bank transfer,Yes,CUST_2305
CUST-02306,Female,68,32.91,Month-to-month,Bank transfer,No,CUST_2306
CUST-02307,Female,41,80.64,Month-to-month,Electronic check,Yes,CUST_2307
CUST-02308,Female,49,98.67,One year,Electronic check,No,CUST_2308
CUST-02309,Male,33,72.0,One year,Mailed check,No,CUST_2309
CUST-02310,Male,12,59.64,Month-to-month,Electronic check,Yes,CUST_2310
CUST-02311,Male,15,71.43,Month-to-month,Electronic check,Yes,CUST_2311
CUST-02312,Female,13,113.76,Two year,Mailed check,No,CUST_2312
CUST-02313,Male,70,30.6,Month-to-month,Credit card,No,CUST_2313
CUST-02314,Male,22,62.03,Month-to-month,Credit card,Yes,CUST_2314
CUST-02315,Female,37,44.47,Two year,Bank transfer,No,CUST_2315
CUST-02316,Female,19,96.65,Two year,Electronic check,No,CUST_2316
CUST-02317,Female,24,36.83,Month-to-month,Mailed check,No,CUST_2317
CUST-02318,Female,33,109.15,Month-to-month,Bank transfer,Yes,CUST_2318
CUST-02319,Male,12,23.11,Two year,Electronic check,No,CUST_2319
CUST-02320,Female,20,84.28,Two year,Mailed check,No,CUST_2320
CUST-02321,Male,40,92.26,Month-to-month,Credit card,No,CUST_2321
CUST-02322,Female,53,57.67,Two year,Credit card,No,CUST_2322
CUST-02323,Male,22,82.27,Month-to-month,Mailed check,No,CUST_2323
CUST-02324,Female,8,48.0,Month-to-month,Credit card,Yes,CUST_2324
CUST-02325,Female,42,65.92,Month-to-month,Electronic check,Yes,CUST_2325
CUST-02326,Male,24,103.86,Month-to-month,Electronic check,Yes,CUST_2326
CUST-02327,Male,4,49.25,Two year,Mailed check,No,CUST_2327
CUST-02328,Male,8,71.64,Two year,Credit card,No,CUST_2328
CUST-02329,Female,39,29.87,Month-to-month,Mailed check,No,CUST_2329
CUST-02330,Female,50,118.22,One year,Bank transfer,No,CUST_2330
CUST-02331,Female,13,39.25,Month-to-month,Electronic check,No,CUST_2331
CUST-02332,Female,41,20.25,Month-to-month,Mailed check,Yes,CUST_2332
CUST-02333,Male,19,60.29,Month-to-month,Credit card,No,CUST_2333
CUST-02334,Female,53,104.34,One year,Credit card,Yes,CUST_2334
CUST-02335,Female,42,41.36,Two year,Bank transfer,No,CUST_2335
CUST-02336,Female,34,116.66,Two year,Credit card,Yes,CUST_2336
CUST-02337,Male,49,111.48,Two year,Mailed check,No,CUST_2337
CUST-02338,Female,16,28.65,Month-to-month,Electronic check,Yes,CUST_2338
CUST-02339,Female,7,29.23,Two year,Bank transfer,Yes,CUST_2339
CUST-02340,Female,26,101.2,Two year,Bank transfer,Yes,CUST_2340
CUST-02341,Male,31,112.33,Month-to-month,Electronic check,No,CUST_2341
CUST-02342,Female,31,99.82,Month-to-month,Bank transfer,Yes,CUST_2342
CUST-02343,Male,64,29.03,One year,Bank transfer,No,CUST_2343
CUST-02344,Male,66,74.09,Two year,Mailed check,No,CUST_2344
CUST-02345,Male,65,34.96,Month-to-month,Mailed check,No,CUST_2345
CUST-02346,Female,50,97.89,One year,Mailed check,No,CUST_2346
CUST-02347,Male,15,108.64,Month-to-month,Electronic check,Yes,CUST_2347
CUST-02348,Male,35,102.33,Two year,Credit card,No,CUST_2348
CUST-02349,Male,8,102.17,One year,Electronic check,Yes,CUST_2349
CUST-02350,Male,41,76.31,Month-to-month,Mailed check,Yes,CUST_2350
CUST-02351,Male,60,61.43,Month-to-month,Electronic check,No,CUST_2351
CUST-02352,Female,71,74.88,Month-to-month,Mailed check,No,CUST_2352
CUST-02353,Female,53,103.6,Month-to-month,Electronic check,Yes,CUST_2353
CUST-02354,Female,9,113.36,One year,Credit card,Yes,CUST_2354
CUST-02355,Male,62,112.79,Two year,Electronic check,No,CUST_2355
CUST-02356,Female,4,43.56,Month-to-month,Bank transfer,Yes,CUST_2356
CUST-02357,Male,53,66.02,Month-to-month,Bank transfer,No,CUST_2357
CUST-02358,Male,30,34.44,One year,Credit card,No,CUST_2358
CUST-02359,Female,3,85.38,One year,Credit card,No,CUST_2359
CUST-02360,Female,35,31.9,Two year,Electronic check,No,CUST_2360
CUST-02361,Male,71,82.47,Month-to-month,Electronic check,No,CUST_2361
CUST-02362,Male,13,114.58,Two year,Mailed check,No,CUST_2362
CUST-02363,Female,32,22.7,One year,Electronic check,No,CUST_2363
CUST-02364,Female,72,35.15,Month-to-month,Bank transfer,Yes,CUST_2364
CUST-02365,Female,17,37.13,Two year,Bank transfer,No,CUST_2365
CUST-02366,Male,39,67.15,Month-to-month,Electronic check,Yes,CUST_2366
CUST-02367,Male,53,102.75,Month-to-month,Electronic check,Yes,CUST_2367
CUST-02368,Male,58,25.66,Month-to-month,Electronic check,No,CUST_2368
CUST-02369,Female,11,90.84,Two year,Bank transfer,No,CUST_2369
CUST-02370,Male,65,99.66,Month-to-month,Bank transfer,No,CUST_2370
CUST-02371,Male,27,117.85,Month-to-month,Mailed check,Yes,CUST_2371
CUST-02372,Male,19,51.64,Month-to-month,Bank transfer,No,CUST_2372
CUST-02373,Female,48,47.27,Month-to-month,Electronic check,No,CUST_2373
CUST-02374,Female,70,99.95,Month-to-month,Credit card,No,CUST_2374
CUST-02375,Male,22,74.22,Month-to-month,Electronic check,Yes,CUST_2375
CUST-02376,Female,32,83.78,One year,Credit card,No,CUST_2376
CUST-02377,Male,69,25.56,Month-to-month,Bank transfer,No,CUST_2377
CUST-02378,Female,55,108.86,Month-to-month,Mailed check,Yes,CUST_2378
CUST-02379,Female,72,48.06,One year,Electronic check,Yes,CUST_2379
CUST-02380,Female,58,66.6,One year,Bank transfer,No,CUST_2380
CUST-02381,Female,6,64.66,Month-to-month,Credit card,Yes,CUST_2381
CUST-02382,Female,1,52.3,One year,Electronic check,No,CUST_2382
CUST-02383,Male,60,45.95,One year,Credit card,Yes,CUST_2383
CUST-02384,Female,38,82.71,Month-to-month,Mailed check,Yes,CUST_2384
CUST-02385,Female,22,64.52,Two year,Electronic check,No,CUST_2385
CUST-02386,Female,1,69.64,Month-to-month,Credit card,Yes,CUST_2386
CUST-02387,Male,8,51.39,Month-to-month,Credit card,Yes,CUST_2387
CUST-02388,Female,62,79.33,Month-to-month,Mailed check,No,CUST_2388
CUST-02389,Male,35,27.74,Two year,Bank transfer,No,CUST_2389
CUST-02390,Male,33,101.85,Two year,Mailed check,No,CUST_2390
CUST-02391,Female,49,106.49,Two year,Mailed check,No,CUST_2391
CUST-02392,Male,45,74.08,Month-to-month,Electronic check,Yes,CUST_2392
CUST-02393,Male,28,88.55,Month-to-month,Bank transfer,No,CUST_2393
CUST-02394,Female,66,104.3,Month-to-month,Electronic check,Yes,CUST_2394
CUST-02395,Male,37,94.89,One year,Electronic check,No,CUST_2395
CUST-02396,Male,6,66.28,Month-to-month,Mailed check,Yes,CUST_2396
CUST-02397,Female,21,26.63,Month-to-month,Electronic check,No,CUST_2397
CUST-02398,Male,69,78.32,Month-to-month,Electronic check,Yes,CUST_2398
CUST-02399,Female,9,52.04,Two year,Electronic check,No,CUST_2399
CUST-02400,Female,39,80.25,Month-to-month,Credit card,No,CUST_2400
CUST-02401,Male,12,75.78,Month-to-month,Mailed check,Yes,CUST_2401
CUST-02402,Female,51,50.25,One year,Credit card,No,CUST_2402
CUST-02403,Female,16,70.99,One year,Credit card,Yes,CUST_2403
CUST-02404,Male,18,80.85,One year,Credit card,No,CUST_2404
CUST-02405,Female,72,91.22,Month-to-month,Electronic check,Yes,CUST_2405
CUST-02406,Male,36,59.06,Month-to-month,Credit card,Yes,CUST_2406
CUST-02407,Male,56,60.5,Month-to-month,Mailed check,Yes,CUST_2407
CUST-02408,Female,27,74.99,Month-to-month,Electronic check,No,CUST_2408
CUST-02409,Female,65,70.55,One year,Electronic check,No,CUST_2409
CUST-02410,Male,41,75.05,Month-to-month,Credit card,No,CUST_2410
CUST-02411,Male,44,64.33,Month-to-month,Credit card,Yes,CUST_2411
CUST-02412,Female,34,40.54,Two year,Bank transfer,No,CUST_2412
CUST-02413,Female,58,22.29,One year,Mailed check,Yes,CUST_2413
CUST-02414,Male,35,35.56,Month-to-month,Mailed check,No,CUST_2414
CUST-02415,Female,32,21.69,Month-to-month,Electronic check,Yes,CUST_2415
CUST-02416,Male,42,67.9,Two year,Electronic check,No,CUST_2416
CUST-02417,Female,44,27.93,Month-to-month,Credit card,Yes,CUST_2417
CUST-02418,Male,27,43.78,One year,Electronic check,No,CUST_2418
CUST-02419,Male,59,59.91,Month-to-month,Mailed check,No,CUST_2419
CUST-02420,Female,43,30.88,Two year,Bank transfer,No,CUST_2420
CUST-02421,Female,3,31.45,Two year,Electronic check,No,CUST_2421
CUST-02422,Female,18,83.16,One year,Electronic check,Yes,CUST_2422
CUST-02423,Female,1,86.79,Two year,Credit card,No,CUST_2423
CUST-02424,Female,61,22.79,Two year,Credit card,No,CUST_2424
CUST-02425,Female,1,104.97,Month-to-month,Electronic check,Yes,CUST_2425
CUST-02426,Female,2,93.82,Two year,Electronic check,Yes,CUST_2426
CUST-02427,Male,23,74.72,Month-to-month,Bank transfer,Yes,CUST_2427
CUST-02428,Male,53,100.73,One year,Electronic check,Yes,CUST_2428
CUST-02429,Male,72,29.98,Month-to-month,Electronic check,Yes,CUST_2429
CUST-02430,Male,63,112.84,Month-to-month,Credit card,Yes,CUST_2430
CUST-02431,Female,51,84.7,One year,Electronic check,No,CUST_2431
CUST-02432,Male,69,74.0,Two year,Electronic check,No,CUST_2432
CUST-02433,Female,11,84.36,Month-to-month,Credit card,Yes,CUST_2433
CUST-02434,Male,10,104.73,Month-to-month,Credit card,Yes,CUST_2434
CUST-02435,Female,69,98.41,Month-to-month,Mailed check,Yes,CUST_2435
CUST-02436,Male,4,29.83,Month-to-month,Mailed check,Yes,CUST_2436
CUST-02437,Female,57,96.7,One year,Mailed check,Yes,CUST_2437
CUST-02438,Female,16,101.55,Two year,Bank transfer,No,CUST_2438
CUST-02439,Male,46,22.66,Two year,Bank transfer,No,CUST_2439
CUST-02440,Male,49,102.75,Month-to-month,Electronic check,Yes,CUST_2440
CUST-02441,Female,46,20.7,Two year,Credit card,No,CUST_2441
CUST-02442,Female,50,60.18,Month-to-month,Bank transfer,No,CUST_2442
CUST-02443,Male,23,91.53,One year,Mailed check,Yes,CUST_2443
CUST-02444,Female,2,104.98,Month-to-month,Mailed check,Yes,CUST_2444
CUST-02445,Male,16,79.6,Month-to-month,Bank transfer,Yes,CUST_2445
CUST-02446,Female,60,107.31,Month-to-month,Electronic check,Yes,CUST_2446
CUST-02447,Male,48,24.71,Two year,Bank transfer,No,CUST_2447
CUST-02448,Male,25,78.61,Two year,Mailed check,No,CUST_2448
CUST-02449,Female,57,41.94,One year,Bank transfer,No,CUST_2449
CUST-02450,Male,2,97.93,Two year,Credit card,No,CUST_2450
CUST-02451,Female,29,78.95,One year,Electronic check,No,CUST_2451
CUST-02452,Female,3,34.4,Month-to-month,Credit card,Yes,CUST_2452
CUST-02453,Female,36,75.33,One year,Electronic check,No,CUST_2453
CUST-02454,Male,46,109.35,Month-to-month,Credit card,Yes,CUST_2454
CUST-02455,Female,25,42.39,Month-to-month,Bank transfer,Yes,CUST_2455
CUST-02456,Male,12,110.53,Month-to-month,Credit card,Yes,CUST_2456
CUST-02457,Male,39,71.14,One year,Credit card,Yes,CUST_2457
CUST-02458,Male,29,112.97,Month-to-month,Bank transfer,Yes,CUST_2458
CUST-02459,Female,30,63.67,One year,Electronic check,No,CUST_2459
CUST-02460,Female,64,50.38,Month-to-month,Credit card,No,CUST_2460
CUST-02461,Male,47,110.21,Month-to-month,Bank transfer,Yes,CUST_2461
CUST-02462,Male,5,112.13,Month-to-month,Credit card,Yes,CUST_2462
CUST-02463,Male,36,44.26,Two year,Mailed check,No,CUST_2463
CUST-02464,Male,64,51.62,Two year,Credit card,No,CUST_2464
CUST-02465,Male,27,62.07,Month-to-month,Electronic check,Yes,CUST_2465
CUST-02466,Female,1,52.79,One year,Credit card,No,CUST_2466
CUST-02467,Female,26,71.1,One year,Bank transfer,No,CUST_2467
CUST-02468,Male,51,61.38,One year,Bank transfer,No,CUST_2468
CUST-02469,Female,15,71.86,Two year,Electronic check,No,CUST_2469
CUST-02470,Female,36,92.96,One year,Electronic check,No,CUST_2470
CUST-02471,Female,65,42.53,Month-to-month,Electronic check,No,CUST_2471
CUST-02472,Female,64,117.44,Month-to-month,Credit card,Yes,CUST_2472
CUST-02473,Male,22,53.83,Two year,Credit card,No,CUST_2473
CUST-02474,Male,71,89.05,One year,Credit card,No,CUST_2474
CUST-02475,Female,25,21.33,Month-to-month,Electronic check,Yes,CUST_2475
CUST-02476,Male,23,68.68,Month-to-month,Bank transfer,Yes,CUST_2476
CUST-02477,Female,9,43.61,Two year,Bank transfer,No,CUST_2477
CUST-02478,Male,17,30.16,Month-to-month,Mailed check,No,CUST_2478
CUST-02479,Male,9,37.08,One year,Mailed check,No,CUST_2479
CUST-02480,Male,17,100.54,One year,Credit card,No,CUST_2480
CUST-02481,Male,34,109.88,One year,Electronic check,No,CUST_2481
CUST-02482,Female,30,41.8,Two year,Mailed check,No,CUST_2482
CUST-02483,Male,67,52.29,One year,Electronic check,No,CUST_2483
CUST-02484,Female,36,54.03,Month-to-month,Credit card,Yes,CUST_2484
CUST-02485,Female,25,24.27,One year,Electronic check,No,CUST_2485
CUST-02486,Male,3,104.42,Month-to-month,Mailed check,Yes,CUST_2486
CUST-02487,Female,69,51.83,Month-to-month,Electronic check,Yes,CUST_2487
CUST-02488,Female,33,87.61,Two year,Electronic check,No,CUST_2488
CUST-02489,Female,72,23.27,Month-to-month,Mailed check,No,CUST_2489
CUST-02490,Female,59,32.7,Month-to-month,Electronic check,Yes,CUST_2490
CUST-02491,Male,1,29.36,Two year,Mailed check,No,CUST_2491
CUST-02492,Male,55,67.84,One year,Bank transfer,No,CUST_2492
CUST-02493,Female,7,80.35,Month-to-month,Bank transfer,Yes,CUST_2493
CUST-02494,Female,42,107.72,Two year,Bank transfer,No,CUST_2494
CUST-02495,Female,56,42.26,Month-to-month,Credit card,No,CUST_2495
CUST-02496,Female,53,47.38,Month-to-month,Bank transfer,No,CUST_2496
CUST-02497,Female,36,102.22,One year,Credit card,Yes,CUST_2497
CUST-02498,Female,16,46.34,Month-to-month,Electronic check,Yes,CUST_2498
CUST-02499,Male,67,51.12,Month-to-month,Credit card,No,CUST_2499
CUST-02500,Male,60,118.19,Month-to-month,Electronic check,Yes,CUST_2500
CUST-02501,Female,64,73.74,Month-to-month,Bank transfer,No,CUST_2501
CUST-02502,Female,47,30.47,Month-to-month,Electronic check,Yes,CUST_2502
CUST-02503,Male,67,27.63,Two year,Electronic check,No,CUST_2503
CUST-02504,Female,6,26.39,Month-to-month,Bank transfer,Yes,CUST_2504
CUST-02505,Male,29,108.78,One year,Electronic check,No,CUST_2505
CUST-02506,Female,7,115.1,Month-to-month,Credit card,Yes,CUST_2506
CUST-02507,Male,36,85.14,Two year,Electronic check,No,CUST_2507
CUST-02508,Female,54,90.16,Month-to-month,Electronic check,Yes,CUST_2508
CUST-02509,Female,69,95.25,Two year,Electronic check,No,CUST_2509
CUST-02510,Female,58,113.62,Month-to-month,Electronic check,Yes,CUST_2510
CUST-02511,Female,41,117.78,One year,Electronic check,No,CUST_2511
CUST-02512,Female,1,99.33,One year,Electronic check,Yes,CUST_2512
CUST-02513,Male,51,105.08,Two year,Bank transfer,No,CUST_2513
CUST-02514,Female,25,39.85,Month-to-month,Credit card,Yes,CUST_2514
CUST-02515,Female,43,73.58,One year,Electronic check,No,CUST_2515
CUST-02516,Male,11,64.4,Two year,Electronic check,No,CUST_2516
CUST-02517,Male,4,52.43,One year,Electronic check,Yes,CUST_2517
CUST-02518,Male,29,95.01,One year,Bank transfer,Yes,CUST_2518
CUST-02519,Female,55,101.91,Two year,Electronic check,No,CUST_2519
CUST-02520,Male,10,97.64,Two year,Electronic check,Yes,CUST_2520
CUST-02521,Male,32,80.17,Month-to-month,Bank transfer,No,CUST_2521
CUST-02522,Male,26,94.37,Month-to-month,Credit card,Yes,CUST_2522
CUST-02523,Female,22,78.28,Month-to-month,Bank transfer,Yes,CUST_2523
CUST-02524,Female,43,63.79,Month-to-month,Electronic check,Yes,CUST_2524
CUST-02525,Male,40,107.27,Month-to-month,Mailed check,Yes,CUST_2525
CUST-02526,Female,9,81.79,Two year,Electronic check,No,CUST_2526
CUST-02527,Male,13,73.77,Two year,Bank transfer,No,CUST_2527
CUST-02528,Male,4,107.37,Month-to-month,Credit card,Yes,CUST_2528
CUST-02529,Female,62,34.21,Month-to-month,Bank transfer,No,CUST_2529
CUST-02530,Male,56,83.88,Two year,Electronic check,No,CUST_2530
CUST-02531,Female,4,50.26,Month-to-month,Electronic check,Yes,CUST_2531
CUST-02532,Male,43,97.8,Month-to-month,Mailed check,Yes,CUST_2532
CUST-02533,Female,33,46.7,One year,Electronic check,No,CUST_2533
CUST-02534,Female,32,62.64,One year,Mailed check,No,CUST_2534
CUST-02535,Male,14,49.19,Two year,Mailed check,No,CUST_2535
CUST-02536,Female,61,61.2,Month-to-month,Credit card,Yes,CUST_2536
CUST-02537,Male,31,67.3,Two year,Electronic check,No,CUST_2537
CUST-02538,Male,44,101.02,Month-to-month,Electronic check,Yes,CUST_2538
CUST-02539,Female,7,22.47,Month-to-month,Mailed check,Yes,CUST_2539
CUST-02540,Female,43,96.13,Month-to-month,Credit card,Yes,CUST_2540
CUST-02541,Male,67,43.19,Month-to-month,Credit card,No,CUST_2541
CUST-02542,Female,31,97.22,Month-to-month,Mailed check,Yes,CUST_2542
CUST-02543,Male,10,92.56,Month-to-month,Electronic check,Yes,CUST_2543
CUST-02544,Male,57,62.73,Month-to-month,Mailed check,Yes,CUST_2544
CUST-02545,Male,13,49.82,Month-to-month,Mailed check,Yes,CUST_2545
CUST-02546,Male,58,22.16,Month-to-month,Electronic check,Yes,CUST_2546
CUST-02547,Female,16,63.2,Month-to-month,Bank transfer,Yes,CUST_2547
CUST-02548,Male,11,113.76,One year,Credit card,Yes,CUST_2548
CUST-02549,Male,8,81.32,Month-to-month,Credit card,Yes,CUST_2549
CUST-02550,Male,5,67.98,One year,Mailed check,No,CUST_2550
CUST-02551,Female,49,95.84,Month-to-month,Bank transfer,Yes,CUST_2551
CUST-02552,Male,41,70.6,One year,Electronic check,No,CUST_2552
CUST-02553,Male,9,40.83,Month-to-month,Credit card,Yes,CUST_2553
CUST-02554,Female,17,31.9,Month-to-month,Electronic check,No,CUST_2554
CUST-02555,Male,8,78.23,One year,Electronic check,Yes,CUST_2555
CUST-02556,Female,57,69.82,Two year,Credit card,No,CUST_2556
CUST-02557,Male,8,65.3,One year,Electronic check,Yes,CUST_2557
CUST-02558,Female,39,111.7,Two year,Bank transfer,No,CUST_2558
CUST-02559,Male,56,80.14,Month-to-month,Credit card,Yes,CUST_2559
CUST-02560,Male,9,90.33,Month-to-month,Credit card,Yes,CUST_2560
CUST-02561,Female,14,34.73,Month-to-month,Electronic check,Yes,CUST_2561
CUST-02562,Male,8,63.92,Month-to-month,Mailed check,Yes,CUST_2562
CUST-02563,Male,72,30.45,Month-to-month,Mailed check,No,CUST_2563
CUST-02564,Male,7,59.35,Two year,Bank transfer,No,CUST_2564
CUST-02565,Female,38,75.96,One year,Credit card,No,CUST_2565
CUST-02566,Female,49,94.3,Two year,Electronic check,No,CUST_2566
CUST-02567,Female,52,91.07,Two year,Electronic check,No,CUST_2567
CUST-02568,Male,13,33.67,One year,Electronic check,No,CUST_2568
CUST-02569,Female,53,102.99,Two year,Electronic check,No,CUST_2569
CUST-02570,Male,30,53.14,Month-to-month,Electronic check,Yes,CUST_2570
CUST-02571,Male,2,56.83,Month-to-month,Mailed check,Yes,CUST_2571
CUST-02572,Male,59,90.52,Two year,Credit card,No,CUST_2572
CUST-02573,Male,50,50.43,Month-to-month,Electronic check,Yes,CUST_2573
CUST-02574,Male,60,36.37,Month-to-month,Electronic check,No,CUST_2574
CUST-02575,Female,55,102.16,Two year,Mailed check,No,CUST_2575
CUST-02576,Female,13,42.66,Month-to-month,Electronic check,No,CUST_2576
CUST-02577,Male,44,50.01,Month-to-month,Mailed check,No,CUST_2577
CUST-02578,Male,4,57.59,One year,Electronic check,No,CUST_2578
CUST-02579,Female,59,119.27,Month-to-month,Mailed check,Yes,CUST_2579
CUST-02580,Female,67,57.28,Two year,Bank transfer,No,CUST_2580
CUST-02581,Male,43,75.0,Month-to-month,Bank transfer,Yes,CUST_2581
CUST-02582,Male,25,82.68,Two year,Mailed check,No,CUST_2582
CUST-02583,Male,14,45.43,Month-to-month,Bank transfer,No,CUST_2583
CUST-02584,Male,14,44.74,Month-to-month,Electronic check,Yes,CUST_2584
CUST-02585,Male,2,63.29,Two year,Electronic check,No,CUST_2585
CUST-02586,Female,9,58.91,Two year,Electronic check,No,CUST_2586
CUST-02587,Female,25,114.67,Month-to-month,Electronic check,Yes,CUST_2587
CUST-02588,Female,17,111.04,Month-to-month,Electronic check,Yes,CUST_2588
CUST-02589,Female,66,49.99,One year,Bank transfer,No,CUST_2589
CUST-02590,Male,33,99.47,Two year,Mailed check,No,CUST_2590
CUST-02591,Male,46,104.66,Month-to-month,Bank transfer,Yes,CUST_2591
CUST-02592,Female,54,90.9,Month-to-month,Credit card,Yes,CUST_2592
CUST-02593,Male,62,58.88,Month-to-month,Credit card,No,CUST_2593
CUST-02594,Male,57,92.72,Month-to-month,Electronic check,Yes,CUST_2594
CUST-02595,Female,24,54.54,One year,Electronic check,No,CUST_2595
CUST-02596,Male,32,83.22,Two year,Bank transfer,No,CUST_2596
CUST-02597,Female,18,55.67,Month-to-month,Credit card,Yes,CUST_2597
CUST-02598,Male,6,48.34,Month-to-month,Mailed check,Yes,CUST_2598
CUST-02599,Male,8,28.23,Two year,Mailed check,No,CUST_2599
CUST-02600,Female,17,82.71,Month-to-month,Electronic check,No,CUST_2600
CUST-02601,Female,40,46.77,Two year,Electronic check,No,CUST_2601
CUST-02602,Male,56,113.19,Month-to-month,Credit card,Yes,CUST_2602
CUST-02603,Male,66,112.91,Month-to-month,Electronic check,Yes,CUST_2603
CUST-02604,Female,46,31.49,Two year,Mailed check,No,CUST_2604
CUST-02605,Female,40,26.36,Month-to-month,Mailed check,No,CUST_2605
CUST-02606,Male,70,20.29,Month-to-month,Bank transfer,Yes,CUST_2606
CUST-02607,Male,19,21.31,Month-to-month,Bank transfer,No,CUST_2607
CUST-02608,Female,19,36.16,One year,Electronic check,Yes,CUST_2608
CUST-02609,Male,61,36.56,Month-to-month,Credit card,Yes,CUST_2609
CUST-02610,Male,40,71.36,Two year,Electronic check,No,CUST_2610
CUST-02611,Female,44,29.4,One year,Credit card,Yes,CUST_2611
CUST-02612,Female,38,76.45,Two year,Credit card,No,CUST_2612
CUST-02613,Male,48,27.18,One year,Electronic check,Yes,CUST_2613
CUST-02614,Female,2,103.41,Month-to-month,Credit card,Yes,CUST_2614
CUST-02615,Female,67,48.67,Two year,Mailed check,No,CUST_2615
CUST-02616,Female,19,119.84,Two year,Bank transfer,No,CUST_2616
CUST-02617,Male,8,42.79,One year,Mailed check,Yes,CUST_2617
CUST-02618,Female,31,96.32,Month-to-month,Electronic check,Yes,CUST_2618
CUST-02619,Male,65,103.78,Month-to-month,Mailed check,No,CUST_2619
CUST-02620,Male,72,86.76,Two year,Electronic check,No,CUST_2620
CUST-02621,Male,7,58.66,Month-to-month,Electronic check,Yes,CUST_2621
CUST-02622,Male,55,108.94,Month-to-month,Bank transfer,Yes,CUST_2622
CUST-02623,Female,45,90.52,One year,Bank transfer,Yes,CUST_2623
CUST-02624,Male,26,45.51,Two year,Electronic check,No,CUST_2624
CUST-02625,Male,26,76.25,Two year,Mailed check,No,CUST_2625
CUST-02626,Male,26,89.4,Month-to-month,Electronic check,Yes,CUST_2626
CUST-02627,Female,9,101.09,Month-to-month,Credit card,Yes,CUST_2627
CUST-02628,Female,44,48.78,Two year,Mailed check,No,CUST_2628
CUST-02629,Female,25,93.59,Month-to-month,Credit card,Yes,CUST_2629
CUST-02630,Female,61,32.85,Month-to-month,Electronic check,Yes,CUST_2630
CUST-02631,Female,60,101.04,One year,Electronic check,Yes,CUST_2631
CUST-02632,Male,43,105.94,Month-to-month,Bank transfer,Yes,CUST_2632
CUST-02633,Male,43,73.6,Two year,Mailed check,No,CUST_2633
CUST-02634,Female,39,48.86,Month-to-month,Mailed check,No,CUST_2634
CUST-02635,Male,54,83.69,Month-to-month,Electronic check,Yes,CUST_2635
CUST-02636,Female,43,44.14,One year,Electronic check,No,CUST_2636
CUST-02637,Male,21,40.13,Two year,Credit card,No,CUST_2637
CUST-02638,Male,14,113.42,Month-to-month,Credit card,Yes,CUST_2638
CUST-02639,Male,59,101.19,One year,Bank transfer,No,CUST_2639
CUST-02640,Female,6,62.48,Month-to-month,Electronic check,Yes,CUST_2640
CUST-02641,Female,64,105.27,Month-to-month,Credit card,No,CUST_2641
CUST-02642,Male,29,54.79,Two year,Electronic check,No,CUST_2642
CUST-02643,Female,1,113.28,Month-to-month,Credit card,Yes,CUST_2643
CUST-02644,Female,29,22.96,Month-to-month,Credit card,No,CUST_2644
CUST-02645,Male,30,92.6,Two year,Electronic check,No,CUST_2645
CUST-02646,Male,60,78.51,Month-to-month,Bank transfer,Yes,CUST_2646
CUST-02647,Male,28,90.71,One year,Electronic check,No,CUST_2647
CUST-02648,Male,31,38.72,Month-to-month,Electronic check,Yes,CUST_2648
CUST-02649,Female,62,75.78,Two year,Bank transfer,No,CUST_2649
CUST-02650,Male,43,38.86,Month-to-month,Electronic check,Yes,CUST_2650
CUST-02651,Female,49,57.71,Month-to-month,Bank transfer,No,CUST_2651
CUST-02652,Male,27,65.97,One year,Bank transfer,No,CUST_2652
CUST-02653,Female,52,79.98,Month-to-month,Bank transfer,No,CUST_2653
CUST-02654,Male,24,57.76,One year,Electronic check,No,CUST_2654
CUST-02655,Male,1,61.55,Month-to-month,Credit card,Yes,CUST_2655
CUST-02656,Male,47,63.55,Month-to-month,Mailed check,No,CUST_2656
CUST-02657,Male,2,27.8,Two year,Electronic check,Yes,CUST_2657
CUST-02658,Male,10,33.95,Month-to-month,Mailed check,Yes,CUST_2658
CUST-02659,Male,46,51.34,Month-to-month,Mailed check,Yes,CUST_2659
CUST-02660,Female,4,59.42,Two year,Electronic check,No,CUST_2660
CUST-02661,Female,72,44.05,Two year,Mailed check,No,CUST_2661
CUST-02662,Female,15,37.39,One year,Electronic check,No,CUST_2662
CUST-02663,Male,19,115.01,Two year,Electronic check,No,CUST_2663
CUST-02664,Female,38,23.21,Two year,Electronic check,No,CUST_2664
CUST-02665,Male,57,99.34,Month-to-month,Mailed check,Yes,CUST_2665
CUST-02666,Female,25,103.83,Two year,Mailed check,No,CUST_2666
CUST-02667,Male,47,33.36,One year,Electronic check,No,CUST_2667
CUST-02668,Male,6,89.89,Two year,Mailed check,No,CUST_2668
CUST-02669,Female,4,42.02,Month-to-month,Bank transfer,Yes,CUST_2669
CUST-02670,Female,26,81.37,Month-to-month,Credit card,Yes,CUST_2670
CUST-02671,Female,26,74.42,Month-to-month,Mailed check,No,CUST_2671
CUST-02672,Male,37,27.24,Month-to-month,Mailed check,Yes,CUST_2672
CUST-02673,Female,23,118.86,Month-to-month,Credit card,No,CUST_2673
CUST-02674,Male,29,92.52,Two year,Electronic check,Yes,CUST_2674
CUST-02675,Female,34,117.19,Two year,Bank transfer,No,CUST_2675
CUST-02676,Female,23,75.37,Two year,Mailed check,No,CUST_2676
CUST-02677,Female,44,109.11,Two year,Mailed check,Yes,CUST_2677
CUST-02678,Male,71,68.82,Month-to-month,Bank transfer,No,CUST_2678
CUST-02679,Female,32,81.72,Two year,Bank transfer,No,CUST_2679
CUST-02680,Male,23,21.61,One year,Bank transfer,No,CUST_2680
CUST-02681,Female,26,67.44,Month-to-month,Credit card,Yes,CUST_2681
CUST-02682,Male,3,65.23,Month-to-month,Mailed check,Yes,CUST_2682
CUST-02683,Female,23,27.22,Month-to-month,Bank transfer,No,CUST_2683
CUST-02684,Male,34,34.97,One year,Bank transfer,No,CUST_2684
CUST-02685,Male,13,50.44,One year,Credit card,No,CUST_2685
CUST-02686,Male,3,101.43,Two year,Electronic check,Yes,CUST_2686
CUST-02687,Male,18,32.03,Month-to-month,Credit card,No,CUST_2687
CUST-02688,Male,49,49.38,Month-to-month,Bank transfer,No,CUST_2688
CUST-02689,Male,15,81.68,Two year,Electronic check,No,CUST_2689
CUST-02690,Male,44,41.13,Month-to-month,Credit card,No,CUST_2690
CUST-02691,Male,27,97.69,Month-to-month,Mailed check,No,CUST_2691
CUST-02692,Female,40,55.05,Month-to-month,Electronic check,Yes,CUST_2692
CUST-02693,Female,59,65.79,Month-to-month,Mailed check,No,CUST_2693
CUST-02694,Female,31,105.15,Month-to-month,Electronic check,Yes,CUST_2694
CUST-02695,Male,48,110.8,Month-to-month,Credit card,Yes,CUST_2695
CUST-02696,Male,48,63.43,Month-to-month,Credit card,No,CUST_2696
CUST-02697,Male,22,50.72,Month-to-month,Bank transfer,Yes,CUST_2697
CUST-02698,Female,68,106.86,Month-to-month,Credit card,No,CUST_2698
CUST-02699,Male,56,57.69,One year,Electronic check,No,CUST_2699
CUST-02700,Female,9,25.25,Month-to-month,Bank transfer,Yes,CUST_2700
CUST-02701,Male,16,74.96,Month-to-month,Mailed check,No,CUST_2701
CUST-02702,Female,19,44.63,Month-to-month,Electronic check,No,CUST_2702
CUST-02703,Female,17,95.16,Month-to-month,Electronic check,Yes,CUST_2703
CUST-02704,Female,25,57.96,Two year,Electronic check,No,CUST_2704
CUST-02705,Male,25,26.65,Month-to-month,Electronic check,No,CUST_2705
CUST-02706,Female,69,78.46,One year,Electronic check,No,CUST_2706
CUST-02707,Male,49,95.04,One year,Credit card,No,CUST_2707
CUST-02708,Male,48,93.51,Month-to-month,Credit card,No,CUST_2708
CUST-02709,Male,41,84.28,Month-to-month,Electronic check,Yes,CUST_2709
CUST-02710,Male,55,109.36,Two year,Credit card,No,CUST_2710
CUST-02711,Male,32,83.37,Month-to-month,Electronic check,No,CUST_2711
CUST-02712,Female,6,55.6,Month-to-month,Electronic check,Yes,CUST_2712
CUST-02713,Male,25,95.79,Month-to-month,Electronic check,Yes,CUST_2713
CUST-02714,Female,69,83.94,Two year,Credit card,No,CUST_2714
CUST-02715,Female,38,68.6,One year,Bank transfer,Yes,CUST_2715
CUST-02716,Female,20,63.87,Month-to-month,Bank transfer,No,CUST_2716
CUST-02717,Female,42,105.08,Month-to-month,Credit card,No,CUST_2717
CUST-02718,Male,32,46.27,Month-to-month,Credit card,Yes,CUST_2718
CUST-02719,Female,7,29.27,One year,Bank transfer,No,CUST_2719
CUST-02720,Male,36,80.79,Month-to-month,Electronic check,Yes,CUST_2720
CUST-02721,Female,17,22.63,Month-to-month,Credit card,Yes,CUST_2721
CUST-02722,Male,66,112.73,Two year,Credit card,No,CUST_2722
CUST-02723,Female,63,116.87,Month-to-month,Mailed check,Yes,CUST_2723
CUST-02724,Female,27,111.92,One year,Bank transfer,Yes,CUST_2724
CUST-02725,Male,11,74.76,Month-to-month,Bank transfer,Yes,CUST_2725
CUST-02726,Female,61,20.25,Month-to-month,Bank transfer,No,CUST_2726
CUST-02727,Female,9,37.89,Month-to-month,Bank transfer,Yes,CUST_2727
CUST-02728,Female,22,100.16,Month-to-month,Bank transfer,No,CUST_2728
CUST-02729,Male,66,54.33,Two year,Electronic check,No,CUST_2729
CUST-02730,Male,50,92.86,Two year,Bank transfer,No,CUST_2730
CUST-02731,Male,66,117.88,Month-to-month,Credit card,No,CUST_2731
CUST-02732,Male,48,103.17,Two year,Electronic check,No,CUST_2732
CUST-02733,Female,64,98.18,Month-to-month,Bank transfer,Yes,CUST_2733
CUST-02734,Male,67,47.11,One year,Electronic check,No,CUST_2734
CUST-02735,Male,60,48.85,Two year,Credit card,No,CUST_2735
CUST-02736,Female,23,88.33,Two year,Electronic check,No,CUST_2736
CUST-02737,Male,42,107.5,Two year,Mailed check,No,CUST_2737
CUST-02738,Female,48,59.93,Month-to-month,Mailed check,Yes,CUST_2738
CUST-02739,Male,68,34.07,Two year,Credit card,No,CUST_2739
CUST-02740,Female,62,73.34,Two year,Bank transfer,No,CUST_2740
CUST-02741,Female,64,73.59,Month-to-month,Electronic check,Yes,CUST_2741
CUST-02742,Male,61,77.27,One year,Mailed check,No,CUST_2742
CUST-02743,Male,35,50.07,One year,Electronic check,No,CUST_2743
CUST-02744,Male,52,95.5,Month-to-month,Credit card,Yes,CUST_2744
CUST-02745,Female,5,115.67,Month-to-month,Bank transfer,Yes,CUST_2745
CUST-02746,Female,27,26.61,Month-to-month,Mailed check,No,CUST_2746
CUST-02747,Male,29,112.52,Month-to-month,Mailed check,Yes,CUST_2747
CUST-02748,Male,26,47.6,One year,Credit card,No,CUST_2748
CUST-02749,Female,58,93.12,Month-to-month,Mailed check,No,CUST_2749
CUST-02750,Male,31,89.58,Month-to-month,Mailed check,Yes,CUST_2750
CUST-02751,Male,51,57.38,One year,Electronic check,No,CUST_2751
CUST-02752,Male,28,68.22,Two year,Credit card,No,CUST_2752
CUST-02753,Female,40,78.03,Two year,Electronic check,No,CUST_2753
CUST-02754,Female,55,39.8,Two year,Bank transfer,No,CUST_2754
CUST-02755,Female,49,55.76,One year,Mailed check,No,CUST_2755
CUST-02756,Male,21,31.45,Month-to-month,Credit card,Yes,CUST_2756
CUST-02757,Male,48,89.67,Month-to-month,Mailed check,No,CUST_2757
CUST-02758,Male,33,78.84,Month-to-month,Mailed check,Yes,CUST_2758
CUST-02759,Female,71,72.6,Two year,Mailed check,No,CUST_2759
CUST-02760,Male,11,66.66,Month-to-month,Mailed check,Yes,CUST_2760
CUST-02761,Male,18,102.39,Two year,Bank transfer,No,CUST_2761
CUST-02762,Female,11,41.37,Month-to-month,Electronic check,Yes,CUST_2762
CUST-02763,Male,38,33.4,Month-to-month,Bank transfer,Yes,CUST_2763
CUST-02764,Male,57,88.82,Two year,Bank transfer,No,CUST_2764
CUST-02765,Female,67,48.95,Month-to-month,Bank transfer,Yes,CUST_2765
CUST-02766,Female,46,78.32,Two year,Credit card,No,CUST_2766
CUST-02767,Female,30,48.54,One year,Electronic check,No,CUST_2767
CUST-02768,Female,6,64.08,Two year,Bank transfer,No,CUST_2768
CUST-02769,Female,60,85.06,One year,Credit card,No,CUST_2769
CUST-02770,Female,66,62.49,Two year,Credit card,No,CUST_2770
CUST-02771,Female,44,71.38,Month-to-month,Electronic check,No,CUST_2771
CUST-02772,Female,55,25.18,One year,Electronic check,Yes,CUST_2772
CUST-02773,Male,58,72.83,Two year,Credit card,No,CUST_2773
CUST-02774,Male,60,57.4,One year,Electronic check,No,CUST_2774
CUST-02775,Male,56,25.16,One year,Credit card,Yes,CUST_2775
CUST-02776,Male,53,29.99,Month-to-month,Mailed check,Yes,CUST_2776
CUST-02777,Male,48,89.67,Two year,Credit card,No,CUST_2777
CUST-02778,Male,64,68.04,One year,Electronic check,No,CUST_2778
CUST-02779,Male,41,44.32,Month-to-month,Credit card,No,CUST_2779
CUST-02780,Male,35,51.2,Month-to-month,Electronic check,No,CUST_2780
CUST-02781,Female,49,78.23,Two year,Electronic check,No,CUST_2781
CUST-02782,Female,4,52.46,Month-to-month,Credit card,Yes,CUST_2782
CUST-02783,Female,23,113.83,One year,Mailed check,No,CUST_2783
CUST-02784,Female,57,45.02,Month-to-month,Electronic check,No,CUST_2784
CUST-02785,Male,30,63.31,Month-to-month,Bank transfer,Yes,CUST_2785
CUST-02786,Female,34,73.49,Month-to-month,Mailed check,Yes,CUST_2786
CUST-02787,Male,10,37.08,Month-to-month,Electronic check,Yes,CUST_2787
CUST-02788,Female,46,30.39,Month-to-month,Electronic check,Yes,CUST_2788
CUST-02789,Female,11,100.02,Month-to-month,Credit card,Yes,CUST_2789
CUST-02790,Female,38,68.59,Month-to-month,Credit card,No,CUST_2790
CUST-02791,Female,65,74.85,Month-to-month,Mailed check,No,CUST_2791
CUST-02792,Male,66,74.88,Two year,Electronic check,No,CUST_2792
CUST-02793,Male,70,29.73,Month-to-month,Electronic check,Yes,CUST_2793
CUST-02794,Male,11,81.51,One year,Mailed check,Yes,CUST_2794
CUST-02795,Female,36,60.54,Month-to-month,Credit card,No,CUST_2795
CUST-02796,Male,30,72.45,Two year,Credit card,No,CUST_2796
CUST-02797,Male,13,62.32,Month-to-month,Mailed check,Yes,CUST_2797
CUST-02798,Female,16,32.89,Month-to-month,Credit card,Yes,CUST_2798
CUST-02799,Male,10,96.1,Two year,Mailed check,No,CUST_2799
CUST-02800,Male,47,103.89,One year,Credit card,No,CUST_2800
CUST-02801,Male,5,60.65,One year,Credit card,Yes,CUST_2801
CUST-02802,Female,70,74.79,Month-to-month,Electronic check,Yes,CUST_2802
CUST-02803,Female,26,103.79,Month-to-month,Electronic check,Yes,CUST_2803
CUST-02804,Male,43,34.28,Month-to-month,Mailed check,No,CUST_2804
CUST-02805,Female,26,62.78,Month-to-month,Electronic check,Yes,CUST_2805
CUST-02806,Female,43,77.82,Two year,Mailed check,No,CUST_2806
CUST-02807,Male,33,39.79,Month-to-month,Credit card,No,CUST_2807
CUST-02808,Male,39,112.45,Month-to-month,Mailed check,Yes,CUST_2808
CUST-02809,Female,36,92.15,Month-to-month,Electronic check,Yes,CUST_2809
CUST-02810,Female,25,57.23,Two year,Mailed check,No,CUST_2810
CUST-02811,Male,18,46.33,One year,Bank transfer,No,CUST_2811
CUST-02812,Male,70,90.67,Month-to-month,Bank transfer,Yes,CUST_2812
CUST-02813,Female,34,39.62,Month-to-month,Electronic check,Yes,CUST_2813
CUST-02814,Male,2,60.42,Two year,Electronic check,Yes,CUST_2814
CUST-02815,Male,39,25.28,Month-to-month,Credit card,No,CUST_2815
CUST-02816,Male,37,39.52,One year,Mailed check,No,CUST_2816
CUST-02817,Male,45,38.5,Month-to-month,Electronic check,Yes,CUST_2817
CUST-02818,Male,52,70.22,Month-to-month,Electronic check,No,CUST_2818
CUST-02819,Male,52,107.43,Month-to-month,Bank transfer,Yes,CUST_2819
CUST-02820,Male,2,117.68,Month-to-month,Bank transfer,Yes,CUST_2820
CUST-02821,Male,61,89.14,Month-to-month,Mailed check,No,CUST_2821
CUST-02822,Female,66,53.51,Month-to-month,Electronic check,Yes,CUST_2822
CUST-02823,Female,20,89.54,One year,Electronic check,No,CUST_2823
CUST-02824,Male,51,87.53,Month-to-month,Bank transfer,No,CUST_2824
CUST-02825,Female,30,111.55,One year,Electronic check,No,CUST_2825
CUST-02826,Male,30,33.81,One year,Electronic check,Yes,CUST_2826
CUST-02827,Male,27,48.83,Month-to-month,Credit card,No,CUST_2827
CUST-02828,Male,61,29.56,Month-to-month,Mailed check,No,CUST_2828
CUST-02829,Male,30,48.93,Two year,Mailed check,No,CUST_2829
CUST-02830,Female,67,35.34,Month-to-month,Credit card,Yes,CUST_2830
CUST-02831,Male,71,60.37,Month-to-month,Electronic check,Yes,CUST_2831
CUST-02832,Male,60,68.04,Two year,Credit card,No,CUST_2832
CUST-02833,Female,60,30.31,One year,Electronic check,Yes,CUST_2833
CUST-02834,Male,44,27.54,Two year,Bank transfer,No,CUST_2834
CUST-02835,Male,11,51.98,Month-to-month,Bank transfer,Yes,CUST_2835
CUST-02836,Female,41,78.88,Month-to-month,Credit card,Yes,CUST_2836
CUST-02837,Male,25,34.17,Month-to-month,Bank transfer,No,CUST_2837
CUST-02838,Male,55,29.54,Month-to-month,Credit card,No,CUST_2838
CUST-02839,Female,54,105.99,Two year,Mailed check,Yes,CUST_2839
CUST-02840,Female,27,62.44,Month-to-month,Electronic check,Yes,CUST_2840
CUST-02841,Female,57,44.98,Month-to-month,Bank transfer,Yes,CUST_2841
CUST-02842,Male,58,104.88,One year,Electronic check,Yes,CUST_2842
CUST-02843,Female,72,71.93,One year,Mailed check,No,CUST_2843
CUST-02844,Female,4,32.87,Month-to-month,Mailed check,Yes,CUST_2844
CUST-02845,Male,48,105.29,Two year,Credit card,No,CUST_2845
CUST-02846,Female,18,47.79,One year,Electronic check,Yes,CUST_2846
CUST-02847,Male,17,23.15,One year,Bank transfer,No,CUST_2847
CUST-02848,Male,40,51.95,Two year,Credit card,No,CUST_2848
CUST-02849,Female,2,106.91,Month-to-month,Mailed check,Yes,CUST_2849
CUST-02850,Female,64,78.71,Two year,Bank transfer,No,CUST_2850
CUST-02851,Female,46,38.42,One year,Electronic check,No,CUST_2851
CUST-02852,Male,44,37.61,Two year,Bank transfer,No,CUST_2852
CUST-02853,Male,29,57.24,Month-to-month,Mailed check,Yes,CUST_2853
CUST-02854,Male,54,33.98,Month-to-month,Bank transfer,Yes,CUST_2854
CUST-02855,Female,55,22.75,Two year,Bank transfer,No,CUST_2855
CUST-02856,Female,52,116.09,Month-to-month,Credit card,Yes,CUST_2856
CUST-02857,Female,69,93.92,Two year,Bank transfer,No,CUST_2857
CUST-02858,Female,39,95.75,Month-to-month,Bank transfer,Yes,CUST_2858
CUST-02859,Male,42,105.03,Two year,Mailed check,No,CUST_2859
CUST-02860,Male,3,31.39,Month-to-month,Mailed check,Yes,CUST_2860
CUST-02861,Female,5,40.77,Month-to-month,Electronic check,Yes,CUST_2861
CUST-02862,Female,18,73.42,One year,Mailed check,No,CUST_2862
CUST-02863,Male,20,40.91,Month-to-month,Credit card,No,CUST_2863
CUST-02864,Female,43,77.59,Two year,Credit card,No,CUST_2864
CUST-02865,Male,51,39.24,Month-to-month,Bank transfer,No,CUST_2865
CUST-02866,Male,49,84.17,One year,Credit card,No,CUST_2866
CUST-02867,Male,27,56.36,Month-to-month,Electronic check,Yes,CUST_2867
CUST-02868,Female,51,71.7,Month-to-month,Mailed check,Yes,CUST_2868
CUST-02869,Female,9,115.54,Month-to-month,Credit card,Yes,CUST_2869
CUST-02870,Female,69,31.67,Two year,Credit card,No,CUST_2870
CUST-02871,Female,50,41.47,Month-to-month,Bank transfer,Yes,CUST_2871
CUST-02872,Female,25,44.33,Month-to-month,Mailed check,Yes,CUST_2872
CUST-02873,Female,61,79.77,Month-to-month,Electronic check,Yes,CUST_2873
CUST-02874,Female,14,53.55,One year,Electronic check,No,CUST_2874
CUST-02875,Female,43,105.99,Two year,Credit card,No,CUST_2875
CUST-02876,Male,58,87.93,One year,Credit card,No,CUST_2876
CUST-02877,Male,39,53.33,One year,Electronic check,No,CUST_2877
CUST-02878,Female,12,41.66,Month-to-month,Bank transfer,Yes,CUST_2878
CUST-02879,Male,22,38.57,Month-to-month,Electronic check,Yes,CUST_2879
CUST-02880,Male,14,59.97,Two year,Bank transfer,No,CUST_2880
CUST-02881,Female,71,97.25,Month-to-month,Mailed check,Yes,CUST_2881
CUST-02882,Male,23,49.79,Two year,Bank transfer,No,CUST_2882
CUST-02883,Female,5,64.27,Month-to-month,Mailed check,Yes,CUST_2883
CUST-02884,Female,63,99.31,Two year,Electronic check,No,CUST_2884
CUST-02885,Male,4,37.33,Month-to-month,Credit card,Yes,CUST_2885
CUST-02886,Male,24,78.36,Month-to-month,Electronic check,No,CUST_2886
CUST-02887,Male,26,63.0,Two year,Credit card,No,CUST_2887
CUST-02888,Male,9,39.33,Month-to-month,Bank transfer,Yes,CUST_2888
CUST-02889,Male,50,37.39,Month-to-month,Mailed check,Yes,CUST_2889
CUST-02890,Female,37,25.45,Month-to-month,Bank transfer,Yes,CUST_2890
CUST-02891,Male,27,101.02,Month-to-month,Bank transfer,No,CUST_2891
CUST-02892,Male,30,115.08,Month-to-month,Mailed check,No,CUST_2892
CUST-02893,Female,38,44.75,Month-to-month,Bank transfer,No,CUST_2893
CUST-02894,Female,68,95.04,Month-to-month,Mailed check,No,CUST_2894
CUST-02895,Male,9,83.67,Month-to-month,Bank transfer,Yes,CUST_2895
CUST-02896,Male,59,67.36,One year,Bank transfer,No,CUST_2896
CUST-02897,Male,8,110.49,Month-to-month,Credit card,Yes,CUST_2897
CUST-02898,Female,48,102.09,Month-to-month,Bank transfer,No,CUST_2898
CUST-02899,Female,67,47.67,Month-to-month,Credit card,Yes,CUST_2899
CUST-02900,Male,2,77.28,One year,Credit card,No,CUST_2900
CUST-02901,Female,22,83.7,Month-to-month,Electronic check,Yes,CUST_2901
CUST-02902,Male,42,56.05,Two year,Electronic check,No,CUST_2902
CUST-02903,Male,53,82.18,One year,Credit card,No,CUST_2903
CUST-02904,Female,51,103.04,Month-to-month,Mailed check,Yes,CUST_2904
CUST-02905,Female,21,55.62,Two year,Mailed check,No,CUST_2905
CUST-02906,Male,15,103.48,Two year,Credit card,No,CUST_2906
CUST-02907,Female,17,29.21,One year,Electronic check,No,CUST_2907
CUST-02908,Male,69,88.84,Month-to-month,Mailed check,No,CUST_2908
CUST-02909,Male,54,119.73,Month-to-month,Bank transfer,No,CUST_2909
CUST-02910,Male,62,118.18,Month-to-month,Bank transfer,No,CUST_2910
CUST-02911,Male,9,60.43,Two year,Mailed check,No,CUST_2911
CUST-02912,Male,50,101.41,Month-to-month,Credit card,Yes,CUST_2912
CUST-02913,Male,27,76.27,Month-to-month,Mailed check,Yes,CUST_2913
CUST-02914,Female,17,26.63,Month-to-month,Credit card,No,CUST_2914
CUST-02915,Male,27,68.79,Two year,Electronic check,No,CUST_2915
CUST-02916,Female,40,109.72,Month-to-month,Electronic check,Yes,CUST_2916
CUST-02917,Male,56,116.04,Month-to-month,Electronic check,Yes,CUST_2917
CUST-02918,Male,61,56.97,Two year,Electronic check,No,CUST_2918
CUST-02919,Female,21,44.63,Month-to-month,Bank transfer,Yes,CUST_2919
CUST-02920,Male,40,83.96,Month-to-month,Electronic check,Yes,CUST_2920
CUST-02921,Female,26,26.06,One year,Electronic check,No,CUST_2921
CUST-02922,Male,65,111.61,Month-to-month,Credit card,No,CUST_2922
CUST-02923,Male,59,61.65,One year,Bank transfer,No,CUST_2923
CUST-02924,Male,36,30.52,Month-to-month,Credit card,No,CUST_2924
CUST-02925,Male,26,67.27,Month-to-month,Mailed check,Yes,CUST_2925
CUST-02926,Male,1,119.26,Two year,Credit card,Yes,CUST_2926
CUST-02927,Female,19,41.92,One year,Electronic check,Yes,CUST_2927
CUST-02928,Male,58,60.43,Month-to-month,Mailed check,No,CUST_2928
CUST-02929,Female,9,78.16,Month-to-month,Electronic check,Yes,CUST_2929
CUST-02930,Female,52,57.09,Month-to-month,Bank transfer,Yes,CUST_2930
CUST-02931,Male,32,48.85,Month-to-month,Mailed check,Yes,CUST_2931
CUST-02932,Female,68,64.15,Month-to-month,Mailed check,No,CUST_2932
CUST-02933,Female,43,119.24,Month-to-month,Electronic check,Yes,CUST_2933
CUST-02934,Female,63,47.08,Month-to-month,Mailed check,No,CUST_2934
CUST-02935,Male,59,96.47,Month-to-month,Electronic check,No,CUST_2935
CUST-02936,Male,60,63.43,One year,Credit card,No,CUST_2936
CUST-02937,Female,6,51.78,One year,Electronic check,Yes,CUST_2937
CUST-02938,Female,12,43.33,Month-to-month,Credit card,No,CUST_2938
CUST-02939,Female,37,40.84,Month-to-month,Electronic check,Yes,CUST_2939
CUST-02940,Male,59,78.06,Two year,Electronic check,No,CUST_2940
CUST-02941,Female,45,88.94,One year,Bank transfer,No,CUST_2941
CUST-02942,Male,39,112.59,Month-to-month,Mailed check,Yes,CUST_2942
CUST-02943,Male,51,32.73,Month-to-month,Electronic check,Yes,CUST_2943
CUST-02944,Female,23,83.38,Month-to-month,Electronic check,Yes,CUST_2944
CUST-02945,Female,54,96.59,Month-to-month,Electronic check,Yes,CUST_2945
CUST-02946,Female,32,75.14,One year,Credit card,Yes,CUST_2946
CUST-02947,Male,23,53.91,Two year,Electronic check,No,CUST_2947
CUST-02948,Male,56,44.98,Two year,Bank transfer,No,CUST_2948
CUST-02949,Male,59,48.96,Month-to-month,Electronic check,Yes,CUST_2949
CUST-02950,Female,50,107.74,Month-to-month,Mailed check,Yes,CUST_2950
CUST-02951,Male,24,90.71,Month-to-month,Electronic check,Yes,CUST_2951
CUST-02952,Male,13,118.99,Two year,Bank transfer,No,CUST_2952
CUST-02953,Female,51,69.39,Month-to-month,Electronic check,Yes,CUST_2953
CUST-02954,Male,6,79.24,One year,Mailed check,No,CUST_2954
CUST-02955,Male,31,49.78,Month-to-month,Electronic check,Yes,CUST_2955
CUST-02956,Female,21,53.88,One year,Bank transfer,No,CUST_2956
CUST-02957,Male,36,28.18,Month-to-month,Credit card,Yes,CUST_2957
CUST-02958,Female,69,84.1,Two year,Electronic check,No,CUST_2958
CUST-02959,Male,38,106.34,Month-to-month,Credit card,Yes,CUST_2959
CUST-02960,Male,9,89.78,Month-to-month,Mailed check,Yes,CUST_2960
CUST-02961,Female,28,61.83,Month-to-month,Mailed check,Yes,CUST_2961
CUST-02962,Female,64,39.65,Two year,Bank transfer,No,CUST_2962
CUST-02963,Male,53,82.53,One year,Mailed check,Yes,CUST_2963
CUST-02964,Male,71,113.12,Month-to-month,Electronic check,No,CUST_2964
CUST-02965,Female,16,52.4,Two year,Credit card,No,CUST_2965
CUST-02966,Female,48,41.25,Month-to-month,Credit card,Yes,CUST_2966
CUST-02967,Male,10,85.93,Two year,Electronic check,No,CUST_2967
CUST-02968,Female,14,61.08,Month-to-month,Bank transfer,No,CUST_2968
CUST-02969,Male,65,52.85,Month-to-month,Bank transfer,No,CUST_2969
CUST-02970,Male,42,94.91,One year,Mailed check,Yes,CUST_2970
CUST-02971,Male,53,44.64,Two year,Mailed check,No,CUST_2971
CUST-02972,Female,58,77.78,Month-to-month,Mailed check,Yes,CUST_2972
CUST-02973,Female,22,61.3,Month-to-month,Electronic check,Yes,CUST_2973
CUST-02974,Male,33,30.13,Month-to-month,Credit card,Yes,CUST_2974
CUST-02975,Male,27,93.07,One year,Electronic check,Yes,CUST_2975
CUST-02976,Male,65,34.71,Month-to-month,Bank transfer,No,CUST_2976
CUST-02977,Female,6,76.55,Month-to-month,Mailed check,Yes,CUST_2977
CUST-02978,Female,60,79.02,Month-to-month,Credit card,Yes,CUST_2978
CUST-02979,Female,4,43.64,Month-to-month,Mailed check,Yes,CUST_2979
CUST-02980,Male,10,80.84,Two year,Electronic check,No,CUST_2980
CUST-02981,Female,60,108.94,Two year,Electronic check,No,CUST_2981
CUST-02982,Female,49,74.64,Two year,Credit card,No,CUST_2982
CUST-02983,Female,44,85.73,Month-to-month,Bank transfer,No,CUST_2983
CUST-02984,Female,52,61.53,One year,Bank transfer,No,CUST_2984
CUST-02985,Female,25,55.45,Month-to-month,Electronic check,No,CUST_2985
CUST-02986,Male,51,42.46,Month-to-month,Credit card,Yes,CUST_2986
CUST-02987,Female,5,114.63,Two year,Mailed check,No,CUST_2987
CUST-02988,Male,2,28.33,Month-to-month,Mailed check,Yes,CUST_2988
CUST-02989,Male,33,59.37,Month-to-month,Electronic check,No,CUST_2989
CUST-02990,Female,15,98.16,Two year,Bank transfer,No,CUST_2990
CUST-02991,Male,18,85.58,Month-to-month,Credit card,No,CUST_2991
CUST-02992,Male,42,89.46,Month-to-month,Mailed check,Yes,CUST_2992
CUST-02993,Female,60,28.84,One year,Electronic check,No,CUST_2993
CUST-02994,Male,63,44.48,Month-to-month,Electronic check,No,CUST_2994
CUST-02995,Female,60,69.71,Month-to-month,Credit card,Yes,CUST_2995
CUST-02996,Female,9,40.82,Month-to-month,Credit card,Yes,CUST_2996
CUST-02997,Male,11,33.08,One year,Credit card,No,CUST_2997
CUST-02998,Male,71,25.89,One year,Bank transfer,No,CUST_2998
CUST-02999,Female,32,89.11,Two year,Bank transfer,No,CUST_2999
CUST-03000,Male,57,97.5,One year,Mailed check,No,CUST_3000
CUST-03001,Female,18,97.33,Two year,Electronic check,No,CUST_3001
CUST-03002,Male,61,114.3,Month-to-month,Bank transfer,No,CUST_3002
CUST-03003,Male,36,47.39,Month-to-month,Electronic check,No,CUST_3003
CUST-03004,Male,21,81.35,Two year,Credit card,No,CUST_3004
CUST-03005,Female,22,101.45,Two year,Mailed check,No,CUST_3005
CUST-03006,Female,3,115.89,Month-to-month,Electronic check,Yes,CUST_3006
CUST-03007,Male,13,110.38,Month-to-month,Mailed check,Yes,CUST_3007
CUST-03008,Female,23,21.91,Month-to-month,Bank transfer,No,CUST_3008
CUST-03009,Male,38,109.62,Month-to-month,Mailed check,No,CUST_3009
CUST-03010,Female,16,58.66,Month-to-month,Electronic check,Yes,CUST_3010
CUST-03011,Male,69,47.51,Month-to-month,Electronic check,No,CUST_3011
CUST-03012,Male,51,40.8,Two year,Electronic check,No,CUST_3012
CUST-03013,Male,22,33.18,Two year,Electronic check,No,CUST_3013
CUST-03014,Female,10,32.25,Two year,Credit card,No,CUST_3014
CUST-03015,Male,2,48.55,Month-to-month,Credit card,Yes,CUST_3015
CUST-03016,Male,35,98.38,Month-to-month,Bank transfer,Yes,CUST_3016
CUST-03017,Female,20,79.22,Month-to-month,Mailed check,No,CUST_3017
CUST-03018,Female,57,49.79,Two year,Electronic check,No,CUST_3018
CUST-03019,Female,46,97.33,One year,Mailed check,No,CUST_3019
CUST-03020,Female,23,59.69,Two year,Mailed check,No,CUST_3020
CUST-03021,Male,28,52.33,Month-to-month,Electronic check,No,CUST_3021
CUST-03022,Male,5,47.8,Two year,Credit card,No,CUST_3022
CUST-03023,Male,69,34.41,Month-to-month,Electronic check,No,CUST_3023
CUST-03024,Female,28,77.82,Month-to-month,Mailed check,Yes,CUST_3024
CUST-03025,Female,57,103.13,One year,Credit card,Yes,CUST_3025
CUST-03026,Male,7,36.44,Month-to-month,Electronic check,Yes,CUST_3026
CUST-03027,Male,67,104.24,Two year,Credit card,No,CUST_3027
CUST-03028,Female,14,49.65,One year,Mailed check,Yes,CUST_3028
CUST-03029,Male,50,95.07,Two year,Bank transfer,No,CUST_3029
CUST-03030,Female,40,40.51,One year,Bank transfer,No,CUST_3030
CUST-03031,Male,57,101.59,One year,Electronic check,Yes,CUST_3031
CUST-03032,Female,7,79.78,Two year,Electronic check,No,CUST_3032
CUST-03033,Female,1,66.0,Month-to-month,Mailed check,Yes,CUST_3033
CUST-03034,Male,7,94.81,Month-to-month,Credit card,Yes,CUST_3034
CUST-03035,Male,49,78.51,Month-to-month,Electronic check,No,CUST_3035
CUST-03036,Male,26,100.65,One year,Mailed check,Yes,CUST_3036
CUST-03037,Male,32,83.06,Two year,Bank transfer,No,CUST_3037
CUST-03038,Male,48,50.06,Month-to-month,Electronic check,Yes,CUST_3038
CUST-03039,Female,31,41.52,One year,Mailed check,No,CUST_3039
CUST-03040,Male,26,102.07,Two year,Bank transfer,No,CUST_3040
CUST-03041,Female,12,46.23,Month-to-month,Bank transfer,Yes,CUST_3041
CUST-03042,Male,3,104.65,One year,Electronic check,Yes,CUST_3042
CUST-03043,Female,54,27.99,Month-to-month,Mailed check,No,CUST_3043
CUST-03044,Female,4,86.78,Month-to-month,Credit card,Yes,CUST_3044
CUST-03045,Female,2,38.15,Month-to-month,Bank transfer,No,CUST_3045
CUST-03046,Female,44,61.36,Month-to-month,Mailed check,No,CUST_3046
CUST-03047,Female,25,111.1,Two year,Electronic check,No,CUST_3047
CUST-03048,Male,9,91.86,Two year,Electronic check,No,CUST_3048
CUST-03049,Female,29,76.72,Month-to-month,Electronic check,No,CUST_3049
CUST-03050,Male,13,28.84,Month-to-month,Mailed check,No,CUST_3050
CUST-03051,Female,22,61.0,Two year,Electronic check,No,CUST_3051
CUST-03052,Female,22,118.96,Month-to-month,Bank transfer,Yes,CUST_3052
CUST-03053,Female,6,22.56,One year,Mailed check,No,CUST_3053
CUST-03054,Male,54,88.19,Two year,Mailed check,No,CUST_3054
CUST-03055,Female,66,75.07,Month-to-month,Credit card,No,CUST_3055
CUST-03056,Male,14,41.85,Month-to-month,Electronic check,No,CUST_3056
CUST-03057,Female,42,42.07,One year,Bank transfer,No,CUST_3057
CUST-03058,Female,42,31.09,Month-to-month,Mailed check,No,CUST_3058
CUST-03059,Female,72,30.49,Two year,Bank transfer,No,CUST_3059
CUST-03060,Female,25,58.96,Month-to-month,Mailed check,Yes,CUST_3060
CUST-03061,Male,27,36.98,Month-to-month,Electronic check,Yes,CUST_3061
CUST-03062,Female,70,98.53,Month-to-month,Electronic check,Yes,CUST_3062
CUST-03063,Male,51,77.12,Month-to-month,Mailed check,No,CUST_3063
CUST-03064,Male,55,31.36,Two year,Bank transfer,No,CUST_3064
CUST-03065,Male,16,97.61,Month-to-month,Credit card,Yes,CUST_3065
CUST-03066,Male,30,44.69,Two year,Credit card,No,CUST_3066
CUST-03067,Female,28,80.16,Month-to-month,Bank transfer,Yes,CUST_3067
CUST-03068,Female,14,93.14,Month-to-month,Credit card,Yes,CUST_3068
CUST-03069,Male,46,23.39,Two year,Electronic check,No,CUST_3069
CUST-03070,Male,42,95.44,Month-to-month,Electronic check,Yes,CUST_3070
CUST-03071,Female,23,39.47,One year,Bank transfer,No,CUST_3071
CUST-03072,Female,2,43.16,One year,Credit card,Yes,CUST_3072
CUST-03073,Female,52,117.21,One year,Electronic check,No,CUST_3073
CUST-03074,Male,41,41.54,Month-to-month,Bank transfer,No,CUST_3074
CUST-03075,Female,2,111.76,Two year,Credit card,No,CUST_3075
CUST-03076,Female,50,61.93,Month-to-month,Bank transfer,Yes,CUST_3076
CUST-03077,Male,28,68.2,Month-to-month,Electronic check,No,CUST_3077
CUST-03078,Female,59,100.01,Two year,Electronic check,No,CUST_3078
CUST-03079,Male,29,115.7,Two year,Credit card,No,CUST_3079
CUST-03080,Male,9,47.36,Month-to-month,Bank transfer,Yes,CUST_3080
CUST-03081,Male,36,99.46,Month-to-month,Credit card,Yes,CUST_3081
CUST-03082,Female,48,48.14,Two year,Bank transfer,No,CUST_3082
CUST-03083,Male,6,102.55,Month-to-month,Electronic check,Yes,CUST_3083
CUST-03084,Male,9,74.55,Month-to-month,Mailed check,Yes,CUST_3084
CUST-03085,Male,28,89.14,Two year,Electronic check,No,CUST_3085
CUST-03086,Male,53,28.86,One year,Mailed check,No,CUST_3086
CUST-03087,Male,39,26.21,Two year,Electronic check,No,CUST_3087
CUST-03088,Male,64,27.12,Month-to-month,Mailed check,No,CUST_3088
CUST-03089,Female,14,63.42,Month-to-month,Electronic check,Yes,CUST_3089
CUST-03090,Male,69,80.05,One year,Mailed check,No,CUST_3090
CUST-03091,Female,22,23.77,Month-to-month,Credit card,No,CUST_3091
CUST-03092,Male,33,119.4,Month-to-month,Mailed check,Yes,CUST_3092
CUST-03093,Male,13,110.87,Month-to-month,Mailed check,Yes,CUST_3093
CUST-03094,Female,42,29.11,One year,Mailed check,No,CUST_3094
CUST-03095,Female,50,60.05,Month-to-month,Mailed check,Yes,CUST_3095
CUST-03096,Male,18,117.53,Month-to-month,Mailed check,No,CUST_3096
CUST-03097,Male,43,77.83,Month-to-month,Credit card,No,CUST_3097
CUST-03098,Female,23,91.04,Month-to-month,Bank transfer,Yes,CUST_3098
CUST-03099,Female,41,86.29,Month-to-month,Credit card,Yes,CUST_3099
CUST-03100,Female,62,28.3,One year,Credit card,No,CUST_3100
CUST-03101,Female,9,22.49,One year,Electronic check,Yes,CUST_3101
CUST-03102,Female,43,104.84,Two year,Electronic check,No,CUST_3102
CUST-03103,Male,3,85.62,Month-to-month,Electronic check,Yes,CUST_3103
CUST-03104,Female,58,112.27,Two year,Electronic check,No,CUST_3104
CUST-03105,Male,49,109.36,Two year,Mailed check,No,CUST_3105
CUST-03106,Female,66,23.87,Month-to-month,Mailed check,Yes,CUST_3106
CUST-03107,Male,30,72.96,One year,Credit card,Yes,CUST_3107
CUST-03108,Male,65,103.08,Month-to-month,Credit card,Yes,CUST_3108
CUST-03109,Male,2,61.72,Two year,Mailed check,No,CUST_3109
CUST-03110,Male,30,61.7,Two year,Credit card,No,CUST_3110
CUST-03111,Male,3,31.91,Month-to-month,Mailed check,Yes,CUST_3111
CUST-03112,Female,16,111.6,Two year,Mailed check,No,CUST_3112
CUST-03113,Female,40,119.93,Month-to-month,Credit card,Yes,CUST_3113
CUST-03114,Female,31,94.8,One year,Bank transfer,No,CUST_3114
CUST-03115,Female,55,27.24,One year,Credit card,No,CUST_3115
CUST-03116,Female,32,82.08,Two year,Mailed check,No,CUST_3116
CUST-03117,Female,11,23.96,Month-to-month,Bank transfer,Yes,CUST_3117
CUST-03118,Female,8,49.2,Month-to-month,Bank transfer,Yes,CUST_3118
CUST-03119,Male,18,32.2,Month-to-month,Credit card,Yes,CUST_3119
CUST-03120,Male,48,104.56,Two year,Bank transfer,No,CUST_3120
CUST-03121,Female,64,40.06,Two year,Mailed check,No,CUST_3121
CUST-03122,Female,38,70.19,Month-to-month,Electronic check,Yes,CUST_3122
CUST-03123,Male,26,94.27,Month-to-month,Mailed check,Yes,CUST_3123
CUST-03124,Female,20,52.91,Month-to-month,Electronic check,Yes,CUST_3124
CUST-03125,Male,49,75.35,One year,Mailed check,Yes,CUST_3125
CUST-03126,Female,27,108.82,One year,Electronic check,Yes,CUST_3126
CUST-03127,Female,5,119.64,Month-to-month,Electronic check,Yes,CUST_3127
CUST-03128,Male,31,40.95,Two year,Credit card,No,CUST_3128
CUST-03129,Male,57,39.75,Month-to-month,Credit card,Yes,CUST_3129
CUST-03130,Female,43,62.55,Month-to-month,Credit card,Yes,CUST_3130
CUST-03131,Female,18,89.54,Two year,Credit card,No,CUST_3131
CUST-03132,Female,36,76.55,One year,Electronic check,Yes,CUST_3132
CUST-03133,Male,41,87.13,One year,Electronic check,Yes,CUST_3133
CUST-03134,Female,6,68.57,Month-to-month,Bank transfer,Yes,CUST_3134
CUST-03135,Female,67,113.92,Month-to-month,Electronic check,Yes,CUST_3135
CUST-03136,Female,54,79.17,Two year,Electronic check,No,CUST_3136
CUST-03137,Female,37,40.54,Two year,Bank transfer,No,CUST_3137
CUST-03138,Female,4,74.35,Month-to-month,Electronic check,Yes,CUST_3138
CUST-03139,Male,30,25.88,One year,Electronic check,No,CUST_3139
CUST-03140,Male,43,52.39,Month-to-month,Mailed check,Yes,CUST_3140
CUST-03141,Male,44,68.06,Month-to-month,Bank transfer,Yes,CUST_3141
CUST-03142,Female,32,105.52,Month-to-month,Bank transfer,Yes,CUST_3142
CUST-03143,Female,27,108.38,Month-to-month,Electronic check,Yes,CUST_3143
CUST-03144,Female,70,99.07,One year,Credit card,No,CUST_3144
CUST-03145,Female,7,31.6,Month-to-month,Credit card,Yes,CUST_3145
CUST-03146,Female,32,107.69,Month-to-month,Bank transfer,Yes,CUST_3146
CUST-03147,Male,29,98.27,Month-to-month,Electronic check,Yes,CUST_3147
CUST-03148,Male,49,29.78,Month-to-month,Bank transfer,No,CUST_3148
CUST-03149,Female,67,88.18,Two year,Mailed check,No,CUST_3149
CUST-03150,Male,42,112.62,Month-to-month,Electronic check,Yes,CUST_3150
CUST-03151,Female,24,101.69,One year,Electronic check,No,CUST_3151
CUST-03152,Female,57,119.64,Month-to-month,Credit card,No,CUST_3152
CUST-03153,Female,1,50.35,Month-to-month,Credit card,Yes,CUST_3153
CUST-03154,Male,9,66.39,Month-to-month,Electronic check,Yes,CUST_3154
CUST-03155,Male,63,106.74,Month-to-month,Mailed check,No,CUST_3155
CUST-03156,Male,9,36.16,Month-to-month,Electronic check,Yes,CUST_3156
CUST-03157,Female,25,113.29,Month-to-month,Mailed check,No,CUST_3157
CUST-03158,Female,7,75.56,Month-to-month,Credit card,Yes,CUST_3158
CUST-03159,Male,19,85.52,One year,Bank transfer,No,CUST_3159
CUST-03160,Male,27,48.93,Two year,Bank transfer,No,CUST_3160
CUST-03161,Male,17,31.92,Two year,Credit card,No,CUST_3161
CUST-03162,Male,12,104.04,Two year,Electronic check,No,CUST_3162
CUST-03163,Male,23,65.94,Two year,Credit card,No,CUST_3163
CUST-03164,Male,71,83.2,Month-to-month,Electronic check,No,CUST_3164
CUST-03165,Male,27,51.71,Month-to-month,Electronic check,Yes,CUST_3165
CUST-03166,Male,31,110.86,Two year,Mailed check,No,CUST_3166
CUST-03167,Female,65,113.39,Month-to-month,Bank transfer,Yes,CUST_3167
CUST-03168,Male,11,27.51,Month-to-month,Electronic check,Yes,CUST_3168
CUST-03169,Female,55,112.94,Month-to-month,Credit card,Yes,CUST_3169
CUST-03170,Male,60,41.31,One year,Electronic check,No,CUST_3170
CUST-03171,Female,40,63.61,Month-to-month,Bank transfer,Yes,CUST_3171
CUST-03172,Female,22,104.91,Month-to-month,Electronic check,Yes,CUST_3172
CUST-03173,Female,26,56.85,Month-to-month,Mailed check,No,CUST_3173
CUST-03174,Female,32,58.06,One year,Electronic check,No,CUST_3174
CUST-03175,Male,55,106.02,One year,Electronic check,No,CUST_3175
CUST-03176,Male,23,38.75,Month-to-month,Mailed check,Yes,CUST_3176
CUST-03177,Male,32,27.17,Two year,Electronic check,No,CUST_3177
CUST-03178,Female,39,75.41,Month-to-month,Credit card,No,CUST_3178
CUST-03179,Female,37,116.4,One year,Electronic check,No,CUST_3179
CUST-03180,Female,58,23.75,Two year,Bank transfer,No,CUST_3180
CUST-03181,Male,26,83.72,Two year,Electronic check,No,CUST_3181
CUST-03182,Female,35,50.17,One year,Bank transfer,No,CUST_3182
CUST-03183,Female,62,117.06,Month-to-month,Mailed check,No,CUST_3183
CUST-03184,Female,11,85.76,One year,Electronic check,Yes,CUST_3184
CUST-03185,Male,47,57.9,One year,Mailed check,Yes,CUST_3185
CUST-03186,Female,51,98.25,Month-to-month,Mailed check,Yes,CUST_3186
CUST-03187,Male,49,119.88,Month-to-month,Bank transfer,Yes,CUST_3187
CUST-03188,Female,22,36.93,Two year,Bank transfer,No,CUST_3188
CUST-03189,Male,61,84.14,Two year,Mailed check,No,CUST_3189
CUST-03190,Female,57,31.9,Month-to-month,Electronic check,Yes,CUST_3190
CUST-03191,Male,55,48.4,One year,Electronic check,No,CUST_3191
CUST-03192,Male,65,24.79,Month-to-month,Mailed check,Yes,CUST_3192
CUST-03193,Male,56,91.0,Month-to-month,Mailed check,Yes,CUST_3193
CUST-03194,Male,20,28.24,One year,Electronic check,No,CUST_3194
CUST-03195,Male,62,53.55,Month-to-month,Electronic check,Yes,CUST_3195
CUST-03196,Male,3,53.15,One year,Electronic check,Yes,CUST_3196
CUST-03197,Female,49,61.1,Month-to-month,Bank transfer,Yes,CUST_3197
CUST-03198,Female,55,86.35,One year,Electronic check,Yes,CUST_3198
CUST-03199,Male,11,116.58,Month-to-month,Electronic check,Yes,CUST_3199
CUST-03200,Male,39,38.55,Two year,Credit card,No,CUST_3200
CUST-03201,Female,69,26.64,One year,Electronic check,No,CUST_3201
CUST-03202,Male,20,74.79,Month-to-month,Electronic check,No,CUST_3202
CUST-03203,Male,71,101.41,One year,Bank transfer,No,CUST_3203
CUST-03204,Male,23,53.71,Month-to-month,Bank transfer,Yes,CUST_3204
CUST-03205,Male,33,119.83,One year,Electronic check,No,CUST_3205
CUST-03206,Female,49,37.55,One year,Electronic check,No,CUST_3206
CUST-03207,Female,60,85.6,Two year,Mailed check,No,CUST_3207
CUST-03208,Female,40,93.96,Month-to-month,Bank transfer,Yes,CUST_3208
CUST-03209,Female,59,109.34,Month-to-month,Mailed check,Yes,CUST_3209
CUST-03210,Female,37,20.2,Month-to-month,Mailed check,No,CUST_3210
CUST-03211,Female,49,83.3,Two year,Credit card,No,CUST_3211
CUST-03212,Female,72,48.3,Month-to-month,Mailed check,Yes,CUST_3212
CUST-03213,Female,62,92.07,Two year,Mailed check,No,CUST_3213
CUST-03214,Male,10,26.5,One year,Mailed check,Yes,CUST_3214
CUST-03215,Female,43,90.76,Month-to-month,Credit card,Yes,CUST_3215
CUST-03216,Female,18,78.37,Month-to-month,Electronic check,Yes,CUST_3216
CUST-03217,Female,61,79.72,Two year,Credit card,No,CUST_3217
CUST-03218,Male,26,81.36,Month-to-month,Credit card,No,CUST_3218
CUST-03219,Male,20,72.06,Two year,Electronic check,No,CUST_3219
CUST-03220,Female,25,111.49,Two year,Electronic check,No,CUST_3220
CUST-03221,Female,1,55.89,Month-to-month,Credit card,Yes,CUST_3221
CUST-03222,Female,2,59.04,Month-to-month,Bank transfer,Yes,CUST_3222
CUST-03223,Male,65,48.23,Two year,Electronic check,No,CUST_3223
CUST-03224,Female,48,77.02,Month-to-month,Credit card,No,CUST_3224
CUST-03225,Male,63,114.96,Month-to-month,Mailed check,Yes,CUST_3225
CUST-03226,Female,52,42.09,One year,Electronic check,No,CUST_3226
CUST-03227,Female,54,25.84,Month-to-month,Bank transfer,Yes,CUST_3227
CUST-03228,Female,51,56.92,Month-to-month,Electronic check,No,CUST_3228
CUST-03229,Female,48,79.08,Month-to-month,Electronic check,Yes,CUST_3229
CUST-03230,Female,50,82.87,Month-to-month,Electronic check,Yes,CUST_3230
CUST-03231,Female,63,93.05,Month-to-month,Electronic check,No,CUST_3231
CUST-03232,Male,40,63.27,Two year,Bank transfer,No,CUST_3232
CUST-03233,Male,10,54.79,One year,Credit card,Yes,CUST_3233
CUST-03234,Male,53,86.34,Month-to-month,Bank transfer,No,CUST_3234
CUST-03235,Male,5,60.19,Month-to-month,Mailed check,Yes,CUST_3235
CUST-03236,Female,16,56.56,Month-to-month,Mailed check,No,CUST_3236
CUST-03237,Female,50,97.83,Month-to-month,Mailed check,No,CUST_3237
CUST-03238,Male,21,49.62,Two year,Electronic check,No,CUST_3238
CUST-03239,Male,25,34.56,Month-to-month,Credit card,No,CUST_3239
CUST-03240,Female,56,119.05,Two year,Mailed check,No,CUST_3240
CUST-03241,Female,33,64.83,Month-to-month,Electronic check,No,CUST_3241
CUST-03242,Female,45,92.44,One year,Mailed check,Yes,CUST_3242
CUST-03243,Female,66,65.57,Two year,Credit card,No,CUST_3243
CUST-03244,Female,63,58.97,Month-to-month,Electronic check,Yes,CUST_3244
CUST-03245,Female,48,33.33,Two year,Bank transfer,No,CUST_3245
CUST-03246,Male,8,85.34,One year,Credit card,No,CUST_3246
CUST-03247,Male,50,60.51,Month-to-month,Electronic check,Yes,CUST_3247
CUST-03248,Female,55,22.59,Two year,Mailed check,No,CUST_3248
CUST-03249,Male,32,58.28,Two year,Mailed check,No,CUST_3249
CUST-03250,Female,32,20.8,One year,Bank transfer,Yes,CUST_3250
CUST-03251,Female,62,22.26,One year,Mailed check,No,CUST_3251
CUST-03252,Female,5,24.28,Two year,Electronic check,Yes,CUST_3252
CUST-03253,Male,47,49.41,One year,Mailed check,Yes,CUST_3253
CUST-03254,Male,4,119.89,One year,Mailed check,No,CUST_3254
CUST-03255,Female,19,112.1,Month-to-month,Bank transfer,Yes,CUST_3255
CUST-03256,Male,34,31.12,Month-to-month,Bank transfer,No,CUST_3256
CUST-03257,Female,59,42.25,Two year,Mailed check,No,CUST_3257
CUST-03258,Male,19,118.68,Month-to-month,Electronic check,Yes,CUST_3258
CUST-03259,Female,33,57.81,Month-to-month,Bank transfer,Yes,CUST_3259
CUST-03260,Male,32,84.83,Month-to-month,Electronic check,No,CUST_3260
CUST-03261,Female,21,116.1,Month-to-month,Bank transfer,Yes,CUST_3261
CUST-03262,Male,2,106.11,One year,Mailed check,Yes,CUST_3262
CUST-03263,Male,15,46.07,Month-to-month,Credit card,No,CUST_3263
CUST-03264,Female,12,98.75,Month-to-month,Bank transfer,Yes,CUST_3264
CUST-03265,Male,50,71.2,One year,Electronic check,No,CUST_3265
CUST-03266,Female,51,97.8,Month-to-month,Bank transfer,Yes,CUST_3266
CUST-03267,Female,11,30.26,Two year,Bank transfer,No,CUST_3267
CUST-03268,Female,67,20.51,Month-to-month,Mailed check,No,CUST_3268
CUST-03269,Female,25,116.84,Two year,Electronic check,No,CUST_3269
CUST-03270,Female,55,118.05,Two year,Electronic check,No,CUST_3270
CUST-03271,Female,22,61.19,Month-to-month,Mailed check,No,CUST_3271
CUST-03272,Female,55,74.15,Two year,Bank transfer,No,CUST_3272
CUST-03273,Male,33,25.9,Month-to-month,Mailed check,Yes,CUST_3273
CUST-03274,Female,39,47.19,Month-to-month,Electronic check,No,CUST_3274
CUST-03275,Male,65,117.2,One year,Electronic check,No,CUST_3275
CUST-03276,Male,69,95.97,Month-to-month,Electronic check,No,CUST_3276
CUST-03277,Female,49,68.59,Two year,Electronic check,No,CUST_3277
CUST-03278,Male,40,73.63,Two year,Mailed check,No,CUST_3278
CUST-03279,Male,53,20.77,Two year,Mailed check,No,CUST_3279
CUST-03280,Female,12,60.76,Month-to-month,Electronic check,Yes,CUST_3280
CUST-03281,Female,14,39.22,Two year,Electronic check,No,CUST_3281
CUST-03282,Female,45,92.01,Month-to-month,Credit card,Yes,CUST_3282
CUST-03283,Male,19,32.17,Month-to-month,Electronic check,Yes,CUST_3283
CUST-03284,Male,35,107.02,Month-to-month,Electronic check,Yes,CUST_3284
CUST-03285,Male,27,85.96,Two year,Bank transfer,No,CUST_3285
CUST-03286,Male,51,34.0,Two year,Bank transfer,No,CUST_3286
CUST-03287,Female,40,34.28,Month-to-month,Electronic check,No,CUST_3287
CUST-03288,Female,1,34.81,Two year,Electronic check,No,CUST_3288
CUST-03289,Female,22,37.5,Month-to-month,Electronic check,Yes,CUST_3289
CUST-03290,Male,63,35.5,Month-to-month,Electronic check,No,CUST_3290
CUST-03291,Female,1,21.32,Month-to-month,Credit card,Yes,CUST_3291
CUST-03292,Male,13,47.77,Month-to-month,Mailed check,No,CUST_3292
CUST-03293,Male,9,52.67,Month-to-month,Electronic check,Yes,CUST_3293
CUST-03294,Female,54,35.55,Month-to-month,Mailed check,Yes,CUST_3294
CUST-03295,Female,68,39.26,Month-to-month,Bank transfer,Yes,CUST_3295
CUST-03296,Male,54,119.99,Two year,Mailed check,No,CUST_3296
CUST-03297,Female,37,79.11,Two year,Electronic check,No,CUST_3297
CUST-03298,Male,56,49.72,Month-to-month,Mailed check,Yes,CUST_3298
CUST-03299,Male,22,20.13,Month-to-month,Mailed check,No,CUST_3299
CUST-03300,Female,23,29.23,One year,Electronic check,No,CUST_3300
CUST-03301,Female,48,92.63,Month-to-month,Credit card,Yes,CUST_3301
CUST-03302,Male,24,75.42,Month-to-month,Mailed check,Yes,CUST_3302
CUST-03303,Male,18,65.24,Two year,Electronic check,No,CUST_3303
CUST-03304,Male,26,100.25,Month-to-month,Credit card,Yes,CUST_3304
CUST-03305,Female,63,42.82,One year,Mailed check,No,CUST_3305
CUST-03306,Male,24,108.99,Month-to-month,Credit card,Yes,CUST_3306
CUST-03307,Male,65,30.18,Month-to-month,Electronic check,No,CUST_3307
CUST-03308,Female,15,31.55,Two year,Electronic check,No,CUST_3308
CUST-03309,Female,58,44.63,One year,Electronic check,No,CUST_3309
CUST-03310,Female,28,86.7,One year,Electronic check,No,CUST_3310
CUST-03311,Female,24,102.6,Month-to-month,Electronic check,Yes,CUST_3311
CUST-03312,Female,26,114.57,Month-to-month,Electronic check,Yes,CUST_3312
CUST-03313,Female,8,51.44,Month-to-month,Electronic check,Yes,CUST_3313
CUST-03314,Male,24,51.87,Month-to-month,Mailed check,Yes,CUST_3314
CUST-03315,Male,25,97.98,Month-to-month,Mailed check,Yes,CUST_3315
CUST-03316,Male,34,64.3,Two year,Electronic check,No,CUST_3316
CUST-03317,Female,53,34.56,One year,Mailed check,No,CUST_3317
CUST-03318,Male,57,96.61,Month-to-month,Electronic check,Yes,CUST_3318
CUST-03319,Female,14,73.06,Month-to-month,Mailed check,No,CUST_3319
CUST-03320,Male,22,33.13,One year,Electronic check,No,CUST_3320
CUST-03321,Male,11,102.56,One year,Credit card,Yes,CUST_3321
CUST-03322,Male,38,99.15,One year,Mailed check,No,CUST_3322
CUST-03323,Male,11,63.67,Month-to-month,Mailed check,Yes,CUST_3323
CUST-03324,Male,49,31.77,Month-to-month,Mailed check,No,CUST_3324
CUST-03325,Female,16,90.02,Month-to-month,Mailed check,Yes,CUST_3325
CUST-03326,Female,36,86.49,One year,Electronic check,No,CUST_3326
CUST-03327,Male,9,115.65,Month-to-month,Electronic check,Yes,CUST_3327
CUST-03328,Male,44,75.65,One year,Mailed check,No,CUST_3328
CUST-03329,Female,4,24.09,Month-to-month,Mailed check,Yes,CUST_3329
CUST-03330,Female,31,95.92,Month-to-month,Electronic check,Yes,CUST_3330
CUST-03331,Male,62,72.42,Month-to-month,Mailed check,No,CUST_3331
CUST-03332,Male,63,22.92,Month-to-month,Electronic check,Yes,CUST_3332
CUST-03333,Male,13,112.66,Two year,Mailed check,No,CUST_3333
CUST-03334,Female,2,21.72,One year,Mailed check,No,CUST_3334
CUST-03335,Female,8,27.28,Two year,Bank transfer,No,CUST_3335
CUST-03336,Female,35,109.5,Two year,Mailed check,No,CUST_3336
CUST-03337,Female,1,30.23,One year,Electronic check,No,CUST_3337
CUST-03338,Female,6,48.77,Two year,Electronic check,Yes,CUST_3338
CUST-03339,Male,13,106.67,Month-to-month,Electronic check,Yes,CUST_3339
CUST-03340,Female,28,114.32,Month-to-month,Electronic check,Yes,CUST_3340
CUST-03341,Female,67,44.26,Month-to-month,Mailed check,Yes,CUST_3341
CUST-03342,Female,1,27.72,Two year,Credit card,Yes,CUST_3342
CUST-03343,Male,49,53.29,One year,Credit card,Yes,CUST_3343
CUST-03344,Male,67,95.91,Two year,Bank transfer,No,CUST_3344
CUST-03345,Female,35,98.66,Two year,Bank transfer,No,CUST_3345
CUST-03346,Male,63,71.05,Two year,Electronic check,No,CUST_3346
CUST-03347,Male,61,110.64,One year,Electronic check,Yes,CUST_3347
CUST-03348,Male,44,112.98,Two year,Bank transfer,No,CUST_3348
CUST-03349,Male,55,46.26,One year,Electronic check,No,CUST_3349
CUST-03350,Male,44,66.95,One year,Credit card,No,CUST_3350
CUST-03351,Male,48,61.0,Two year,Bank transfer,No,CUST_3351
CUST-03352,Male,44,65.41,Month-to-month,Credit card,Yes,CUST_3352
CUST-03353,Male,41,93.28,One year,Credit card,Yes,CUST_3353
CUST-03354,Female,31,82.88,Two year,Electronic check,No,CUST_3354
CUST-03355,Male,47,75.06,Month-to-month,Electronic check,No,CUST_3355
CUST-03356,Female,52,37.53,Two year,Bank transfer,No,CUST_3356
CUST-03357,Female,49,84.16,Month-to-month,Bank transfer,No,CUST_3357
CUST-03358,Male,8,87.41,Month-to-month,Bank transfer,Yes,CUST_3358
CUST-03359,Male,46,112.63,Month-to-month,Electronic check,Yes,CUST_3359
CUST-03360,Male,43,42.33,Month-to-month,Electronic check,Yes,CUST_3360
CUST-03361,Male,13,58.55,Month-to-month,Mailed check,No,CUST_3361
CUST-03362,Male,1,95.6,Two year,Bank transfer,Yes,CUST_3362
CUST-03363,Male,59,69.77,Two year,Electronic check,No,CUST_3363
CUST-03364,Female,52,111.27,One year,Bank transfer,No,CUST_3364
CUST-03365,Female,18,84.25,Month-to-month,Credit card,No,CUST_3365
CUST-03366,Female,4,116.81,Month-to-month,Credit card,Yes,CUST_3366
CUST-03367,Male,16,87.37,Month-to-month,Electronic check,Yes,CUST_3367
CUST-03368,Female,68,42.73,Two year,Mailed check,No,CUST_3368
CUST-03369,Female,36,75.83,One year,Electronic check,No,CUST_3369
CUST-03370,Male,32,97.31,Month-to-month,Mailed check,No,CUST_3370
CUST-03371,Male,48,86.76,Two year,Electronic check,No,CUST_3371
CUST-03372,Male,58,29.73,Month-to-month,Mailed check,No,CUST_3372
CUST-03373,Female,61,102.39,Month-to-month,Electronic check,No,CUST_3373
CUST-03374,Female,66,82.06,Month-to-month,Bank transfer,No,CUST_3374
CUST-03375,Male,53,110.49,Month-to-month,Credit card,Yes,CUST_3375
CUST-03376,Female,25,64.46,One year,Bank transfer,Yes,CUST_3376
CUST-03377,Male,1,113.12,One year,Electronic check,Yes,CUST_3377
CUST-03378,Female,42,110.39,Two year,Electronic check,No,CUST_3378
CUST-03379,Male,3,102.2,Two year,Mailed check,No,CUST_3379
CUST-03380,Male,47,60.25,Month-to-month,Mailed check,Yes,CUST_3380
CUST-03381,Female,6,77.57,Month-to-month,Electronic check,Yes,CUST_3381
CUST-03382,Male,42,51.89,Two year,Bank transfer,No,CUST_3382
CUST-03383,Male,57,53.19,Month-to-month,Bank transfer,Yes,CUST_3383
CUST-03384,Female,30,52.32,Two year,Electronic check,No,CUST_3384
CUST-03385,Male,63,54.45,Month-to-month,Mailed check,Yes,CUST_3385
CUST-03386,Male,52,69.3,Two year,Credit card,No,CUST_3386
CUST-03387,Female,11,57.21,One year,Bank transfer,No,CUST_3387
CUST-03388,Male,45,77.22,Month-to-month,Credit card,Yes,CUST_3388
CUST-03389,Female,55,89.79,Month-to-month,Mailed check,Yes,CUST_3389
CUST-03390,Female,61,22.09,Two year,Credit card,No,CUST_3390
CUST-03391,Female,13,95.96,Month-to-month,Electronic check,Yes,CUST_3391
CUST-03392,Male,50,38.66,Month-to-month,Electronic check,Yes,CUST_3392
CUST-03393,Male,38,109.48,Month-to-month,Credit card,Yes,CUST_3393
CUST-03394,Female,25,20.07,Month-to-month,Credit card,Yes,CUST_3394
CUST-03395,Male,19,61.91,One year,Bank transfer,No,CUST_3395
CUST-03396,Female,67,116.47,Two year,Mailed check,No,CUST_3396
CUST-03397,Female,65,76.64,Month-to-month,Electronic check,Yes,CUST_3397
CUST-03398,Male,5,24.88,Month-to-month,Electronic check,Yes,CUST_3398
CUST-03399,Male,17,49.8,Month-to-month,Credit card,Yes,CUST_3399
CUST-03400,Male,64,109.39,Month-to-month,Bank transfer,Yes,CUST_3400
CUST-03401,Male,12,71.98,One year,Mailed check,No,CUST_3401
CUST-03402,Male,39,100.1,Month-to-month,Electronic check,Yes,CUST_3402
CUST-03403,Female,71,62.92,Month-to-month,Credit card,No,CUST_3403
CUST-03404,Male,60,57.73,Two year,Electronic check,No,CUST_3404
CUST-03405,Male,22,92.79,Two year,Electronic check,Yes,CUST_3405
CUST-03406,Male,58,58.85,Month-to-month,Bank transfer,No,CUST_3406
CUST-03407,Male,15,62.04,Month-to-month,Mailed check,No,CUST_3407
CUST-03408,Female,62,44.06,Month-to-month,Electronic check,Yes,CUST_3408
CUST-03409,Male,70,65.23,Month-to-month,Credit card,No,CUST_3409
CUST-03410,Female,31,47.34,Month-to-month,Electronic check,No,CUST_3410
CUST-03411,Female,32,64.41,Two year,Bank transfer,No,CUST_3411
CUST-03412,Female,28,24.32,Month-to-month,Electronic check,Yes,CUST_3412
CUST-03413,Female,22,59.91,Month-to-month,Electronic check,Yes,CUST_3413
CUST-03414,Male,12,34.39,One year,Electronic check,Yes,CUST_3414
CUST-03415,Male,14,61.44,Month-to-month,Mailed check,Yes,CUST_3415
CUST-03416,Male,56,112.64,One year,Credit card,Yes,CUST_3416
CUST-03417,Male,4,61.83,Month-to-month,Mailed check,Yes,CUST_3417
CUST-03418,Female,21,76.01,Month-to-month,Electronic check,Yes,CUST_3418
CUST-03419,Female,42,49.88,Month-to-month,Bank transfer,Yes,CUST_3419
CUST-03420,Female,50,109.89,Month-to-month,Electronic check,Yes,CUST_3420
CUST-03421,Female,36,25.86,Month-to-month,Electronic check,Yes,CUST_3421
CUST-03422,Male,29,55.77,Month-to-month,Electronic check,Yes,CUST_3422
CUST-03423,Male,33,83.5,Two year,Credit card,No,CUST_3423
CUST-03424,Male,61,71.2,Month-to-month,Credit card,Yes,CUST_3424
CUST-03425,Male,16,39.45,Month-to-month,Electronic check,Yes,CUST_3425
CUST-03426,Male,18,92.29,Month-to-month,Bank transfer,Yes,CUST_3426
CUST-03427,Male,69,81.6,Month-to-month,Electronic check,No,CUST_3427
CUST-03428,Female,63,36.07,Month-to-month,Credit card,No,CUST_3428
CUST-03429,Female,12,81.29,One year,Electronic check,No,CUST_3429
CUST-03430,Female,43,59.78,Two year,Mailed check,No,CUST_3430
CUST-03431,Female,29,46.94,One year,Mailed check,No,CUST_3431
CUST-03432,Male,9,65.98,Month-to-month,Bank transfer,Yes,CUST_3432
CUST-03433,Female,44,103.74,Two year,Mailed check,Yes,CUST_3433
CUST-03434,Female,49,105.97,Month-to-month,Electronic check,Yes,CUST_3434
CUST-03435,Male,49,38.04,Month-to-month,Electronic check,Yes,CUST_3435
CUST-03436,Male,72,100.27,One year,Bank transfer,No,CUST_3436
CUST-03437,Female,56,101.16,One year,Mailed check,No,CUST_3437
CUST-03438,Female,30,73.15,Month-to-month,Electronic check,Yes,CUST_3438
CUST-03439,Female,29,87.53,Two year,Credit card,No,CUST_3439
CUST-03440,Female,34,44.04,Month-to-month,Credit card,Yes,CUST_3440
CUST-03441,Female,15,34.08,Month-to-month,Electronic check,Yes,CUST_3441
CUST-03442,Female,38,45.05,Month-to-month,Mailed check,No,CUST_3442
CUST-03443,Female,12,41.26,One year,Electronic check,No,CUST_3443
CUST-03444,Male,15,71.23,Month-to-month,Electronic check,Yes,CUST_3444
CUST-03445,Male,12,96.68,Month-to-month,Bank transfer,No,CUST_3445
CUST-03446,Male,44,47.39,Month-to-month,Mailed check,No,CUST_3446
CUST-03447,Male,25,65.44,Month-to-month,Electronic check,No,CUST_3447
CUST-03448,Male,15,32.6,Month-to-month,Bank transfer,Yes,CUST_3448
CUST-03449,Male,48,31.06,Month-to-month,Mailed check,No,CUST_3449
CUST-03450,Female,17,53.1,Month-to-month,Electronic check,Yes,CUST_3450
CUST-03451,Female,41,44.66,Month-to-month,Electronic check,No,CUST_3451
CUST-03452,Female,49,107.31,Month-to-month,Credit card,Yes,CUST_3452
CUST-03453,Male,1,80.04,Two year,Mailed check,No,CUST_3453
CUST-03454,Female,40,52.76,One year,Electronic check,Yes,CUST_3454
CUST-03455,Female,8,53.8,Month-to-month,Electronic check,Yes,CUST_3455
CUST-03456,Male,69,65.85,Month-to-month,Credit card,Yes,CUST_3456
CUST-03457,Male,25,104.58,Month-to-month,Electronic check,Yes,CUST_3457
CUST-03458,Female,50,78.5,Month-to-month,Mailed check,Yes,CUST_3458
CUST-03459,Female,55,22.88,Two year,Credit card,No,CUST_3459
CUST-03460,Male,41,37.41,Two year,Bank transfer,No,CUST_3460
CUST-03461,Female,47,69.9,Month-to-month,Electronic check,No,CUST_3461
CUST-03462,Female,17,100.9,Month-to-month,Electronic check,Yes,CUST_3462
CUST-03463,Male,67,21.49,One year,Electronic check,Yes,CUST_3463
CUST-03464,Male,29,47.76,Month-to-month,Electronic check,No,CUST_3464
CUST-03465,Female,14,56.89,One year,Electronic check,No,CUST_3465
CUST-03466,Female,51,26.14,One year,Electronic check,No,CUST_3466
CUST-03467,Male,2,119.67,Month-to-month,Electronic check,Yes,CUST_3467
CUST-03468,Male,69,41.29,Month-to-month,Electronic check,Yes,CUST_3468
CUST-03469,Female,59,85.72,Two year,Bank transfer,No,CUST_3469
CUST-03470,Male,41,82.06,Two year,Bank transfer,No,CUST_3470
CUST-03471,Female,19,53.79,Two year,Mailed check,No,CUST_3471
CUST-03472,Male,38,79.98,Month-to-month,Bank transfer,No,CUST_3472
CUST-03473,Female,29,55.88,Month-to-month,Bank transfer,Yes,CUST_3473
CUST-03474,Female,64,113.09,Month-to-month,Bank transfer,No,CUST_3474
CUST-03475,Female,59,104.83,One year,Bank transfer,Yes,CUST_3475
CUST-03476,Male,19,52.22,Month-to-month,Mailed check,Yes,CUST_3476
CUST-03477,Male,37,73.78,Month-to-month,Electronic check,No,CUST_3477
CUST-03478,Male,19,101.04,Month-to-month,Mailed check,No,CUST_3478
CUST-03479,Male,5,72.54,Month-to-month,Credit card,Yes,CUST_3479
CUST-03480,Female,41,42.64,One year,Credit card,No,CUST_3480
CUST-03481,Female,40,47.95,Month-to-month,Electronic check,Yes,CUST_3481
CUST-03482,Male,65,111.16,Month-to-month,Bank transfer,Yes,CUST_3482
CUST-03483,Male,16,33.98,Month-to-month,Electronic check,Yes,CUST_3483
CUST-03484,Female,36,63.51,Month-to-month,Credit card,Yes,CUST_3484
CUST-03485,Female,62,38.38,Month-to-month,Mailed check,No,CUST_3485
CUST-03486,Male,28,108.17,Month-to-month,Mailed check,Yes,CUST_3486
CUST-03487,Female,64,81.72,Month-to-month,Electronic check,Yes,CUST_3487
CUST-03488,Female,38,29.06,Month-to-month,Credit card,Yes,CUST_3488
CUST-03489,Male,49,35.79,Two year,Bank transfer,No,CUST_3489
CUST-03490,Male,8,68.54,Month-to-month,Bank transfer,Yes,CUST_3490
CUST-03491,Female,43,115.13,Two year,Credit card,Yes,CUST_3491
CUST-03492,Female,20,80.02,Month-to-month,Mailed check,No,CUST_3492
CUST-03493,Male,27,102.92,Month-to-month,Electronic check,Yes,CUST_3493
CUST-03494,Male,29,22.64,Month-to-month,Mailed check,No,CUST_3494
CUST-03495,Female,7,28.7,One year,Electronic check,Yes,CUST_3495
CUST-03496,Female,23,66.4,One year,Electronic check,No,CUST_3496
CUST-03497,Female,63,112.76,Month-to-month,Electronic check,No,CUST_3497
CUST-03498,Male,51,37.68,Month-to-month,Electronic check,Yes,CUST_3498
CUST-03499,Female,39,31.92,Month-to-month,Electronic check,Yes,CUST_3499
CUST-03500,Female,21,88.45,Two year,Mailed check,No,CUST_3500
CUST-03501,Female,3,79.03,Two year,Bank transfer,No,CUST_3501
CUST-03502,Male,71,109.98,Month-to-month,Mailed check,Yes,CUST_3502
CUST-03503,Female,51,58.24,Month-to-month,Electronic check,No,CUST_3503
CUST-03504,Male,44,40.99,Two year,Electronic check,No,CUST_3504
CUST-03505,Male,55,105.84,Month-to-month,Mailed check,Yes,CUST_3505
CUST-03506,Female,61,103.42,One year,Credit card,Yes,CUST_3506
CUST-03507,Female,45,59.62,Month-to-month,Mailed check,No,CUST_3507
CUST-03508,Male,51,118.62,Month-to-month,Electronic check,Yes,CUST_3508
CUST-03509,Male,51,101.94,Two year,Mailed check,No,CUST_3509
CUST-03510,Male,10,95.15,One year,Electronic check,Yes,CUST_3510
CUST-03511,Female,68,117.12,Two year,Credit card,No,CUST_3511
CUST-03512,Male,37,32.11,Month-to-month,Credit card,Yes,CUST_3512
CUST-03513,Female,37,43.06,Month-to-month,Electronic check,No,CUST_3513
CUST-03514,Female,25,35.69,Month-to-month,Electronic check,Yes,CUST_3514
CUST-03515,Female,71,24.52,Month-to-month,Mailed check,Yes,CUST_3515
CUST-03516,Male,51,73.16,Two year,Electronic check,No,CUST_3516
CUST-03517,Male,13,113.76,Month-to-month,Bank transfer,Yes,CUST_3517
CUST-03518,Female,17,55.83,Two year,Electronic check,No,CUST_3518
CUST-03519,Female,42,38.49,One year,Electronic check,No,CUST_3519
CUST-03520,Female,7,24.51,Month-to-month,Electronic check,Yes,CUST_3520
CUST-03521,Female,39,29.52,One year,Mailed check,No,CUST_3521
CUST-03522,Female,59,78.5,Month-to-month,Electronic check,Yes,CUST_3522
CUST-03523,Male,21,30.62,One year,Electronic check,No,CUST_3523
CUST-03524,Male,18,43.94,Month-to-month,Electronic check,Yes,CUST_3524
CUST-03525,Male,57,44.35,Month-to-month,Electronic check,Yes,CUST_3525
CUST-03526,Male,62,57.37,One year,Electronic check,No,CUST_3526
CUST-03527,Female,38,42.57,Month-to-month,Mailed check,Yes,CUST_3527
CUST-03528,Female,19,80.42,Two year,Mailed check,No,CUST_3528
CUST-03529,Female,27,28.48,Two year,Bank transfer,No,CUST_3529
CUST-03530,Female,28,26.18,Month-to-month,Electronic check,Yes,CUST_3530
CUST-03531,Male,26,25.81,Month-to-month,Credit card,No,CUST_3531
CUST-03532,Male,2,22.17,Month-to-month,Bank transfer,Yes,CUST_3532
CUST-03533,Male,47,90.87,Two year,Mailed check,No,CUST_3533
CUST-03534,Female,14,84.8,Two year,Credit card,No,CUST_3534
CUST-03535,Male,19,63.03,Month-to-month,Mailed check,No,CUST_3535
CUST-03536,Female,49,57.68,Two year,Mailed check,No,CUST_3536
CUST-03537,Male,55,38.42,Month-to-month,Bank transfer,Yes,CUST_3537
CUST-03538,Female,22,54.05,Month-to-month,Bank transfer,Yes,CUST_3538
CUST-03539,Male,8,91.55,Two year,Electronic check,Yes,CUST_3539
CUST-03540,Male,13,87.7,One year,Credit card,No,CUST_3540
CUST-03541,Male,46,90.0,Month-to-month,Electronic check,Yes,CUST_3541
CUST-03542,Female,61,26.4,Month-to-month,Bank transfer,No,CUST_3542
CUST-03543,Male,23,94.0,One year,Electronic check,Yes,CUST_3543
CUST-03544,Female,7,55.39,Month-to-month,Bank transfer,Yes,CUST_3544
CUST-03545,Male,16,79.97,Two year,Electronic check,No,CUST_3545
CUST-03546,Female,66,20.25,Two year,Electronic check,No,CUST_3546
CUST-03547,Male,44,64.95,Month-to-month,Credit card,Yes,CUST_3547
CUST-03548,Female,56,119.75,One year,Credit card,No,CUST_3548
CUST-03549,Male,20,101.19,Two year,Bank transfer,No,CUST_3549
CUST-03550,Male,52,34.26,Two year,Mailed check,No,CUST_3550
CUST-03551,Female,32,20.05,One year,Electronic check,No,CUST_3551
CUST-03552,Female,5,99.39,Two year,Mailed check,Yes,CUST_3552
CUST-03553,Male,16,54.41,Two year,Electronic check,No,CUST_3553
CUST-03554,Female,31,100.38,Two year,Electronic check,No,CUST_3554
CUST-03555,Male,51,41.72,Month-to-month,Bank transfer,Yes,CUST_3555
CUST-03556,Male,63,94.29,Month-to-month,Credit card,No,CUST_3556
CUST-03557,Female,39,28.28,One year,Electronic check,No,CUST_3557
CUST-03558,Female,23,58.51,Month-to-month,Electronic check,Yes,CUST_3558
CUST-03559,Male,49,82.75,Month-to-month,Electronic check,Yes,CUST_3559
CUST-03560,Male,12,66.55,Month-to-month,Electronic check,Yes,CUST_3560
CUST-03561,Male,60,98.18,Month-to-month,Credit card,Yes,CUST_3561
CUST-03562,Male,49,96.84,Month-to-month,Mailed check,Yes,CUST_3562
CUST-03563,Female,36,48.49,Two year,Bank transfer,No,CUST_3563
CUST-03564,Female,57,57.68,Month-to-month,Credit card,Yes,CUST_3564
CUST-03565,Female,48,64.11,Month-to-month,Bank transfer,No,CUST_3565
CUST-03566,Female,2,48.79,Month-to-month,Electronic check,Yes,CUST_3566
CUST-03567,Male,16,44.51,Two year,Bank transfer,No,CUST_3567
CUST-03568,Female,15,21.28,Two year,Credit card,No,CUST_3568
CUST-03569,Female,11,94.01,Month-to-month,Bank transfer,Yes,CUST_3569
CUST-03570,Female,16,81.49,Month-to-month,Electronic check,No,CUST_3570
CUST-03571,Female,63,114.5,Two year,Electronic check,No,CUST_3571
CUST-03572,Female,66,55.27,Two year,Mailed check,No,CUST_3572
CUST-03573,Male,29,87.77,Two year,Mailed check,No,CUST_3573
CUST-03574,Male,3,89.93,Month-to-month,Credit card,Yes,CUST_3574
CUST-03575,Female,62,30.44,Two year,Mailed check,No,CUST_3575
CUST-03576,Female,36,28.03,One year,Credit card,No,CUST_3576
CUST-03577,Female,13,65.14,One year,Bank transfer,No,CUST_3577
CUST-03578,Male,24,69.9,Month-to-month,Mailed check,Yes,CUST_3578
CUST-03579,Male,50,116.92,Two year,Bank transfer,No,CUST_3579
CUST-03580,Male,62,91.15,Month-to-month,Credit card,Yes,CUST_3580
CUST-03581,Female,56,54.0,Month-to-month,Credit card,Yes,CUST_3581
CUST-03582,Female,39,54.46,Month-to-month,Mailed check,Yes,CUST_3582
CUST-03583,Male,17,85.88,Month-to-month,Bank transfer,No,CUST_3583
CUST-03584,Male,13,84.81,Two year,Mailed check,No,CUST_3584
CUST-03585,Female,42,95.97,One year,Credit card,Yes,CUST_3585
CUST-03586,Male,9,26.69,One year,Mailed check,No,CUST_3586
CUST-03587,Female,69,22.65,Month-to-month,Bank transfer,No,CUST_3587
CUST-03588,Female,24,77.55,One year,Credit card,No,CUST_3588
CUST-03589,Female,52,75.38,Month-to-month,Credit card,Yes,CUST_3589
CUST-03590,Female,3,102.14,One year,Electronic check,Yes,CUST_3590
CUST-03591,Female,51,84.8,Month-to-month,Electronic check,Yes,CUST_3591
CUST-03592,Male,72,67.68,Month-to-month,Mailed check,No,CUST_3592
CUST-03593,Male,69,25.49,One year,Bank transfer,No,CUST_3593
CUST-03594,Male,68,86.22,Month-to-month,Electronic check,Yes,CUST_3594
CUST-03595,Female,63,99.72,Month-to-month,Credit card,No,CUST_3595
CUST-03596,Male,9,82.49,Two year,Mailed check,No,CUST_3596
CUST-03597,Male,67,35.59,Month-to-month,Bank transfer,No,CUST_3597
CUST-03598,Male,69,44.59,Two year,Mailed check,No,CUST_3598
CUST-03599,Male,16,87.52,One year,Electronic check,Yes,CUST_3599
CUST-03600,Female,27,59.08,Month-to-month,Mailed check,No,CUST_3600
CUST-03601,Male,16,82.61,Month-to-month,Credit card,Yes,CUST_3601
CUST-03602,Female,24,87.98,Two year,Electronic check,No,CUST_3602
CUST-03603,Female,24,64.18,Month-to-month,Electronic check,Yes,CUST_3603
CUST-03604,Male,1,58.64,Month-to-month,Electronic check,No,CUST_3604
CUST-03605,Male,72,102.59,Month-to-month,Credit card,No,CUST_3605
CUST-03606,Female,58,83.26,Two year,Bank transfer,No,CUST_3606
CUST-03607,Male,41,40.45,Month-to-month,Electronic check,Yes,CUST_3607
CUST-03608,Male,16,44.61,Month-to-month,Mailed check,Yes,CUST_3608
CUST-03609,Female,6,35.12,Two year,Mailed check,No,CUST_3609
CUST-03610,Female,17,88.4,Month-to-month,Bank transfer,No,CUST_3610
CUST-03611,Male,27,32.31,Month-to-month,Credit card,Yes,CUST_3611
CUST-03612,Male,21,55.57,Month-to-month,Bank transfer,Yes,CUST_3612
CUST-03613,Female,12,35.53,One year,Electronic check,No,CUST_3613
CUST-03614,Male,72,106.9,Two year,Electronic check,No,CUST_3614
CUST-03615,Female,33,57.86,Two year,Electronic check,No,CUST_3615
CUST-03616,Male,5,83.58,Month-to-month,Electronic check,Yes,CUST_3616
CUST-03617,Female,11,92.05,Two year,Mailed check,No,CUST_3617
CUST-03618,Female,16,84.71,Month-to-month,Credit card,No,CUST_3618
CUST-03619,Female,65,56.76,Month-to-month,Bank transfer,Yes,CUST_3619
CUST-03620,Female,39,42.07,Two year,Electronic check,No,CUST_3620
CUST-03621,Male,47,69.8,Month-to-month,Electronic check,Yes,CUST_3621
CUST-03622,Male,70,28.31,Month-to-month,Credit card,No,CUST_3622
CUST-03623,Female,22,104.58,One year,Electronic check,No,CUST_3623
CUST-03624,Male,55,80.63,Month-to-month,Mailed check,Yes,CUST_3624
CUST-03625,Female,1,39.26,Month-to-month,Mailed check,Yes,CUST_3625
CUST-03626,Male,32,24.0,Month-to-month,Electronic check,No,CUST_3626
CUST-03627,Female,39,113.9,One year,Electronic check,No,CUST_3627
CUST-03628,Male,6,44.48,Month-to-month,Bank transfer,Yes,CUST_3628
CUST-03629,Male,67,103.02,One year,Mailed check,No,CUST_3629
CUST-03630,Female,38,97.29,Month-to-month,Credit card,Yes,CUST_3630
CUST-03631,Female,69,44.57,One year,Bank transfer,No,CUST_3631
CUST-03632,Male,57,95.23,Month-to-month,Bank transfer,Yes,CUST_3632
CUST-03633,Male,18,76.46,Month-to-month,Credit card,No,CUST_3633
CUST-03634,Male,63,89.69,Month-to-month,Credit card,Yes,CUST_3634
CUST-03635,Male,41,107.37,Month-to-month,Mailed check,Yes,CUST_3635
CUST-03636,Male,67,90.3,Month-to-month,Electronic check,No,CUST_3636
CUST-03637,Female,46,27.31,Month-to-month,Credit card,No,CUST_3637
CUST-03638,Male,69,34.32,Two year,Electronic check,No,CUST_3638
CUST-03639,Female,66,63.74,Two year,Electronic check,No,CUST_3639
CUST-03640,Female,27,79.94,Month-to-month,Bank transfer,No,CUST_3640
CUST-03641,Female,13,82.64,Month-to-month,Electronic check,Yes,CUST_3641
CUST-03642,Male,6,105.15,Month-to-month,Electronic check,Yes,CUST_3642
CUST-03643,Male,31,58.0,Month-to-month,Electronic check,No,CUST_3643
CUST-03644,Female,5,40.87,One year,Credit card,Yes,CUST_3644
CUST-03645,Male,25,117.09,Two year,Bank transfer,No,CUST_3645
CUST-03646,Female,19,95.5,Month-to-month,Bank transfer,Yes,CUST_3646
CUST-03647,Female,39,73.54,Month-to-month,Electronic check,Yes,CUST_3647
CUST-03648,Male,28,45.79,Month-to-month,Electronic check,Yes,CUST_3648
CUST-03649,Male,18,69.09,Two year,Credit card,No,CUST_3649
CUST-03650,Male,71,75.37,Two year,Bank transfer,No,CUST_3650
CUST-03651,Female,28,100.14,Month-to-month,Mailed check,Yes,CUST_3651
CUST-03652,Male,46,69.69,Month-to-month,Electronic check,Yes,CUST_3652
CUST-03653,Female,36,54.25,Month-to-month,Electronic check,No,CUST_3653
CUST-03654,Female,17,27.16,Two year,Mailed check,No,CUST_3654
CUST-03655,Female,55,118.54,One year,Mailed check,No,CUST_3655
CUST-03656,Male,10,109.55,One year,Electronic check,Yes,CUST_3656
CUST-03657,Female,71,111.93,Month-to-month,Electronic check,No,CUST_3657
CUST-03658,Male,33,33.95,Two year,Mailed check,No,CUST_3658
CUST-03659,Male,34,29.42,Month-to-month,Electronic check,Yes,CUST_3659
CUST-03660,Male,49,97.89,Two year,Mailed check,No,CUST_3660
CUST-03661,Male,21,86.73,Month-to-month,Electronic check,Yes,CUST_3661
CUST-03662,Female,52,23.03,Two year,Electronic check,No,CUST_3662
CUST-03663,Female,59,58.78,Month-to-month,Mailed check,Yes,CUST_3663
CUST-03664,Male,11,55.31,One year,Mailed check,No,CUST_3664
CUST-03665,Female,33,90.03,Month-to-month,Electronic check,Yes,CUST_3665
CUST-03666,Male,55,59.29,Month-to-month,Credit card,Yes,CUST_3666
CUST-03667,Male,19,38.4,Month-to-month,Mailed check,Yes,CUST_3667
CUST-03668,Female,69,64.51,Month-to-month,Bank transfer,Yes,CUST_3668
CUST-03669,Female,27,99.3,Month-to-month,Credit card,Yes,CUST_3669
CUST-03670,Female,10,42.03,Month-to-month,Electronic check,Yes,CUST_3670
CUST-03671,Female,35,108.75,Month-to-month,Electronic check,Yes,CUST_3671
CUST-03672,Male,25,26.36,Two year,Bank transfer,No,CUST_3672
CUST-03673,Female,48,34.45,One year,Bank transfer,No,CUST_3673
CUST-03674,Male,66,38.31,Month-to-month,Credit card,Yes,CUST_3674
CUST-03675,Male,21,47.96,Month-to-month,Electronic check,Yes,CUST_3675
CUST-03676,Female,54,114.31,One year,Electronic check,No,CUST_3676
CUST-03677,Female,20,42.06,Month-to-month,Electronic check,Yes,CUST_3677
CUST-03678,Male,41,100.78,Month-to-month,Credit card,Yes,CUST_3678
CUST-03679,Male,56,44.89,One year,Credit card,No,CUST_3679
CUST-03680,Male,49,115.02,Two year,Electronic check,No,CUST_3680
CUST-03681,Female,4,56.54,Month-to-month,Credit card,Yes,CUST_3681
CUST-03682,Female,32,59.23,Month-to-month,Mailed check,Yes,CUST_3682
CUST-03683,Male,10,113.04,One year,Mailed check,Yes,CUST_3683
CUST-03684,Female,35,58.59,Month-to-month,Credit card,Yes,CUST_3684
CUST-03685,Female,16,66.93,One year,Electronic check,No,CUST_3685
CUST-03686,Female,69,61.07,One year,Mailed check,No,CUST_3686
CUST-03687,Male,15,72.89,One year,Credit card,No,CUST_3687
CUST-03688,Female,71,71.13,Two year,Electronic check,No,CUST_3688
CUST-03689,Female,53,78.87,Month-to-month,Mailed check,Yes,CUST_3689
CUST-03690,Female,9,35.97,One year,Bank transfer,No,CUST_3690
CUST-03691,Male,43,47.87,Month-to-month,Bank transfer,No,CUST_3691
CUST-03692,Female,12,100.22,One year,Bank transfer,No,CUST_3692
CUST-03693,Male,47,48.8,Two year,Electronic check,No,CUST_3693
CUST-03694,Female,43,56.76,One year,Bank transfer,Yes,CUST_3694
CUST-03695,Male,35,32.03,Two year,Electronic check,No,CUST_3695
CUST-03696,Male,19,50.68,Two year,Bank transfer,No,CUST_3696
CUST-03697,Male,29,82.55,Two year,Mailed check,No,CUST_3697
CUST-03698,Male,36,51.49,Month-to-month,Electronic check,Yes,CUST_3698
CUST-03699,Male,2,115.86,Two year,Bank transfer,Yes,CUST_3699
CUST-03700,Male,13,77.86,One year,Electronic check,No,CUST_3700
CUST-03701,Male,49,117.07,Month-to-month,Mailed check,Yes,CUST_3701
CUST-03702,Female,29,61.88,Two year,Bank transfer,No,CUST_3702
CUST-03703,Male,49,58.31,Month-to-month,Electronic check,Yes,CUST_3703
CUST-03704,Male,14,112.88,Month-to-month,Credit card,Yes,CUST_3704
CUST-03705,Female,16,105.87,One year,Bank transfer,No,CUST_3705
CUST-03706,Male,23,34.3,Two year,Mailed check,No,CUST_3706
CUST-03707,Male,68,87.22,Month-to-month,Electronic check,Yes,CUST_3707
CUST-03708,Male,40,106.64,Month-to-month,Mailed check,No,CUST_3708
CUST-03709,Female,63,96.59,Month-to-month,Mailed check,Yes,CUST_3709
CUST-03710,Female,13,95.07,Month-to-month,Electronic check,Yes,CUST_3710
CUST-03711,Male,68,107.58,Two year,Electronic check,No,CUST_3711
CUST-03712,Male,45,91.1,One year,Credit card,Yes,CUST_3712
CUST-03713,Male,37,37.93,Month-to-month,Mailed check,No,CUST_3713
CUST-03714,Male,71,114.47,Month-to-month,Electronic check,No,CUST_3714
CUST-03715,Male,35,93.97,Month-to-month,Electronic check,Yes,CUST_3715
CUST-03716,Female,13,90.22,Two year,Mailed check,No,CUST_3716
CUST-03717,Male,7,81.39,One year,Mailed check,No,CUST_3717
CUST-03718,Male,22,78.43,Month-to-month,Electronic check,No,CUST_3718
CUST-03719,Female,41,41.55,One year,Bank transfer,No,CUST_3719
CUST-03720,Female,50,88.48,Month-to-month,Electronic check,No,CUST_3720
CUST-03721,Female,24,46.93,Month-to-month,Mailed check,No,CUST_3721
CUST-03722,Female,45,33.85,Month-to-month,Bank transfer,Yes,CUST_3722
CUST-03723,Female,69,33.1,One year,Electronic check,No,CUST_3723
CUST-03724,Female,71,31.02,Two year,Mailed check,No,CUST_3724
CUST-03725,Female,52,63.71,One year,Electronic check,Yes,CUST_3725
CUST-03726,Male,62,98.26,One year,Electronic check,No,CUST_3726
CUST-03727,Female,17,57.12,One year,Credit card,Yes,CUST_3727
CUST-03728,Male,34,20.44,Two year,Credit card,No,CUST_3728
CUST-03729,Male,2,34.73,Month-to-month,Mailed check,Yes,CUST_3729
CUST-03730,Male,66,39.59,Month-to-month,Electronic check,Yes,CUST_3730
CUST-03731,Male,20,109.3,Month-to-month,Mailed check,Yes,CUST_3731
CUST-03732,Male,17,66.15,Month-to-month,Electronic check,Yes,CUST_3732
CUST-03733,Female,19,118.4,Two year,Bank transfer,No,CUST_3733
CUST-03734,Male,49,88.96,Two year,Mailed check,No,CUST_3734
CUST-03735,Female,35,105.46,Two year,Electronic check,No,CUST_3735
CUST-03736,Female,7,86.81,Month-to-month,Electronic check,Yes,CUST_3736
CUST-03737,Male,48,89.9,One year,Bank transfer,No,CUST_3737
CUST-03738,Female,32,48.69,Two year,Credit card,No,CUST_3738
CUST-03739,Female,54,54.49,Two year,Bank transfer,No,CUST_3739
CUST-03740,Female,59,69.27,One year,Electronic check,No,CUST_3740
CUST-03741,Female,24,76.72,Two year,Bank transfer,No,CUST_3741
CUST-03742,Male,57,105.8,Month-to-month,Electronic check,Yes,CUST_3742
CUST-03743,Female,46,33.69,Two year,Bank transfer,No,CUST_3743
CUST-03744,Male,60,31.62,Two year,Electronic check,No,CUST_3744
CUST-03745,Male,65,71.98,Month-to-month,Mailed check,No,CUST_3745
CUST-03746,Male,37,89.81,Month-to-month,Electronic check,Yes,CUST_3746
CUST-03747,Female,36,25.19,Month-to-month,Bank transfer,Yes,CUST_3747
CUST-03748,Female,55,22.42,Month-to-month,Bank transfer,No,CUST_3748
CUST-03749,Male,67,43.02,Two year,Electronic check,No,CUST_3749
CUST-03750,Female,30,81.1,One year,Bank transfer,No,CUST_3750
CUST-03751,Female,40,33.4,Month-to-month,Electronic check,Yes,CUST_3751
CUST-03752,Male,12,49.26,Month-to-month,Electronic check,Yes,CUST_3752
CUST-03753,Male,40,75.55,Month-to-month,Bank transfer,Yes,CUST_3753
CUST-03754,Male,53,104.09,One year,Electronic check,No,CUST_3754
CUST-03755,Male,41,114.37,Month-to-month,Mailed check,Yes,CUST_3755
CUST-03756,Male,12,114.75,Month-to-month,Credit card,Yes,CUST_3756
CUST-03757,Female,11,97.42,One year,Electronic check,Yes,CUST_3757
CUST-03758,Male,10,39.31,One year,Mailed check,No,CUST_3758
CUST-03759,Female,31,84.51,Month-to-month,Credit card,Yes,CUST_3759
CUST-03760,Male,12,108.08,One year,Electronic check,No,CUST_3760
CUST-03761,Female,22,89.34,Month-to-month,Credit card,Yes,CUST_3761
CUST-03762,Male,8,112.65,One year,Electronic check,Yes,CUST_3762
CUST-03763,Female,11,89.87,One year,Bank transfer,No,CUST_3763
CUST-03764,Male,37,46.97,One year,Electronic check,No,CUST_3764
CUST-03765,Male,71,26.4,Month-to-month,Electronic check,No,CUST_3765
CUST-03766,Male,64,112.25,Month-to-month,Credit card,Yes,CUST_3766
CUST-03767,Male,2,68.82,Month-to-month,Electronic check,Yes,CUST_3767
CUST-03768,Female,55,96.59,Month-to-month,Electronic check,No,CUST_3768
CUST-03769,Male,66,64.53,Month-to-month,Bank transfer,Yes,CUST_3769
CUST-03770,Male,18,59.54,One year,Mailed check,Yes,CUST_3770
CUST-03771,Male,62,60.7,Two year,Credit card,No,CUST_3771
CUST-03772,Male,64,41.97,Month-to-month,Electronic check,No,CUST_3772
CUST-03773,Female,66,34.06,One year,Mailed check,No,CUST_3773
CUST-03774,Male,69,106.29,Month-to-month,Electronic check,No,CUST_3774
CUST-03775,Female,16,117.95,Month-to-month,Mailed check,Yes,CUST_3775
CUST-03776,Male,52,72.02,Month-to-month,Mailed check,Yes,CUST_3776
CUST-03777,Female,2,40.05,Month-to-month,Mailed check,Yes,CUST_3777
CUST-03778,Male,25,31.28,Month-to-month,Mailed check,No,CUST_3778
CUST-03779,Male,1,118.84,Two year,Credit card,Yes,CUST_3779
CUST-03780,Female,55,108.33,Month-to-month,Electronic check,Yes,CUST_3780
CUST-03781,Female,69,102.54,One year,Mailed check,No,CUST_3781
CUST-03782,Female,45,22.71,Month-to-month,Mailed check,No,CUST_3782
CUST-03783,Male,32,114.91,One year,Electronic check,Yes,CUST_3783
CUST-03784,Male,68,24.9,Two year,Mailed check,No,CUST_3784
CUST-03785,Male,6,108.81,Month-to-month,Mailed check,Yes,CUST_3785
CUST-03786,Female,58,87.59,Month-to-month,Credit card,No,CUST_3786
CUST-03787,Male,22,49.22,Month-to-month,Bank transfer,No,CUST_3787
CUST-03788,Male,68,111.81,Month-to-month,Credit card,Yes,CUST_3788
CUST-03789,Female,29,32.65,One year,Bank transfer,No,CUST_3789
CUST-03790,Female,23,101.71,One year,Electronic check,No,CUST_3790
CUST-03791,Female,10,97.32,Month-to-month,Mailed check,Yes,CUST_3791
CUST-03792,Female,47,106.97,Month-to-month,Mailed check,Yes,CUST_3792
CUST-03793,Female,18,40.35,Month-to-month,Mailed check,No,CUST_3793
CUST-03794,Male,66,119.29,Month-to-month,Credit card,Yes,CUST_3794
CUST-03795,Female,46,41.25,Two year,Mailed check,No,CUST_3795
CUST-03796,Female,7,104.91,One year,Mailed check,No,CUST_3796
CUST-03797,Female,55,87.57,Month-to-month,Electronic check,No,CUST_3797
CUST-03798,Male,64,58.1,One year,Electronic check,No,CUST_3798
CUST-03799,Male,49,114.7,Two year,Electronic check,Yes,CUST_3799
CUST-03800,Female,22,70.95,Two year,Bank transfer,No,CUST_3800
CUST-03801,Male,48,113.85,Month-to-month,Mailed check,Yes,CUST_3801
CUST-03802,Male,15,89.13,Month-to-month,Mailed check,Yes,CUST_3802
CUST-03803,Female,44,80.53,Month-to-month,Credit card,Yes,CUST_3803
CUST-03804,Female,32,69.88,Two year,Mailed check,No,CUST_3804
CUST-03805,Female,70,94.01,One year,Electronic check,No,CUST_3805
CUST-03806,Male,16,28.58,Month-to-month,Bank transfer,No,CUST_3806
CUST-03807,Female,38,40.68,Month-to-month,Mailed check,Yes,CUST_3807
CUST-03808,Female,39,20.87,Two year,Bank transfer,No,CUST_3808
CUST-03809,Female,62,53.56,Month-to-month,Electronic check,No,CUST_3809
CUST-03810,Female,38,87.72,One year,Bank transfer,No,CUST_3810
CUST-03811,Female,34,80.66,Two year,Electronic check,No,CUST_3811
CUST-03812,Female,28,48.6,Month-to-month,Electronic check,Yes,CUST_3812
CUST-03813,Female,1,63.49,Month-to-month,Credit card,Yes,CUST_3813
CUST-03814,Male,51,111.6,Month-to-month,Credit card,No,CUST_3814
CUST-03815,Male,28,33.31,Month-to-month,Electronic check,Yes,CUST_3815
CUST-03816,Male,40,76.23,Month-to-month,Electronic check,Yes,CUST_3816
CUST-03817,Female,66,57.05,One year,Electronic check,No,CUST_3817
CUST-03818,Male,5,61.93,Month-to-month,Bank transfer,No,CUST_3818
CUST-03819,Male,60,76.83,Month-to-month,Electronic check,Yes,CUST_3819
CUST-03820,Female,63,103.39,Two year,Electronic check,No,CUST_3820
CUST-03821,Male,8,31.37,One year,Electronic check,Yes,CUST_3821
CUST-03822,Male,46,38.78,Month-to-month,Electronic check,Yes,CUST_3822
CUST-03823,Male,1,46.16,Month-to-month,Credit card,Yes,CUST_3823
CUST-03824,Male,59,56.96,Month-to-month,Electronic check,Yes,CUST_3824
CUST-03825,Female,43,106.72,Two year,Mailed check,No,CUST_3825
CUST-03826,Male,39,110.81,Month-to-month,Mailed check,Yes,CUST_3826
CUST-03827,Male,46,113.05,Month-to-month,Credit card,Yes,CUST_3827
CUST-03828,Female,14,57.42,Month-to-month,Bank transfer,Yes,CUST_3828
CUST-03829,Female,1,102.49,Month-to-month,Bank transfer,Yes,CUST_3829
CUST-03830,Male,45,116.91,Month-to-month,Electronic check,Yes,CUST_3830
CUST-03831,Female,24,107.46,One year,Mailed check,No,CUST_3831
CUST-03832,Female,52,27.74,Month-to-month,Bank transfer,No,CUST_3832
CUST-03833,Male,46,109.89,One year,Electronic check,Yes,CUST_3833
CUST-03834,Female,2,49.18,Month-to-month,Bank transfer,Yes,CUST_3834
CUST-03835,Male,13,30.97,Two year,Mailed check,No,CUST_3835
CUST-03836,Female,56,54.5,One year,Mailed check,Yes,CUST_3836
CUST-03837,Male,63,109.96,One year,Bank transfer,No,CUST_3837
CUST-03838,Female,26,91.54,Month-to-month,Mailed check,Yes,CUST_3838
CUST-03839,Female,11,109.46,Month-to-month,Mailed check,Yes,CUST_3839
CUST-03840,Male,68,84.23,Month-to-month,Bank transfer,Yes,CUST_3840
CUST-03841,Male,66,74.09,Month-to-month,Mailed check,Yes,CUST_3841
CUST-03842,Male,20,24.88,One year,Electronic check,Yes,CUST_3842
CUST-03843,Male,53,115.17,Month-to-month,Bank transfer,Yes,CUST_3843
CUST-03844,Female,16,93.37,Month-to-month,Electronic check,Yes,CUST_3844
CUST-03845,Male,63,77.71,Month-to-month,Electronic check,Yes,CUST_3845
CUST-03846,Male,1,95.73,Month-to-month,Mailed check,Yes,CUST_3846
CUST-03847,Male,20,93.53,Month-to-month,Mailed check,Yes,CUST_3847
CUST-03848,Female,33,48.58,Month-to-month,Bank transfer,Yes,CUST_3848
CUST-03849,Female,29,83.81,Month-to-month,Bank transfer,Yes,CUST_3849
CUST-03850,Male,61,26.13,Month-to-month,Bank transfer,No,CUST_3850
CUST-03851,Male,51,26.14,Two year,Electronic check,No,CUST_3851
CUST-03852,Female,48,44.2,Month-to-month,Electronic check,No,CUST_3852
CUST-03853,Male,39,54.86,Month-to-month,Electronic check,Yes,CUST_3853
CUST-03854,Male,47,58.5,Month-to-month,Electronic check,No,CUST_3854
CUST-03855,Female,55,70.9,Month-to-month,Electronic check,Yes,CUST_3855
CUST-03856,Female,24,27.58,One year,Mailed check,No,CUST_3856
CUST-03857,Male,69,41.36,Month-to-month,Electronic check,No,CUST_3857
CUST-03858,Male,35,53.02,Month-to-month,Electronic check,Yes,CUST_3858
CUST-03859,Male,14,72.24,Month-to-month,Electronic check,Yes,CUST_3859
CUST-03860,Female,57,85.45,One year,Electronic check,No,CUST_3860
CUST-03861,Female,57,47.44,One year,Credit card,No,CUST_3861
CUST-03862,Female,21,84.57,Two year,Electronic check,No,CUST_3862
CUST-03863,Female,18,67.73,Month-to-month,Credit card,Yes,CUST_3863
CUST-03864,Male,46,65.81,One year,Credit card,No,CUST_3864
CUST-03865,Male,56,55.23,Two year,Mailed check,No,CUST_3865
CUST-03866,Female,1,24.99,Month-to-month,Electronic check,Yes,CUST_3866
CUST-03867,Male,46,24.21,Two year,Mailed check,No,CUST_3867
CUST-03868,Female,26,83.92,Month-to-month,Bank transfer,Yes,CUST_3868
CUST-03869,Female,15,30.31,Two year,Credit card,No,CUST_3869
CUST-03870,Male,25,60.33,Month-to-month,Credit card,Yes,CUST_3870
CUST-03871,Female,37,113.14,Month-to-month,Bank transfer,No,CUST_3871
CUST-03872,Female,6,58.14,One year,Bank transfer,Yes,CUST_3872
CUST-03873,Female,18,64.74,Month-to-month,Mailed check,Yes,CUST_3873
CUST-03874,Male,51,68.71,One year,Bank transfer,No,CUST_3874
CUST-03875,Female,54,101.56,Two year,Electronic check,No,CUST_3875
CUST-03876,Female,43,74.89,Two year,Mailed check,No,CUST_3876
CUST-03877,Male,5,23.61,Month-to-month,Bank transfer,Yes,CUST_3877
CUST-03878,Female,21,116.21,Two year,Electronic check,No,CUST_3878
CUST-03879,Female,26,80.82,Month-to-month,Mailed check,No,CUST_3879
CUST-03880,Female,62,35.48,Month-to-month,Mailed check,No,CUST_3880
CUST-03881,Female,35,66.26,Month-to-month,Electronic check,Yes,CUST_3881
CUST-03882,Female,16,111.19,Month-to-month,Electronic check,Yes,CUST_3882
CUST-03883,Male,54,30.27,One year,Credit card,No,CUST_3883
CUST-03884,Male,63,109.75,Month-to-month,Credit card,Yes,CUST_3884
CUST-03885,Female,71,72.71,Month-to-month,Electronic check,Yes,CUST_3885
CUST-03886,Male,64,75.88,Two year,Credit card,No,CUST_3886
CUST-03887,Male,17,90.33,Month-to-month,Bank transfer,Yes,CUST_3887
CUST-03888,Male,42,68.37,Two year,Mailed check,No,CUST_3888
CUST-03889,Female,52,30.28,Month-to-month,Bank transfer,No,CUST_3889
CUST-03890,Male,65,29.34,Two year,Credit card,No,CUST_3890
CUST-03891,Male,50,56.58,Month-to-month,Electronic check,Yes,CUST_3891
CUST-03892,Male,17,112.78,Month-to-month,Mailed check,Yes,CUST_3892
CUST-03893,Male,15,62.43,Two year,Credit card,No,CUST_3893
CUST-03894,Female,14,99.88,One year,Electronic check,No,CUST_3894
CUST-03895,Male,3,117.78,Month-to-month,Electronic check,Yes,CUST_3895
CUST-03896,Male,17,31.28,Month-to-month,Electronic check,Yes,CUST_3896
CUST-03897,Female,20,76.88,Month-to-month,Bank transfer,No,CUST_3897
CUST-03898,Female,45,67.0,Month-to-month,Mailed check,No,CUST_3898
CUST-03899,Male,65,103.16,One year,Credit card,No,CUST_3899
CUST-03900,Female,2,63.85,Month-to-month,Credit card,Yes,CUST_3900
CUST-03901,Female,31,77.91,One year,Mailed check,No,CUST_3901
CUST-03902,Female,7,91.28,One year,Mailed check,No,CUST_3902
CUST-03903,Male,44,40.2,Two year,Electronic check,No,CUST_3903
CUST-03904,Male,55,39.92,Two year,Mailed check,No,CUST_3904
CUST-03905,Female,2,61.38,Month-to-month,Electronic check,Yes,CUST_3905
CUST-03906,Male,56,67.65,Month-to-month,Bank transfer,No,CUST_3906
CUST-03907,Male,62,24.17,Month-to-month,Electronic check,Yes,CUST_3907
CUST-03908,Male,38,52.08,One year,Electronic check,No,CUST_3908
CUST-03909,Male,37,22.81,Two year,Electronic check,No,CUST_3909
CUST-03910,Male,63,116.96,Month-to-month,Mailed check,Yes,CUST_3910
CUST-03911,Male,11,73.63,Two year,Electronic check,No,CUST_3911
CUST-03912,Male,55,57.49,One year,Credit card,Yes,CUST_3912
CUST-03913,Male,32,45.56,Two year,Bank transfer,No,CUST_3913
CUST-03914,Male,20,84.36,Two year,Electronic check,No,CUST_3914
CUST-03915,Male,66,26.7,Month-to-month,Bank transfer,No,CUST_3915
CUST-03916,Female,24,54.78,Month-to-month,Credit card,Yes,CUST_3916
CUST-03917,Male,32,52.71,Two year,Bank transfer,No,CUST_3917
CUST-03918,Female,36,90.56,Two year,Electronic check,No,CUST_3918
CUST-03919,Male,15,74.54,One year,Credit card,No,CUST_3919
CUST-03920,Female,34,44.69,One year,Mailed check,No,CUST_3920
CUST-03921,Male,32,115.19,One year,Bank transfer,No,CUST_3921
CUST-03922,Male,55,118.74,One year,Credit card,Yes,CUST_3922
CUST-03923,Female,26,77.85,Two year,Mailed check,No,CUST_3923
CUST-03924,Female,61,79.33,Month-to-month,Electronic check,Yes,CUST_3924
CUST-03925,Female,14,96.11,Month-to-month,Credit card,Yes,CUST_3925
CUST-03926,Male,65,36.31,One year,Bank transfer,No,CUST_3926
CUST-03927,Male,24,35.92,Two year,Bank transfer,No,CUST_3927
CUST-03928,Female,25,60.02,Month-to-month,Mailed check,Yes,CUST_3928
CUST-03929,Male,20,34.2,One year,Credit card,No,CUST_3929
CUST-03930,Male,30,66.81,Month-to-month,Mailed check,Yes,CUST_3930
CUST-03931,Female,16,97.68,One year,Electronic check,Yes,CUST_3931
CUST-03932,Male,17,68.2,Two year,Electronic check,No,CUST_3932
CUST-03933,Female,52,75.96,Two year,Bank transfer,No,CUST_3933
CUST-03934,Female,5,26.65,One year,Bank transfer,Yes,CUST_3934
CUST-03935,Male,36,53.03,Month-to-month,Credit card,Yes,CUST_3935
CUST-03936,Male,25,101.44,Two year,Electronic check,No,CUST_3936
CUST-03937,Female,19,112.9,Month-to-month,Bank transfer,Yes,CUST_3937
CUST-03938,Female,55,62.78,Month-to-month,Credit card,No,CUST_3938
CUST-03939,Male,3,68.49,Month-to-month,Mailed check,Yes,CUST_3939
CUST-03940,Male,26,106.9,Two year,Credit card,No,CUST_3940
CUST-03941,Male,12,20.43,Month-to-month,Credit card,Yes,CUST_3941
CUST-03942,Male,7,107.5,Month-to-month,Electronic check,Yes,CUST_3942
CUST-03943,Female,49,40.24,One year,Electronic check,No,CUST_3943
CUST-03944,Male,53,35.16,Month-to-month,Electronic check,Yes,CUST_3944
CUST-03945,Male,68,71.54,One year,Bank transfer,No,CUST_3945
CUST-03946,Male,40,40.45,One year,Credit card,No,CUST_3946
CUST-03947,Female,30,110.1,Month-to-month,Electronic check,Yes,CUST_3947
CUST-03948,Male,29,66.2,One year,Credit card,No,CUST_3948
CUST-03949,Male,44,67.9,Two year,Bank transfer,No,CUST_3949
CUST-03950,Male,55,58.42,Two year,Mailed check,No,CUST_3950
CUST-03951,Female,62,79.25,One year,Mailed check,No,CUST_3951
CUST-03952,Male,8,101.11,Month-to-month,Mailed check,Yes,CUST_3952
CUST-03953,Male,66,42.2,One year,Mailed check,No,CUST_3953
CUST-03954,Female,55,51.67,One year,Electronic check,No,CUST_3954
CUST-03955,Female,7,83.8,One year,Bank transfer,Yes,CUST_3955
CUST-03956,Female,39,101.1,Month-to-month,Electronic check,Yes,CUST_3956
CUST-03957,Male,15,91.01,Month-to-month,Mailed check,Yes,CUST_3957
CUST-03958,Female,35,36.46,Month-to-month,Bank transfer,No,CUST_3958
CUST-03959,Male,47,32.58,Month-to-month,Electronic check,Yes,CUST_3959
CUST-03960,Female,36,71.79,One year,Bank transfer,No,CUST_3960
CUST-03961,Female,45,114.34,Month-to-month,Bank transfer,Yes,CUST_3961
CUST-03962,Female,54,62.65,Month-to-month,Bank transfer,Yes,CUST_3962
CUST-03963,Male,32,116.83,One year,Mailed check,No,CUST_3963
CUST-03964,Female,41,20.44,One year,Bank transfer,No,CUST_3964
CUST-03965,Male,7,74.44,Month-to-month,Credit card,Yes,CUST_3965
CUST-03966,Female,24,101.82,Two year,Mailed check,No,CUST_3966
CUST-03967,Female,6,114.14,Two year,Bank transfer,No,CUST_3967
CUST-03968,Male,1,20.77,Month-to-month,Bank transfer,Yes,CUST_3968
CUST-03969,Male,7,111.61,Month-to-month,Mailed check,Yes,CUST_3969
CUST-03970,Female,42,112.39,One year,Credit card,Yes,CUST_3970
CUST-03971,Female,28,32.51,Two year,Electronic check,No,CUST_3971
CUST-03972,Female,37,92.21,Month-to-month,Mailed check,Yes,CUST_3972
CUST-03973,Male,61,20.8,Month-to-month,Electronic check,No,CUST_3973
CUST-03974,Male,36,65.67,Month-to-month,Mailed check,Yes,CUST_3974
CUST-03975,Male,13,102.87,Month-to-month,Mailed check,Yes,CUST_3975
CUST-03976,Male,56,75.56,Month-to-month,Credit card,No,CUST_3976
CUST-03977,Male,24,91.5,Month-to-month,Electronic check,No,CUST_3977
CUST-03978,Female,33,36.69,One year,Electronic check,Yes,CUST_3978
CUST-03979,Male,63,68.38,Month-to-month,Electronic check,No,CUST_3979
CUST-03980,Female,47,67.51,Month-to-month,Mailed check,No,CUST_3980
CUST-03981,Female,43,65.59,Two year,Bank transfer,No,CUST_3981
CUST-03982,Female,39,94.69,Month-to-month,Bank transfer,Yes,CUST_3982
CUST-03983,Male,15,95.57,Month-to-month,Bank transfer,Yes,CUST_3983
CUST-03984,Male,13,32.09,Two year,Credit card,No,CUST_3984
CUST-03985,Female,2,96.0,One year,Mailed check,No,CUST_3985
CUST-03986,Female,71,49.25,Two year,Bank transfer,No,CUST_3986
CUST-03987,Female,17,51.9,Month-to-month,Mailed check,Yes,CUST_3987
CUST-03988,Female,43,89.33,Month-to-month,Bank transfer,Yes,CUST_3988
CUST-03989,Female,47,68.07,Month-to-month,Electronic check,Yes,CUST_3989
CUST-03990,Female,47,70.4,Two year,Bank transfer,No,CUST_3990
CUST-03991,Female,68,58.99,One year,Mailed check,No,CUST_3991
CUST-03992,Male,48,20.11,Month-to-month,Credit card,No,CUST_3992
CUST-03993,Female,31,80.25,Month-to-month,Electronic check,Yes,CUST_3993
CUST-03994,Female,36,20.86,Month-to-month,Bank transfer,No,CUST_3994
CUST-03995,Male,27,110.74,Month-to-month,Mailed check,Yes,CUST_3995
CUST-03996,Female,50,34.64,Month-to-month,Mailed check,No,CUST_3996
CUST-03997,Female,12,24.8,Month-to-month,Electronic check,No,CUST_3997
CUST-03998,Female,14,34.16,Two year,Electronic check,No,CUST_3998
CUST-03999,Female,17,105.75,Two year,Bank transfer,Yes,CUST_3999
CUST-04000,Female,16,34.08,Month-to-month,Mailed check,Yes,CUST_4000
CUST-04001,Female,6,49.52,Month-to-month,Bank transfer,Yes,CUST_4001
CUST-04002,Male,25,49.03,Month-to-month,Mailed check,Yes,CUST_4002
CUST-04003,Male,25,41.66,Month-to-month,Mailed check,No,CUST_4003
CUST-04004,Male,58,87.78,Month-to-month,Bank transfer,No,CUST_4004
CUST-04005,Female,13,25.18,Month-to-month,Credit card,Yes,CUST_4005
CUST-04006,Male,10,93.89,One year,Electronic check,No,CUST_4006
CUST-04007,Male,70,68.34,Month-to-month,Electronic check,No,CUST_4007
CUST-04008,Male,44,102.17,Month-to-month,Credit card,Yes,CUST_4008
CUST-04009,Female,39,86.22,One year,Electronic check,No,CUST_4009
CUST-04010,Female,61,118.55,Month-to-month,Bank transfer,Yes,CUST_4010
CUST-04011,Male,26,29.39,Month-to-month,Mailed check,Yes,CUST_4011
CUST-04012,Male,69,81.9,Two year,Electronic check,No,CUST_4012
CUST-04013,Female,20,112.79,One year,Mailed check,Yes,CUST_4013
CUST-04014,Male,6,91.18,Month-to-month,Electronic check,Yes,CUST_4014
CUST-04015,Male,17,62.72,Month-to-month,Credit card,Yes,CUST_4015
CUST-04016,Male,25,32.03,Month-to-month,Mailed check,Yes,CUST_4016
CUST-04017,Female,54,77.96,One year,Bank transfer,No,CUST_4017
CUST-04018,Female,71,83.09,Two year,Electronic check,No,CUST_4018
CUST-04019,Male,33,30.83,Two year,Bank transfer,No,CUST_4019
CUST-04020,Male,72,56.48,Month-to-month,Mailed check,Yes,CUST_4020
CUST-04021,Female,45,80.99,Month-to-month,Mailed check,Yes,CUST_4021
CUST-04022,Male,47,54.99,Month-to-month,Credit card,Yes,CUST_4022
CUST-04023,Female,58,59.88,One year,Electronic check,No,CUST_4023
CUST-04024,Male,16,96.97,Two year,Mailed check,No,CUST_4024
CUST-04025,Male,56,60.67,Month-to-month,Electronic check,Yes,CUST_4025
CUST-04026,Female,9,24.07,Two year,Electronic check,Yes,CUST_4026
CUST-04027,Female,62,80.94,Month-to-month,Electronic check,No,CUST_4027
CUST-04028,Female,54,88.13,Month-to-month,Bank transfer,No,CUST_4028
CUST-04029,Male,68,72.4,Month-to-month,Bank transfer,No,CUST_4029
CUST-04030,Male,65,43.45,Month-to-month,Mailed check,Yes,CUST_4030
CUST-04031,Female,3,48.76,One year,Mailed check,No,CUST_4031
CUST-04032,Female,22,46.6,One year,Electronic check,No,CUST_4032
CUST-04033,Male,36,21.75,Two year,Credit card,No,CUST_4033
CUST-04034,Male,17,91.34,Two year,Electronic check,No,CUST_4034
CUST-04035,Female,38,35.23,Month-to-month,Credit card,Yes,CUST_4035
CUST-04036,Male,6,113.62,Month-to-month,Electronic check,Yes,CUST_4036
CUST-04037,Male,8,103.96,Month-to-month,Mailed check,Yes,CUST_4037
CUST-04038,Male,25,114.5,Month-to-month,Credit card,Yes,CUST_4038
CUST-04039,Male,51,118.64,One year,Electronic check,No,CUST_4039
CUST-04040,Male,64,57.99,Two year,Mailed check,No,CUST_4040
CUST-04041,Female,69,91.26,Two year,Mailed check,No,CUST_4041
CUST-04042,Male,66,39.63,Month-to-month,Credit card,No,CUST_4042
CUST-04043,Male,10,65.89,Month-to-month,Electronic check,Yes,CUST_4043
CUST-04044,Male,22,40.03,One year,Mailed check,Yes,CUST_4044
CUST-04045,Male,57,89.46,Month-to-month,Electronic check,Yes,CUST_4045
CUST-04046,Female,66,32.72,Two year,Credit card,No,CUST_4046
CUST-04047,Female,50,28.82,Two year,Mailed check,No,CUST_4047
CUST-04048,Female,72,27.59,Month-to-month,Electronic check,No,CUST_4048
CUST-04049,Female,50,45.84,Month-to-month,Electronic check,No,CUST_4049
CUST-04050,Female,52,118.41,Two year,Mailed check,No,CUST_4050
CUST-04051,Male,35,90.34,Month-to-month,Mailed check,Yes,CUST_4051
CUST-04052,Male,27,65.87,Month-to-month,Mailed check,No,CUST_4052
CUST-04053,Male,24,56.18,Month-to-month,Credit card,No,CUST_4053
CUST-04054,Male,1,48.45,Two year,Credit card,Yes,CUST_4054
CUST-04055,Female,21,87.18,Two year,Electronic check,No,CUST_4055
CUST-04056,Female,28,62.13,Two year,Electronic check,No,CUST_4056
CUST-04057,Female,2,96.23,Month-to-month,Credit card,Yes,CUST_4057
CUST-04058,Female,66,53.46,Two year,Mailed check,No,CUST_4058
CUST-04059,Male,59,98.86,Month-to-month,Bank transfer,Yes,CUST_4059
CUST-04060,Male,65,78.67,One year,Bank transfer,No,CUST_4060
CUST-04061,Female,68,28.26,Month-to-month,Electronic check,Yes,CUST_4061
CUST-04062,Female,34,114.47,Two year,Credit card,No,CUST_4062
CUST-04063,Male,39,23.71,Month-to-month,Credit card,No,CUST_4063
CUST-04064,Female,29,90.21,Month-to-month,Mailed check,Yes,CUST_4064
CUST-04065,Male,38,24.39,Month-to-month,Mailed check,Yes,CUST_4065
CUST-04066,Female,35,59.7,Month-to-month,Credit card,Yes,CUST_4066
CUST-04067,Male,71,102.88,Month-to-month,Electronic check,Yes,CUST_4067
CUST-04068,Male,16,35.14,Month-to-month,Credit card,No,CUST_4068
CUST-04069,Female,22,20.89,Month-to-month,Mailed check,No,CUST_4069
CUST-04070,Female,29,70.39,Month-to-month,Mailed check,No,CUST_4070
CUST-04071,Male,6,33.46,Two year,Electronic check,No,CUST_4071
CUST-04072,Female,69,54.86,One year,Electronic check,No,CUST_4072
CUST-04073,Female,31,77.18,Month-to-month,Electronic check,Yes,CUST_4073
CUST-04074,Female,38,40.89,Month-to-month,Electronic check,Yes,CUST_4074
CUST-04075,Female,6,46.17,Month-to-month,Mailed check,Yes,CUST_4075
CUST-04076,Female,19,66.87,Month-to-month,Bank transfer,No,CUST_4076
CUST-04077,Male,36,53.63,Month-to-month,Electronic check,Yes,CUST_4077
CUST-04078,Female,18,65.57,One year,Credit card,No,CUST_4078
CUST-04079,Female,35,75.63,Two year,Bank transfer,No,CUST_4079
CUST-04080,Female,7,105.39,Month-to-month,Mailed check,Yes,CUST_4080
CUST-04081,Male,32,42.07,Two year,Electronic check,No,CUST_4081
CUST-04082,Female,27,48.9,Two year,Credit card,No,CUST_4082
CUST-04083,Male,69,70.04,One year,Credit card,No,CUST_4083
CUST-04084,Female,15,40.7,One year,Mailed check,No,CUST_4084
CUST-04085,Male,1,69.2,One year,Electronic check,Yes,CUST_4085
CUST-04086,Female,45,28.93,Month-to-month,Electronic check,Yes,CUST_4086
CUST-04087,Male,48,38.69,One year,Mailed check,Yes,CUST_4087
CUST-04088,Male,42,48.37,Month-to-month,Credit card,No,CUST_4088
CUST-04089,Female,11,60.29,One year,Credit card,No,CUST_4089
CUST-04090,Female,71,77.01,Month-to-month,Bank transfer,No,CUST_4090
CUST-04091,Female,34,101.82,Month-to-month,Credit card,Yes,CUST_4091
CUST-04092,Male,18,58.44,Month-to-month,Electronic check,Yes,CUST_4092
CUST-04093,Female,53,117.03,Month-to-month,Mailed check,No,CUST_4093
CUST-04094,Male,38,91.09,Month-to-month,Electronic check,Yes,CUST_4094
CUST-04095,Female,42,112.41,Month-to-month,Bank transfer,Yes,CUST_4095
CUST-04096,Male,8,118.5,Month-to-month,Credit card,Yes,CUST_4096
CUST-04097,Female,2,58.73,Month-to-month,Credit card,Yes,CUST_4097
CUST-04098,Female,46,48.36,Two year,Bank transfer,No,CUST_4098
CUST-04099,Male,29,103.18,Month-to-month,Mailed check,Yes,CUST_4099
CUST-04100,Male,36,101.23,Month-to-month,Electronic check,Yes,CUST_4100
CUST-04101,Female,23,22.29,Month-to-month,Credit card,Yes,CUST_4101
CUST-04102,Female,33,40.77,One year,Credit card,No,CUST_4102
CUST-04103,Female,3,114.24,Month-to-month,Electronic check,Yes,CUST_4103
CUST-04104,Male,69,114.97,Month-to-month,Bank transfer,No,CUST_4104
CUST-04105,Female,14,89.27,Month-to-month,Electronic check,Yes,CUST_4105
CUST-04106,Male,49,101.73,Month-to-month,Mailed check,Yes,CUST_4106
CUST-04107,Male,33,60.77,Month-to-month,Bank transfer,Yes,CUST_4107
CUST-04108,Female,71,56.49,Month-to-month,Electronic check,Yes,CUST_4108
CUST-04109,Male,27,97.87,Month-to-month,Electronic check,No,CUST_4109
CUST-04110,Male,57,34.2,One year,Electronic check,Yes,CUST_4110
CUST-04111,Male,29,59.28,Month-to-month,Credit card,Yes,CUST_4111
CUST-04112,Female,42,53.31,One year,Electronic check,Yes,CUST_4112
CUST-04113,Male,35,105.83,One year,Bank transfer,No,CUST_4113
CUST-04114,Male,27,79.22,Month-to-month,Credit card,Yes,CUST_4114
CUST-04115,Male,51,36.64,Month-to-month,Mailed check,Yes,CUST_4115
CUST-04116,Male,20,92.06,Month-to-month,Electronic check,Yes,CUST_4116
CUST-04117,Female,58,86.98,Month-to-month,Electronic check,No,CUST_4117
CUST-04118,Male,30,49.01,Month-to-month,Mailed check,No,CUST_4118
CUST-04119,Male,56,23.94,Month-to-month,Credit card,Yes,CUST_4119
CUST-04120,Male,48,23.44,Two year,Mailed check,No,CUST_4120
CUST-04121,Male,19,108.06,Month-to-month,Credit card,No,CUST_4121
CUST-04122,Female,62,87.53,Month-to-month,Electronic check,No,CUST_4122
CUST-04123,Male,12,34.13,Month-to-month,Credit card,No,CUST_4123
CUST-04124,Male,64,74.61,Month-to-month,Mailed check,No,CUST_4124
CUST-04125,Female,24,86.41,Two year,Bank transfer,No,CUST_4125
CUST-04126,Female,59,28.64,One year,Electronic check,No,CUST_4126
CUST-04127,Female,24,86.65,One year,Electronic check,No,CUST_4127
CUST-04128,Female,23,57.7,Two year,Electronic check,No,CUST_4128
CUST-04129,Female,25,21.75,Two year,Mailed check,No,CUST_4129
CUST-04130,Female,63,28.6,Two year,Credit card,No,CUST_4130
CUST-04131,Male,24,22.41,One year,Electronic check,No,CUST_4131
CUST-04132,Female,37,96.57,Month-to-month,Credit card,No,CUST_4132
CUST-04133,Female,3,47.98,Month-to-month,Bank transfer,Yes,CUST_4133
CUST-04134,Male,40,102.39,Month-to-month,Electronic check,Yes,CUST_4134
CUST-04135,Male,21,69.55,Month-to-month,Credit card,No,CUST_4135
CUST-04136,Male,23,31.45,Month-to-month,Electronic check,Yes,CUST_4136
CUST-04137,Female,51,115.44,Two year,Electronic check,No,CUST_4137
CUST-04138,Female,25,40.29,One year,Electronic check,No,CUST_4138
CUST-04139,Male,9,25.7,Month-to-month,Credit card,Yes,CUST_4139
CUST-04140,Female,19,84.5,Two year,Bank transfer,No,CUST_4140
CUST-04141,Female,10,92.55,Month-to-month,Electronic check,Yes,CUST_4141
CUST-04142,Male,55,118.84,Two year,Bank transfer,No,CUST_4142
CUST-04143,Female,32,52.03,Month-to-month,Electronic check,Yes,CUST_4143
CUST-04144,Male,59,62.08,Two year,Electronic check,No,CUST_4144
CUST-04145,Female,52,85.55,One year,Credit card,No,CUST_4145
CUST-04146,Female,13,41.71,Month-to-month,Electronic check,Yes,CUST_4146
CUST-04147,Male,68,79.83,Month-to-month,Electronic check,Yes,CUST_4147
CUST-04148,Male,18,96.26,Month-to-month,Bank transfer,Yes,CUST_4148
CUST-04149,Male,2,109.68,Month-to-month,Mailed check,Yes,CUST_4149
CUST-04150,Female,13,101.18,Two year,Electronic check,No,CUST_4150
CUST-04151,Male,49,28.94,Month-to-month,Mailed check,Yes,CUST_4151
CUST-04152,Female,50,25.82,Month-to-month,Electronic check,No,CUST_4152
CUST-04153,Female,3,92.24,Month-to-month,Credit card,Yes,CUST_4153
CUST-04154,Female,15,78.93,Two year,Credit card,No,CUST_4154
CUST-04155,Male,2,72.63,Month-to-month,Mailed check,Yes,CUST_4155
CUST-04156,Female,6,79.52,Two year,Electronic check,Yes,CUST_4156
CUST-04157,Male,17,43.48,Month-to-month,Mailed check,No,CUST_4157
CUST-04158,Female,32,75.3,Month-to-month,Electronic check,Yes,CUST_4158
CUST-04159,Female,11,72.1,Month-to-month,Electronic check,Yes,CUST_4159
CUST-04160,Female,35,92.71,Two year,Electronic check,No,CUST_4160
CUST-04161,Female,19,100.95,Month-to-month,Electronic check,Yes,CUST_4161
CUST-04162,Male,2,50.97,One year,Electronic check,Yes,CUST_4162
CUST-04163,Female,2,102.39,Month-to-month,Bank transfer,Yes,CUST_4163
CUST-04164,Female,14,116.72,Two year,Credit card,Yes,CUST_4164
CUST-04165,Male,70,37.35,Month-to-month,Mailed check,No,CUST_4165
CUST-04166,Female,44,84.37,Month-to-month,Electronic check,Yes,CUST_4166
CUST-04167,Female,11,114.84,One year,Electronic check,No,CUST_4167
CUST-04168,Female,26,53.59,One year,Electronic check,No,CUST_4168
CUST-04169,Female,18,115.18,Month-to-month,Electronic check,Yes,CUST_4169
CUST-04170,Female,62,26.45,One year,Electronic check,No,CUST_4170
CUST-04171,Female,57,74.38,Month-to-month,Credit card,No,CUST_4171
CUST-04172,Male,21,114.33,Two year,Credit card,No,CUST_4172
CUST-04173,Male,40,95.6,Month-to-month,Bank transfer,Yes,CUST_4173
CUST-04174,Male,43,82.5,Month-to-month,Electronic check,No,CUST_4174
CUST-04175,Male,62,25.06,Month-to-month,Bank transfer,No,CUST_4175
CUST-04176,Female,20,93.96,Month-to-month,Electronic check,Yes,CUST_4176
CUST-04177,Male,32,24.94,Two year,Credit card,No,CUST_4177
CUST-04178,Female,8,46.25,One year,Mailed check,No,CUST_4178
CUST-04179,Female,70,42.06,One year,Mailed check,No,CUST_4179
CUST-04180,Male,35,64.35,Two year,Electronic check,No,CUST_4180
CUST-04181,Male,70,62.47,Month-to-month,Bank transfer,No,CUST_4181
CUST-04182,Male,16,44.24,One year,Bank transfer,No,CUST_4182
CUST-04183,Female,3,61.75,Month-to-month,Bank transfer,Yes,CUST_4183
CUST-04184,Male,6,37.04,Two year,Mailed check,Yes,CUST_4184
CUST-04185,Male,14,111.62,One year,Bank transfer,No,CUST_4185
CUST-04186,Female,70,22.47,Two year,Electronic check,No,CUST_4186
CUST-04187,Female,38,98.89,Month-to-month,Electronic check,No,CUST_4187
CUST-04188,Male,14,28.23,Month-to-month,Electronic check,Yes,CUST_4188
CUST-04189,Female,66,118.5,Two year,Bank transfer,No,CUST_4189
CUST-04190,Female,54,87.44,Month-to-month,Electronic check,Yes,CUST_4190
CUST-04191,Female,19,62.91,Two year,Credit card,No,CUST_4191
CUST-04192,Female,1,26.68,Month-to-month,Electronic check,Yes,CUST_4192
CUST-04193,Male,29,105.3,Month-to-month,Credit card,No,CUST_4193
CUST-04194,Female,4,106.52,Month-to-month,Electronic check,Yes,CUST_4194
CUST-04195,Male,30,77.21,Two year,Electronic check,No,CUST_4195
CUST-04196,Male,55,97.98,Two year,Mailed check,No,CUST_4196
CUST-04197,Male,50,109.41,Month-to-month,Mailed check,Yes,CUST_4197
CUST-04198,Male,19,118.14,Two year,Bank transfer,No,CUST_4198
CUST-04199,Female,46,96.91,Month-to-month,Mailed check,Yes,CUST_4199
CUST-04200,Female,37,104.68,Month-to-month,Electronic check,Yes,CUST_4200
CUST-04201,Male,29,107.18,Month-to-month,Credit card,Yes,CUST_4201
CUST-04202,Female,50,111.14,Month-to-month,Mailed check,Yes,CUST_4202
CUST-04203,Female,15,42.03,Two year,Bank transfer,No,CUST_4203
CUST-04204,Female,63,119.35,Month-to-month,Mailed check,Yes,CUST_4204
CUST-04205,Female,22,106.32,Two year,Mailed check,No,CUST_4205
CUST-04206,Female,15,28.83,Two year,Electronic check,No,CUST_4206
CUST-04207,Female,29,117.95,Month-to-month,Mailed check,No,CUST_4207
CUST-04208,Female,14,88.09,One year,Electronic check,No,CUST_4208
CUST-04209,Male,37,114.69,Two year,Electronic check,No,CUST_4209
CUST-04210,Female,46,87.43,Month-to-month,Mailed check,Yes,CUST_4210
CUST-04211,Male,10,94.17,Two year,Electronic check,Yes,CUST_4211
CUST-04212,Female,43,20.84,Month-to-month,Bank transfer,Yes,CUST_4212
CUST-04213,Male,16,81.29,Month-to-month,Electronic check,Yes,CUST_4213
CUST-04214,Male,47,69.72,Two year,Credit card,No,CUST_4214
CUST-04215,Female,11,40.28,Two year,Bank transfer,No,CUST_4215
CUST-04216,Female,6,64.79,Month-to-month,Credit card,Yes,CUST_4216
CUST-04217,Female,20,70.38,Month-to-month,Electronic check,Yes,CUST_4217
CUST-04218,Female,23,117.87,One year,Credit card,Yes,CUST_4218
CUST-04219,Female,55,29.47,Month-to-month,Credit card,Yes,CUST_4219
CUST-04220,Male,68,78.45,Month-to-month,Electronic check,Yes,CUST_4220
CUST-04221,Female,43,32.48,Month-to-month,Mailed check,No,CUST_4221
CUST-04222,Female,24,50.84,Two year,Bank transfer,No,CUST_4222
CUST-04223,Female,55,86.73,Month-to-month,Credit card,Yes,CUST_4223
CUST-04224,Male,20,80.64,Month-to-month,Mailed check,Yes,CUST_4224
CUST-04225,Male,39,67.44,One year,Electronic check,No,CUST_4225
CUST-04226,Female,37,60.82,Month-to-month,Credit card,Yes,CUST_4226
CUST-04227,Female,45,106.35,Month-to-month,Bank transfer,Yes,CUST_4227
CUST-04228,Female,14,84.76,Month-to-month,Electronic check,Yes,CUST_4228
CUST-04229,Male,35,95.75,Two year,Electronic check,No,CUST_4229
CUST-04230,Male,64,30.38,Two year,Mailed check,No,CUST_4230
CUST-04231,Male,48,101.23,Two year,Electronic check,No,CUST_4231
CUST-04232,Female,34,62.71,Month-to-month,Electronic check,Yes,CUST_4232
CUST-04233,Male,10,89.01,Month-to-month,Mailed check,No,CUST_4233
CUST-04234,Female,1,29.83,Two year,Mailed check,No,CUST_4234
CUST-04235,Female,20,69.52,One year,Credit card,No,CUST_4235
CUST-04236,Female,19,59.81,Month-to-month,Electronic check,No,CUST_4236
CUST-04237,Female,41,109.79,Two year,Electronic check,Yes,CUST_4237
CUST-04238,Female,19,85.82,Two year,Credit card,No,CUST_4238
CUST-04239,Female,50,74.27,Month-to-month,Mailed check,No,CUST_4239
CUST-04240,Female,58,115.82,Month-to-month,Bank transfer,Yes,CUST_4240
CUST-04241,Female,62,60.92,Month-to-month,Electronic check,No,CUST_4241
CUST-04242,Female,9,43.62,Month-to-month,Credit card,Yes,CUST_4242
CUST-04243,Female,15,74.47,Month-to-month,Mailed check,Yes,CUST_4243
CUST-04244,Male,55,110.61,Month-to-month,Mailed check,No,CUST_4244
CUST-04245,Male,36,86.68,One year,Credit card,No,CUST_4245
CUST-04246,Male,19,22.46,One year,Credit card,No,CUST_4246
CUST-04247,Male,12,92.87,Month-to-month,Mailed check,No,CUST_4247
CUST-04248,Male,42,59.65,Month-to-month,Mailed check,No,CUST_4248
CUST-04249,Female,17,97.59,One year,Electronic check,Yes,CUST_4249
CUST-04250,Male,24,83.99,Month-to-month,Mailed check,Yes,CUST_4250
CUST-04251,Male,50,65.99,Month-to-month,Electronic check,Yes,CUST_4251
CUST-04252,Male,46,60.15,Month-to-month,Electronic check,Yes,CUST_4252
CUST-04253,Female,41,79.21,One year,Mailed check,No,CUST_4253
CUST-04254,Male,64,38.41,Month-to-month,Electronic check,Yes,CUST_4254
CUST-04255,Male,55,63.23,Month-to-month,Bank transfer,Yes,CUST_4255
CUST-04256,Male,62,64.39,Month-to-month,Electronic check,No,CUST_4256
CUST-04257,Female,53,103.08,Two year,Electronic check,No,CUST_4257
CUST-04258,Male,43,71.49,One year,Bank transfer,No,CUST_4258
CUST-04259,Male,18,76.99,Two year,Mailed check,No,CUST_4259
CUST-04260,Female,32,88.78,Two year,Credit card,No,CUST_4260
CUST-04261,Male,50,64.75,Month-to-month,Electronic check,Yes,CUST_4261
CUST-04262,Male,54,59.71,Month-to-month,Electronic check,No,CUST_4262
CUST-04263,Female,71,114.96,One year,Electronic check,Yes,CUST_4263
CUST-04264,Male,64,118.95,Month-to-month,Credit card,Yes,CUST_4264
CUST-04265,Male,69,52.49,One year,Bank transfer,No,CUST_4265
CUST-04266,Female,69,38.73,Month-to-month,Electronic check,No,CUST_4266
CUST-04267,Female,64,111.68,Two year,Mailed check,No,CUST_4267
CUST-04268,Male,69,80.22,Month-to-month,Credit card,Yes,CUST_4268
CUST-04269,Male,69,109.2,Two year,Mailed check,No,CUST_4269
CUST-04270,Female,30,73.78,Month-to-month,Bank transfer,Yes,CUST_4270
CUST-04271,Female,50,80.92,One year,Electronic check,Yes,CUST_4271
CUST-04272,Male,11,66.38,One year,Electronic check,Yes,CUST_4272
CUST-04273,Male,54,78.08,One year,Mailed check,No,CUST_4273
CUST-04274,Male,68,44.18,Month-to-month,Electronic check,Yes,CUST_4274
CUST-04275,Male,29,51.8,Two year,Mailed check,No,CUST_4275
CUST-04276,Male,12,73.55,Month-to-month,Bank transfer,No,CUST_4276
CUST-04277,Female,31,33.56,One year,Credit card,Yes,CUST_4277
CUST-04278,Female,47,54.14,Month-to-month,Mailed check,Yes,CUST_4278
CUST-04279,Female,1,67.66,Month-to-month,Mailed check,Yes,CUST_4279
CUST-04280,Female,27,66.49,Month-to-month,Credit card,Yes,CUST_4280
CUST-04281,Female,3,63.38,Month-to-month,Credit card,Yes,CUST_4281
CUST-04282,Female,47,117.45,Month-to-month,Electronic check,Yes,CUST_4282
CUST-04283,Male,72,103.59,Month-to-month,Credit card,Yes,CUST_4283
CUST-04284,Male,61,58.02,Month-to-month,Electronic check,Yes,CUST_4284
CUST-04285,Female,18,22.49,Two year,Bank transfer,No,CUST_4285
CUST-04286,Female,15,103.86,Two year,Electronic check,No,CUST_4286
CUST-04287,Female,8,111.21,Month-to-month,Mailed check,Yes,CUST_4287
CUST-04288,Female,45,56.94,One year,Bank transfer,No,CUST_4288
CUST-04289,Female,47,94.21,Two year,Electronic check,No,CUST_4289
CUST-04290,Male,18,22.46,Month-to-month,Credit card,Yes,CUST_4290
CUST-04291,Male,38,22.93,Two year,Electronic check,No,CUST_4291
CUST-04292,Female,59,27.24,Month-to-month,Mailed check,No,CUST_4292
CUST-04293,Female,19,91.06,Month-to-month,Mailed check,Yes,CUST_4293
CUST-04294,Female,71,113.51,One year,Electronic check,No,CUST_4294
CUST-04295,Female,54,32.48,Two year,Electronic check,No,CUST_4295
CUST-04296,Female,32,64.08,Month-to-month,Electronic check,Yes,CUST_4296
CUST-04297,Male,27,109.19,Two year,Mailed check,No,CUST_4297
CUST-04298,Female,29,98.07,Month-to-month,Electronic check,Yes,CUST_4298
CUST-04299,Male,8,52.97,One year,Electronic check,Yes,CUST_4299
CUST-04300,Male,18,75.14,Month-to-month,Electronic check,Yes,CUST_4300
CUST-04301,Male,16,38.85,One year,Credit card,Yes,CUST_4301
CUST-04302,Female,19,27.0,Two year,Credit card,No,CUST_4302
CUST-04303,Female,49,102.3,Month-to-month,Bank transfer,Yes,CUST_4303
CUST-04304,Female,4,79.02,One year,Electronic check,No,CUST_4304
CUST-04305,Male,55,114.9,Month-to-month,Electronic check,Yes,CUST_4305
CUST-04306,Female,48,55.25,Month-to-month,Electronic check,Yes,CUST_4306
CUST-04307,Female,7,59.65,Two year,Mailed check,No,CUST_4307
CUST-04308,Female,14,100.14,One year,Bank transfer,Yes,CUST_4308
CUST-04309,Male,10,73.44,Month-to-month,Electronic check,Yes,CUST_4309
CUST-04310,Female,62,64.14,Two year,Electronic check,No,CUST_4310
CUST-04311,Female,21,84.83,One year,Bank transfer,No,CUST_4311
CUST-04312,Male,4,104.15,One year,Mailed check,No,CUST_4312
CUST-04313,Male,19,50.84,Month-to-month,Bank transfer,Yes,CUST_4313
CUST-04314,Female,47,62.85,Month-to-month,Mailed check,No,CUST_4314
CUST-04315,Male,19,25.61,One year,Mailed check,No,CUST_4315
CUST-04316,Female,11,85.15,One year,Bank transfer,Yes,CUST_4316
CUST-04317,Female,32,97.39,Month-to-month,Credit card,Yes,CUST_4317
CUST-04318,Female,10,20.44,Month-to-month,Credit card,Yes,CUST_4318
CUST-04319,Male,2,80.35,One year,Bank transfer,No,CUST_4319
CUST-04320,Male,54,46.19,Two year,Mailed check,No,CUST_4320
CUST-04321,Female,20,79.44,Month-to-month,Mailed check,Yes,CUST_4321
CUST-04322,Female,24,83.86,Month-to-month,Electronic check,Yes,CUST_4322
CUST-04323,Male,61,72.29,Month-to-month,Credit card,Yes,CUST_4323
CUST-04324,Female,18,64.72,Month-to-month,Mailed check,Yes,CUST_4324
CUST-04325,Male,68,103.53,Month-to-month,Bank transfer,Yes,CUST_4325
CUST-04326,Female,39,69.13,Month-to-month,Mailed check,No,CUST_4326
CUST-04327,Male,61,83.95,One year,Bank transfer,No,CUST_4327
CUST-04328,Female,53,119.24,Month-to-month,Mailed check,Yes,CUST_4328
CUST-04329,Female,44,82.65,Two year,Bank transfer,No,CUST_4329
CUST-04330,Female,57,84.26,Month-to-month,Electronic check,Yes,CUST_4330
CUST-04331,Female,2,97.39,Two year,Mailed check,No,CUST_4331
CUST-04332,Male,37,78.97,Month-to-month,Electronic check,Yes,CUST_4332
CUST-04333,Male,15,21.8,Month-to-month,Mailed check,Yes,CUST_4333
CUST-04334,Male,20,30.17,Month-to-month,Electronic check,Yes,CUST_4334
CUST-04335,Male,8,107.72,Two year,Electronic check,Yes,CUST_4335
CUST-04336,Female,5,53.99,Two year,Bank transfer,No,CUST_4336
CUST-04337,Male,23,21.32,Month-to-month,Mailed check,No,CUST_4337
CUST-04338,Female,65,84.37,Two year,Mailed check,No,CUST_4338
CUST-04339,Female,21,59.14,Two year,Bank transfer,No,CUST_4339
CUST-04340,Female,2,82.56,One year,Bank transfer,No,CUST_4340
CUST-04341,Female,51,69.34,Month-to-month,Bank transfer,Yes,CUST_4341
CUST-04342,Male,55,37.09,Month-to-month,Electronic check,No,CUST_4342
CUST-04343,Female,59,95.42,Month-to-month,Electronic check,Yes,CUST_4343
CUST-04344,Male,71,22.3,One year,Mailed check,No,CUST_4344
CUST-04345,Male,34,86.16,Month-to-month,Electronic check,No,CUST_4345
CUST-04346,Male,65,80.07,Month-to-month,Bank transfer,Yes,CUST_4346
CUST-04347,Male,40,34.92,One year,Credit card,No,CUST_4347
CUST-04348,Male,30,38.12,Two year,Credit card,No,CUST_4348
CUST-04349,Male,55,42.71,One year,Mailed check,No,CUST_4349
CUST-04350,Female,21,38.9,Two year,Credit card,No,CUST_4350
CUST-04351,Female,35,80.47,Two year,Bank transfer,No,CUST_4351
CUST-04352,Male,12,102.08,Month-to-month,Mailed check,No,CUST_4352
CUST-04353,Female,67,83.4,Month-to-month,Credit card,No,CUST_4353
CUST-04354,Male,49,21.57,Month-to-month,Electronic check,Yes,CUST_4354
CUST-04355,Male,17,36.81,Month-to-month,Electronic check,No,CUST_4355
CUST-04356,Male,28,24.18,Two year,Electronic check,No,CUST_4356
CUST-04357,Male,52,98.25,Month-to-month,Electronic check,No,CUST_4357
CUST-04358,Male,8,69.85,Month-to-month,Credit card,No,CUST_4358
CUST-04359,Female,29,39.56,Month-to-month,Mailed check,Yes,CUST_4359
CUST-04360,Male,51,114.04,Month-to-month,Bank transfer,No,CUST_4360
CUST-04361,Female,24,101.24,Two year,Electronic check,No,CUST_4361
CUST-04362,Female,72,98.55,Two year,Credit card,No,CUST_4362
CUST-04363,Female,10,110.47,Month-to-month,Credit card,Yes,CUST_4363
CUST-04364,Female,60,85.12,Month-to-month,Electronic check,Yes,CUST_4364
CUST-04365,Female,62,62.35,Month-to-month,Electronic check,Yes,CUST_4365
CUST-04366,Female,41,45.96,Month-to-month,Electronic check,Yes,CUST_4366
CUST-04367,Male,52,100.49,Month-to-month,Electronic check,Yes,CUST_4367
CUST-04368,Female,49,65.12,Two year,Mailed check,No,CUST_4368
CUST-04369,Male,22,43.92,Month-to-month,Electronic check,Yes,CUST_4369
CUST-04370,Male,7,114.52,One year,Mailed check,Yes,CUST_4370
CUST-04371,Male,48,93.48,One year,Mailed check,No,CUST_4371
CUST-04372,Female,55,48.83,Two year,Bank transfer,No,CUST_4372
CUST-04373,Female,25,22.49,Month-to-month,Mailed check,Yes,CUST_4373
CUST-04374,Male,35,100.9,Month-to-month,Bank transfer,Yes,CUST_4374
CUST-04375,Female,14,69.48,One year,Credit card,No,CUST_4375
CUST-04376,Male,14,98.19,Month-to-month,Credit card,Yes,CUST_4376
CUST-04377,Male,10,29.2,Month-to-month,Electronic check,Yes,CUST_4377
CUST-04378,Female,47,84.2,Two year,Credit card,No,CUST_4378
CUST-04379,Female,43,47.71,Two year,Electronic check,No,CUST_4379
CUST-04380,Male,4,59.1,Two year,Electronic check,No,CUST_4380
CUST-04381,Male,31,86.33,One year,Credit card,Yes,CUST_4381
CUST-04382,Male,37,79.76,Month-to-month,Bank transfer,Yes,CUST_4382
CUST-04383,Female,21,110.13,Month-to-month,Bank transfer,Yes,CUST_4383
CUST-04384,Female,70,87.83,Month-to-month,Credit card,Yes,CUST_4384
CUST-04385,Male,14,110.83,Month-to-month,Credit card,Yes,CUST_4385
CUST-04386,Male,9,45.57,Month-to-month,Bank transfer,Yes,CUST_4386
CUST-04387,Male,28,92.04,Two year,Bank transfer,No,CUST_4387
CUST-04388,Female,2,74.28,One year,Electronic check,Yes,CUST_4388
CUST-04389,Male,40,69.29,Two year,Electronic check,No,CUST_4389
CUST-04390,Male,25,40.83,One year,Mailed check,Yes,CUST_4390
CUST-04391,Female,71,84.59,One year,Electronic check,No,CUST_4391
CUST-04392,Female,26,45.32,Month-to-month,Electronic check,No,CUST_4392
CUST-04393,Female,5,57.27,Month-to-month,Mailed check,Yes,CUST_4393
CUST-04394,Female,31,45.44,Month-to-month,Mailed check,Yes,CUST_4394
CUST-04395,Male,35,92.46,Month-to-month,Mailed check,Yes,CUST_4395
CUST-04396,Male,11,48.07,Two year,Electronic check,No,CUST_4396
CUST-04397,Male,6,85.53,Month-to-month,Credit card,No,CUST_4397
CUST-04398,Female,62,109.63,Month-to-month,Mailed check,Yes,CUST_4398
CUST-04399,Female,6,117.52,Month-to-month,Bank transfer,Yes,CUST_4399
CUST-04400,Female,7,86.27,Two year,Bank transfer,No,CUST_4400
CUST-04401,Male,41,61.88,Two year,Bank transfer,No,CUST_4401
CUST-04402,Female,12,112.75,Two year,Mailed check,No,CUST_4402
CUST-04403,Male,40,71.41,Two year,Electronic check,No,CUST_4403
CUST-04404,Male,2,86.63,Month-to-month,Bank transfer,Yes,CUST_4404
CUST-04405,Male,46,107.26,Month-to-month,Credit card,Yes,CUST_4405
CUST-04406,Male,37,70.67,Month-to-month,Electronic check,Yes,CUST_4406
CUST-04407,Female,51,98.65,Two year,Credit card,No,CUST_4407
CUST-04408,Female,65,76.16,Month-to-month,Electronic check,No,CUST_4408
CUST-04409,Male,25,105.61,One year,Electronic check,No,CUST_4409
CUST-04410,Male,41,86.14,Month-to-month,Mailed check,Yes,CUST_4410
CUST-04411,Female,51,112.68,Month-to-month,Bank transfer,Yes,CUST_4411
CUST-04412,Male,46,85.49,Two year,Electronic check,No,CUST_4412
CUST-04413,Female,17,114.47,Month-to-month,Mailed check,Yes,CUST_4413
CUST-04414,Male,13,83.0,Two year,Bank transfer,No,CUST_4414
CUST-04415,Male,43,105.47,Month-to-month,Electronic check,Yes,CUST_4415
CUST-04416,Male,53,103.21,Month-to-month,Electronic check,Yes,CUST_4416
CUST-04417,Female,65,41.58,Month-to-month,Credit card,No,CUST_4417
CUST-04418,Male,13,117.86,Month-to-month,Electronic check,No,CUST_4418
CUST-04419,Female,65,102.99,Month-to-month,Mailed check,Yes,CUST_4419
CUST-04420,Male,20,71.76,Month-to-month,Mailed check,Yes,CUST_4420
CUST-04421,Male,4,44.03,Month-to-month,Electronic check,Yes,CUST_4421
CUST-04422,Male,49,22.93,Month-to-month,Credit card,No,CUST_4422
CUST-04423,Female,62,86.3,Month-to-month,Electronic check,Yes,CUST_4423
CUST-04424,Male,5,66.07,Two year,Electronic check,No,CUST_4424
CUST-04425,Female,38,56.49,Month-to-month,Mailed check,Yes,CUST_4425
CUST-04426,Male,21,67.1,One year,Mailed check,No,CUST_4426
CUST-04427,Male,20,112.43,Two year,Bank transfer,No,CUST_4427
CUST-04428,Female,60,110.11,Month-to-month,Electronic check,Yes,CUST_4428
CUST-04429,Male,11,49.07,Two year,Mailed check,No,CUST_4429
CUST-04430,Male,12,35.91,Two year,Electronic check,No,CUST_4430
CUST-04431,Male,30,108.38,Two year,Mailed check,No,CUST_4431
CUST-04432,Female,28,60.85,One year,Electronic check,No,CUST_4432
CUST-04433,Male,19,100.42,Month-to-month,Electronic check,Yes,CUST_4433
CUST-04434,Female,21,76.09,Month-to-month,Electronic check,No,CUST_4434
CUST-04435,Female,65,85.69,One year,Electronic check,Yes,CUST_4435
CUST-04436,Female,67,84.88,Month-to-month,Electronic check,Yes,CUST_4436
CUST-04437,Male,67,50.08,Month-to-month,Mailed check,No,CUST_4437
CUST-04438,Male,44,107.13,Two year,Mailed check,No,CUST_4438
CUST-04439,Female,58,92.88,Month-to-month,Credit card,Yes,CUST_4439
CUST-04440,Female,17,119.68,Two year,Credit card,No,CUST_4440
CUST-04441,Male,44,89.05,Month-to-month,Bank transfer,No,CUST_4441
CUST-04442,Female,38,106.65,One year,Mailed check,Yes,CUST_4442
CUST-04443,Male,47,23.17,Month-to-month,Electronic check,Yes,CUST_4443
CUST-04444,Female,56,22.38,Month-to-month,Bank transfer,Yes,CUST_4444
CUST-04445,Female,6,92.41,Month-to-month,Electronic check,Yes,CUST_4445
CUST-04446,Female,50,50.56,Month-to-month,Mailed check,No,CUST_4446
CUST-04447,Female,31,99.97,Month-to-month,Electronic check,Yes,CUST_4447
CUST-04448,Male,27,56.12,Month-to-month,Electronic check,No,CUST_4448
CUST-04449,Male,10,92.07,Two year,Bank transfer,Yes,CUST_4449
CUST-04450,Female,20,79.59,One year,Mailed check,No,CUST_4450
CUST-04451,Female,64,73.2,One year,Electronic check,No,CUST_4451
CUST-04452,Female,13,60.09,One year,Mailed check,No,CUST_4452
CUST-04453,Female,2,36.52,Month-to-month,Bank transfer,Yes,CUST_4453
CUST-04454,Male,19,102.27,One year,Electronic check,No,CUST_4454
CUST-04455,Male,40,25.11,Two year,Electronic check,No,CUST_4455
CUST-04456,Male,71,39.71,One year,Electronic check,No,CUST_4456
CUST-04457,Female,12,37.22,Month-to-month,Electronic check,Yes,CUST_4457
CUST-04458,Female,64,118.58,Month-to-month,Credit card,Yes,CUST_4458
CUST-04459,Female,13,80.35,Month-to-month,Bank transfer,Yes,CUST_4459
CUST-04460,Female,59,39.62,Month-to-month,Credit card,Yes,CUST_4460
CUST-04461,Female,41,24.57,Two year,Electronic check,No,CUST_4461
CUST-04462,Male,22,66.74,Two year,Bank transfer,No,CUST_4462
CUST-04463,Female,38,42.73,Month-to-month,Electronic check,Yes,CUST_4463
CUST-04464,Male,21,93.83,Two year,Bank transfer,No,CUST_4464
CUST-04465,Male,9,110.7,Month-to-month,Electronic check,Yes,CUST_4465
CUST-04466,Female,36,104.45,Two year,Electronic check,No,CUST_4466
CUST-04467,Male,47,79.03,Two year,Mailed check,No,CUST_4467
CUST-04468,Female,46,46.96,Two year,Mailed check,No,CUST_4468
CUST-04469,Male,12,98.85,Month-to-month,Mailed check,Yes,CUST_4469
CUST-04470,Female,10,54.54,Two year,Mailed check,No,CUST_4470
CUST-04471,Male,23,82.89,One year,Mailed check,No,CUST_4471
CUST-04472,Female,59,88.56,One year,Bank transfer,No,CUST_4472
CUST-04473,Male,34,44.17,One year,Electronic check,No,CUST_4473
CUST-04474,Female,61,112.54,Two year,Mailed check,No,CUST_4474
CUST-04475,Female,33,26.34,Two year,Electronic check,No,CUST_4475
CUST-04476,Female,57,33.77,Two year,Credit card,No,CUST_4476
CUST-04477,Female,18,75.91,Month-to-month,Bank transfer,No,CUST_4477
CUST-04478,Male,16,55.12,Two year,Bank transfer,No,CUST_4478
CUST-04479,Male,63,55.43,Month-to-month,Credit card,No,CUST_4479
CUST-04480,Male,6,87.66,Month-to-month,Credit card,No,CUST_4480
CUST-04481,Male,47,88.91,Month-to-month,Mailed check,No,CUST_4481
CUST-04482,Male,37,83.6,Two year,Electronic check,No,CUST_4482
CUST-04483,Male,52,49.99,Month-to-month,Electronic check,Yes,CUST_4483
CUST-04484,Male,53,54.35,Month-to-month,Electronic check,Yes,CUST_4484
CUST-04485,Male,17,85.79,Month-to-month,Mailed check,Yes,CUST_4485
CUST-04486,Male,57,115.94,Month-to-month,Credit card,Yes,CUST_4486
CUST-04487,Female,47,29.42,Month-to-month,Bank transfer,Yes,CUST_4487
CUST-04488,Male,66,40.97,Month-to-month,Mailed check,No,CUST_4488
CUST-04489,Male,41,42.7,Month-to-month,Electronic check,No,CUST_4489
CUST-04490,Male,48,26.47,Month-to-month,Electronic check,Yes,CUST_4490
CUST-04491,Female,11,110.89,Month-to-month,Electronic check,Yes,CUST_4491
CUST-04492,Female,53,79.66,Month-to-month,Electronic check,Yes,CUST_4492
CUST-04493,Female,65,97.18,Month-to-month,Credit card,No,CUST_4493
CUST-04494,Male,58,88.67,Month-to-month,Electronic check,Yes,CUST_4494
CUST-04495,Female,34,88.45,One year,Credit card,No,CUST_4495
CUST-04496,Male,6,102.44,Month-to-month,Bank transfer,Yes,CUST_4496
CUST-04497,Male,8,95.06,Month-to-month,Electronic check,Yes,CUST_4497
CUST-04498,Male,32,82.04,Two year,Credit card,No,CUST_4498
CUST-04499,Male,72,103.24,Two year,Bank transfer,No,CUST_4499
CUST-04500,Female,2,53.06,Month-to-month,Bank transfer,Yes,CUST_4500
CUST-04501,Male,20,27.87,Month-to-month,Credit card,Yes,CUST_4501
CUST-04502,Female,14,92.16,One year,Electronic check,No,CUST_4502
CUST-04503,Male,38,110.56,Two year,Credit card,Yes,CUST_4503
CUST-04504,Female,49,31.17,One year,Electronic check,No,CUST_4504
CUST-04505,Female,21,43.9,Month-to-month,Credit card,Yes,CUST_4505
CUST-04506,Female,52,55.26,Month-to-month,Bank transfer,Yes,CUST_4506
CUST-04507,Male,10,22.92,Month-to-month,Electronic check,Yes,CUST_4507
CUST-04508,Female,29,119.38,One year,Credit card,Yes,CUST_4508
CUST-04509,Male,50,36.69,Two year,Electronic check,No,CUST_4509
CUST-04510,Male,60,55.8,Month-to-month,Mailed check,Yes,CUST_4510
CUST-04511,Female,12,108.49,Two year,Electronic check,Yes,CUST_4511
CUST-04512,Male,45,101.71,One year,Electronic check,Yes,CUST_4512
CUST-04513,Male,60,34.9,Month-to-month,Mailed check,No,CUST_4513
CUST-04514,Male,60,63.41,Two year,Electronic check,No,CUST_4514
CUST-04515,Male,69,87.56,One year,Mailed check,No,CUST_4515
CUST-04516,Male,60,110.61,Month-to-month,Electronic check,Yes,CUST_4516
CUST-04517,Female,14,100.61,Two year,Electronic check,No,CUST_4517
CUST-04518,Male,11,54.39,Month-to-month,Mailed check,Yes,CUST_4518
CUST-04519,Male,24,89.19,Month-to-month,Electronic check,No,CUST_4519
CUST-04520,Male,14,72.36,Month-to-month,Electronic check,No,CUST_4520
CUST-04521,Male,51,69.59,One year,Credit card,No,CUST_4521
CUST-04522,Female,56,72.85,Two year,Credit card,No,CUST_4522
CUST-04523,Male,26,75.4,Month-to-month,Electronic check,Yes,CUST_4523
CUST-04524,Female,52,87.69,Two year,Electronic check,No,CUST_4524
CUST-04525,Female,43,54.86,Month-to-month,Electronic check,Yes,CUST_4525
CUST-04526,Female,9,54.22,Month-to-month,Electronic check,Yes,CUST_4526
CUST-04527,Male,41,28.02,Two year,Bank transfer,No,CUST_4527
CUST-04528,Male,44,83.19,One year,Electronic check,No,CUST_4528
CUST-04529,Male,63,63.14,Two year,Electronic check,No,CUST_4529
CUST-04530,Female,28,24.1,Two year,Electronic check,No,CUST_4530
CUST-04531,Female,61,80.36,Month-to-month,Electronic check,No,CUST_4531
CUST-04532,Male,15,110.89,Month-to-month,Mailed check,Yes,CUST_4532
CUST-04533,Female,36,28.08,Two year,Bank transfer,No,CUST_4533
CUST-04534,Female,59,43.22,Two year,Mailed check,No,CUST_4534
CUST-04535,Female,5,29.38,Two year,Mailed check,No,CUST_4535
CUST-04536,Female,70,67.66,One year,Bank transfer,No,CUST_4536
CUST-04537,Female,20,110.19,One year,Credit card,No,CUST_4537
CUST-04538,Female,61,50.44,Month-to-month,Bank transfer,Yes,CUST_4538
CUST-04539,Female,19,102.88,Month-to-month,Bank transfer,Yes,CUST_4539
CUST-04540,Female,28,51.27,Month-to-month,Credit card,No,CUST_4540
CUST-04541,Male,41,88.43,Month-to-month,Credit card,Yes,CUST_4541
CUST-04542,Male,5,88.86,Two year,Mailed check,No,CUST_4542
CUST-04543,Female,49,89.85,Month-to-month,Electronic check,No,CUST_4543
CUST-04544,Female,8,112.38,Month-to-month,Mailed check,Yes,CUST_4544
CUST-04545,Female,47,61.79,Month-to-month,Credit card,No,CUST_4545
CUST-04546,Female,56,67.39,Month-to-month,Credit card,Yes,CUST_4546
CUST-04547,Female,61,74.38,Two year,Mailed check,No,CUST_4547
CUST-04548,Female,28,30.77,Month-to-month,Bank transfer,Yes,CUST_4548
CUST-04549,Male,7,65.56,Two year,Credit card,No,CUST_4549
CUST-04550,Male,28,44.75,Two year,Bank transfer,No,CUST_4550
CUST-04551,Female,3,45.02,Month-to-month,Mailed check,Yes,CUST_4551
CUST-04552,Male,55,29.55,Two year,Credit card,No,CUST_4552
CUST-04553,Male,35,104.34,One year,Electronic check,Yes,CUST_4553
CUST-04554,Female,33,104.59,Two year,Credit card,No,CUST_4554
CUST-04555,Male,23,86.78,Two year,Electronic check,No,CUST_4555
CUST-04556,Female,11,103.05,Two year,Bank transfer,Yes,CUST_4556
CUST-04557,Male,19,57.46,One year,Mailed check,No,CUST_4557
CUST-04558,Male,9,62.32,Month-to-month,Credit card,Yes,CUST_4558
CUST-04559,Female,36,92.19,One year,Electronic check,No,CUST_4559
CUST-04560,Male,52,106.95,Month-to-month,Electronic check,Yes,CUST_4560
CUST-04561,Female,11,36.68,One year,Electronic check,Yes,CUST_4561
CUST-04562,Male,39,62.54,Two year,Bank transfer,No,CUST_4562
CUST-04563,Male,58,108.3,Two year,Mailed check,No,CUST_4563
CUST-04564,Male,54,37.38,Two year,Mailed check,No,CUST_4564
CUST-04565,Female,68,62.43,Month-to-month,Mailed check,No,CUST_4565
CUST-04566,Female,28,71.37,One year,Electronic check,Yes,CUST_4566
CUST-04567,Male,34,72.57,Month-to-month,Electronic check,Yes,CUST_4567
CUST-04568,Male,24,71.12,One year,Mailed check,Yes,CUST_4568
CUST-04569,Female,7,98.35,Month-to-month,Credit card,Yes,CUST_4569
CUST-04570,Female,12,64.21,Month-to-month,Electronic check,Yes,CUST_4570
CUST-04571,Male,55,35.98,Month-to-month,Bank transfer,Yes,CUST_4571
CUST-04572,Male,44,78.92,Month-to-month,Credit card,Yes,CUST_4572
CUST-04573,Female,39,113.29,Month-to-month,Electronic check,Yes,CUST_4573
CUST-04574,Female,22,62.39,Month-to-month,Credit card,Yes,CUST_4574
CUST-04575,Male,26,43.4,Two year,Mailed check,No,CUST_4575
CUST-04576,Female,45,80.35,One year,Bank transfer,No,CUST_4576
CUST-04577,Male,54,63.15,Month-to-month,Credit card,No,CUST_4577
CUST-04578,Male,62,22.02,Month-to-month,Mailed check,No,CUST_4578
CUST-04579,Female,61,104.41,Month-to-month,Electronic check,Yes,CUST_4579
CUST-04580,Female,69,112.29,Month-to-month,Mailed check,No,CUST_4580
CUST-04581,Male,21,79.77,Month-to-month,Bank transfer,No,CUST_4581
CUST-04582,Female,56,114.98,One year,Mailed check,Yes,CUST_4582
CUST-04583,Male,46,63.58,Month-to-month,Mailed check,Yes,CUST_4583
CUST-04584,Female,50,69.41,Two year,Bank transfer,No,CUST_4584
CUST-04585,Male,2,25.93,Month-to-month,Electronic check,Yes,CUST_4585
CUST-04586,Female,72,53.56,Two year,Electronic check,No,CUST_4586
CUST-04587,Male,26,91.23,One year,Mailed check,No,CUST_4587
CUST-04588,Male,10,92.11,One year,Electronic check,Yes,CUST_4588
CUST-04589,Female,19,102.15,Month-to-month,Electronic check,Yes,CUST_4589
CUST-04590,Female,42,73.99,Month-to-month,Electronic check,Yes,CUST_4590
CUST-04591,Female,41,111.77,Month-to-month,Electronic check,Yes,CUST_4591
CUST-04592,Female,2,32.5,Two year,Electronic check,No,CUST_4592
CUST-04593,Male,20,87.72,Two year,Credit card,No,CUST_4593
CUST-04594,Male,59,92.36,Month-to-month,Credit card,Yes,CUST_4594
CUST-04595,Male,19,64.07,Two year,Electronic check,No,CUST_4595
CUST-04596,Female,64,87.67,Two year,Mailed check,No,CUST_4596
CUST-04597,Male,41,30.0,Month-to-month,Bank transfer,Yes,CUST_4597
CUST-04598,Female,15,37.32,Month-to-month,Mailed check,Yes,CUST_4598
CUST-04599,Male,53,96.06,Two year,Electronic check,No,CUST_4599
CUST-04600,Female,34,48.04,Month-to-month,Mailed check,Yes,CUST_4600
CUST-04601,Male,67,42.92,Month-to-month,Mailed check,No,CUST_4601
CUST-04602,Female,1,97.54,Two year,Electronic check,No,CUST_4602
CUST-04603,Male,58,111.98,Month-to-month,Bank transfer,Yes,CUST_4603
CUST-04604,Male,17,73.06,Month-to-month,Credit card,No,CUST_4604
CUST-04605,Male,58,23.85,Month-to-month,Credit card,No,CUST_4605
CUST-04606,Female,13,70.21,One year,Electronic check,Yes,CUST_4606
CUST-04607,Female,5,105.02,Two year,Credit card,Yes,CUST_4607
CUST-04608,Male,28,29.05,Month-to-month,Credit card,No,CUST_4608
CUST-04609,Male,25,49.18,Month-to-month,Electronic check,Yes,CUST_4609
CUST-04610,Female,54,35.23,Month-to-month,Electronic check,Yes,CUST_4610
CUST-04611,Female,70,34.52,Two year,Electronic check,No,CUST_4611
CUST-04612,Female,22,80.78,Month-to-month,Bank transfer,Yes,CUST_4612
CUST-04613,Male,49,44.23,Month-to-month,Mailed check,Yes,CUST_4613
CUST-04614,Male,28,49.78,Month-to-month,Electronic check,Yes,CUST_4614
CUST-04615,Female,45,24.62,Two year,Electronic check,No,CUST_4615
CUST-04616,Male,27,87.95,Two year,Electronic check,No,CUST_4616
CUST-04617,Female,25,75.3,Two year,Electronic check,No,CUST_4617
CUST-04618,Male,2,98.54,Month-to-month,Bank transfer,Yes,CUST_4618
CUST-04619,Female,48,43.75,Month-to-month,Mailed check,Yes,CUST_4619
CUST-04620,Female,47,44.63,Month-to-month,Mailed check,No,CUST_4620
CUST-04621,Male,3,33.25,Month-to-month,Bank transfer,No,CUST_4621
CUST-04622,Female,39,56.18,Two year,Electronic check,No,CUST_4622
CUST-04623,Female,40,57.11,Month-to-month,Electronic check,Yes,CUST_4623
CUST-04624,Male,65,57.86,Month-to-month,Electronic check,No,CUST_4624
CUST-04625,Male,16,38.48,Two year,Credit card,No,CUST_4625
CUST-04626,Female,64,80.96,One year,Electronic check,Yes,CUST_4626
CUST-04627,Male,59,31.02,Month-to-month,Mailed check,No,CUST_4627
CUST-04628,Female,53,53.12,Two year,Electronic check,No,CUST_4628
CUST-04629,Female,53,79.05,Two year,Bank transfer,No,CUST_4629
CUST-04630,Male,46,94.85,Month-to-month,Bank transfer,Yes,CUST_4630
CUST-04631,Male,46,82.87,Two year,Electronic check,No,CUST_4631
CUST-04632,Male,70,39.41,Two year,Credit card,No,CUST_4632
CUST-04633,Male,55,28.51,Month-to-month,Credit card,No,CUST_4633
CUST-04634,Female,67,105.08,Month-to-month,Electronic check,Yes,CUST_4634
CUST-04635,Female,43,40.31,One year,Electronic check,No,CUST_4635
CUST-04636,Female,15,49.92,Month-to-month,Credit card,Yes,CUST_4636
CUST-04637,Male,23,63.59,One year,Electronic check,No,CUST_4637
CUST-04638,Male,59,81.5,One year,Bank transfer,No,CUST_4638
CUST-04639,Female,55,42.5,Two year,Mailed check,No,CUST_4639
CUST-04640,Female,48,99.55,One year,Electronic check,Yes,CUST_4640
CUST-04641,Female,23,108.66,Two year,Mailed check,No,CUST_4641
CUST-04642,Female,71,88.57,Two year,Electronic check,No,CUST_4642
CUST-04643,Male,21,105.58,Two year,Credit card,No,CUST_4643
CUST-04644,Female,70,86.45,One year,Mailed check,No,CUST_4644
CUST-04645,Female,56,78.53,Month-to-month,Electronic check,Yes,CUST_4645
CUST-04646,Male,49,68.36,Month-to-month,Mailed check,Yes,CUST_4646
CUST-04647,Female,37,87.82,Month-to-month,Credit card,Yes,CUST_4647
CUST-04648,Male,56,30.72,Two year,Credit card,No,CUST_4648
CUST-04649,Female,37,21.58,Month-to-month,Bank transfer,Yes,CUST_4649
CUST-04650,Female,13,34.71,Month-to-month,Electronic check,Yes,CUST_4650
CUST-04651,Male,12,78.45,One year,Electronic check,No,CUST_4651
CUST-04652,Female,14,114.87,Month-to-month,Credit card,Yes,CUST_4652
CUST-04653,Male,12,113.61,One year,Bank transfer,Yes,CUST_4653
CUST-04654,Male,3,80.5,Month-to-month,Bank transfer,Yes,CUST_4654
CUST-04655,Male,53,58.98,Month-to-month,Electronic check,Yes,CUST_4655
CUST-04656,Female,14,98.23,One year,Electronic check,No,CUST_4656
CUST-04657,Male,64,53.97,Month-to-month,Mailed check,No,CUST_4657
CUST-04658,Male,70,26.42,Month-to-month,Bank transfer,No,CUST_4658
CUST-04659,Male,13,65.19,Month-to-month,Electronic check,Yes,CUST_4659
CUST-04660,Male,57,105.72,Month-to-month,Electronic check,Yes,CUST_4660
CUST-04661,Male,65,70.92,Month-to-month,Mailed check,No,CUST_4661
CUST-04662,Male,5,104.19,Month-to-month,Electronic check,Yes,CUST_4662
CUST-04663,Female,38,34.13,Two year,Mailed check,No,CUST_4663
CUST-04664,Male,54,81.44,One year,Electronic check,Yes,CUST_4664
CUST-04665,Female,28,94.36,Month-to-month,Electronic check,Yes,CUST_4665
CUST-04666,Male,29,93.12,One year,Mailed check,Yes,CUST_4666
CUST-04667,Female,59,68.92,One year,Mailed check,No,CUST_4667
CUST-04668,Female,71,102.01,Two year,Bank transfer,No,CUST_4668
CUST-04669,Female,49,35.56,Month-to-month,Electronic check,Yes,CUST_4669
CUST-04670,Male,15,29.8,Two year,Credit card,No,CUST_4670
CUST-04671,Female,26,74.99,Two year,Bank transfer,No,CUST_4671
CUST-04672,Male,61,59.71,One year,Electronic check,No,CUST_4672
CUST-04673,Male,16,109.99,Month-to-month,Electronic check,Yes,CUST_4673
CUST-04674,Male,45,98.68,Month-to-month,Bank transfer,Yes,CUST_4674
CUST-04675,Female,60,64.27,Month-to-month,Mailed check,Yes,CUST_4675
CUST-04676,Female,53,87.94,Month-to-month,Credit card,Yes,CUST_4676
CUST-04677,Male,51,63.51,Month-to-month,Bank transfer,Yes,CUST_4677
CUST-04678,Male,1,68.4,Two year,Electronic check,No,CUST_4678
CUST-04679,Female,48,97.29,One year,Mailed check,Yes,CUST_4679
CUST-04680,Male,29,55.9,Two year,Mailed check,No,CUST_4680
CUST-04681,Female,65,76.49,One year,Mailed check,No,CUST_4681
CUST-04682,Male,37,88.24,Two year,Electronic check,No,CUST_4682
CUST-04683,Male,35,68.73,Two year,Electronic check,No,CUST_4683
CUST-04684,Female,34,64.21,Month-to-month,Mailed check,Yes,CUST_4684
CUST-04685,Male,40,49.2,Two year,Electronic check,No,CUST_4685
CUST-04686,Female,54,105.04,Two year,Electronic check,No,CUST_4686
CUST-04687,Male,31,94.05,Two year,Mailed check,No,CUST_4687
CUST-04688,Female,1,104.05,Month-to-month,Electronic check,Yes,CUST_4688
CUST-04689,Male,54,28.1,Month-to-month,Credit card,Yes,CUST_4689
CUST-04690,Male,5,106.34,One year,Mailed check,No,CUST_4690
CUST-04691,Female,2,25.65,Month-to-month,Electronic check,Yes,CUST_4691
CUST-04692,Female,4,47.42,Month-to-month,Bank transfer,Yes,CUST_4692
CUST-04693,Female,20,25.11,Month-to-month,Electronic check,Yes,CUST_4693
CUST-04694,Male,48,100.89,Month-to-month,Mailed check,No,CUST_4694
CUST-04695,Male,67,37.76,Month-to-month,Electronic check,Yes,CUST_4695
CUST-04696,Female,41,33.09,Month-to-month,Bank transfer,No,CUST_4696
CUST-04697,Female,43,84.62,Month-to-month,Bank transfer,Yes,CUST_4697
CUST-04698,Male,22,94.24,One year,Electronic check,No,CUST_4698
CUST-04699,Female,56,72.07,Month-to-month,Electronic check,Yes,CUST_4699
CUST-04700,Male,31,76.05,Month-to-month,Electronic check,Yes,CUST_4700
CUST-04701,Female,72,75.5,Two year,Credit card,No,CUST_4701
CUST-04702,Female,51,23.42,Two year,Mailed check,No,CUST_4702
CUST-04703,Male,25,41.3,Month-to-month,Bank transfer,No,CUST_4703
CUST-04704,Male,51,114.01,Month-to-month,Mailed check,Yes,CUST_4704
CUST-04705,Male,7,83.8,One year,Electronic check,Yes,CUST_4705
CUST-04706,Female,55,108.05,One year,Mailed check,Yes,CUST_4706
CUST-04707,Male,17,37.01,Month-to-month,Electronic check,Yes,CUST_4707
CUST-04708,Male,50,51.62,Month-to-month,Electronic check,No,CUST_4708
CUST-04709,Male,23,59.98,Month-to-month,Credit card,Yes,CUST_4709
CUST-04710,Female,52,96.12,Two year,Electronic check,Yes,CUST_4710
CUST-04711,Female,41,24.72,Two year,Credit card,No,CUST_4711
CUST-04712,Female,67,84.86,Two year,Bank transfer,No,CUST_4712
CUST-04713,Female,21,24.75,Month-to-month,Electronic check,Yes,CUST_4713
CUST-04714,Male,56,20.85,One year,Mailed check,No,CUST_4714
CUST-04715,Male,30,98.09,Two year,Electronic check,No,CUST_4715
CUST-04716,Female,13,98.87,Two year,Mailed check,No,CUST_4716
CUST-04717,Female,17,47.31,Month-to-month,Mailed check,Yes,CUST_4717
CUST-04718,Female,65,88.48,Two year,Mailed check,No,CUST_4718
CUST-04719,Female,16,65.92,One year,Credit card,Yes,CUST_4719
CUST-04720,Male,51,54.8,Month-to-month,Electronic check,Yes,CUST_4720
CUST-04721,Female,34,82.54,Month-to-month,Credit card,No,CUST_4721
CUST-04722,Male,71,73.65,Two year,Mailed check,No,CUST_4722
CUST-04723,Female,21,92.36,Month-to-month,Electronic check,Yes,CUST_4723
CUST-04724,Female,42,44.01,Two year,Mailed check,No,CUST_4724
CUST-04725,Male,27,62.4,Month-to-month,Credit card,No,CUST_4725
CUST-04726,Female,12,70.5,Month-to-month,Electronic check,No,CUST_4726
CUST-04727,Male,12,24.47,One year,Electronic check,No,CUST_4727
CUST-04728,Male,4,108.87,Month-to-month,Electronic check,Yes,CUST_4728
CUST-04729,Female,56,103.01,Month-to-month,Credit card,Yes,CUST_4729
CUST-04730,Female,2,86.5,Two year,Credit card,No,CUST_4730
CUST-04731,Male,20,64.64,Month-to-month,Electronic check,No,CUST_4731
CUST-04732,Male,4,27.17,Two year,Mailed check,No,CUST_4732
CUST-04733,Female,70,107.13,Month-to-month,Electronic check,Yes,CUST_4733
CUST-04734,Male,11,51.36,Two year,Mailed check,No,CUST_4734
CUST-04735,Female,49,44.37,Month-to-month,Electronic check,No,CUST_4735
CUST-04736,Male,4,48.08,Month-to-month,Electronic check,Yes,CUST_4736
CUST-04737,Male,17,26.01,Month-to-month,Credit card,Yes,CUST_4737
CUST-04738,Female,59,74.55,Two year,Electronic check,No,CUST_4738
CUST-04739,Female,46,35.97,Two year,Electronic check,No,CUST_4739
CUST-04740,Female,24,20.29,Month-to-month,Credit card,No,CUST_4740
CUST-04741,Female,31,43.5,Month-to-month,Credit card,No,CUST_4741
CUST-04742,Male,29,85.75,Month-to-month,Bank transfer,Yes,CUST_4742
CUST-04743,Male,39,36.91,Two year,Electronic check,No,CUST_4743
CUST-04744,Male,25,99.61,One year,Electronic check,No,CUST_4744
CUST-04745,Male,69,37.38,Month-to-month,Bank transfer,Yes,CUST_4745
CUST-04746,Male,32,97.09,Two year,Mailed check,No,CUST_4746
CUST-04747,Female,49,94.02,Month-to-month,Credit card,Yes,CUST_4747
CUST-04748,Male,34,88.51,One year,Credit card,No,CUST_4748
CUST-04749,Female,7,27.68,Month-to-month,Mailed check,Yes,CUST_4749
CUST-04750,Male,36,95.23,One year,Electronic check,No,CUST_4750
CUST-04751,Male,11,58.67,Two year,Bank transfer,No,CUST_4751
CUST-04752,Female,19,32.16,One year,Mailed check,No,CUST_4752
CUST-04753,Male,3,97.97,Month-to-month,Bank transfer,Yes,CUST_4753
CUST-04754,Male,14,61.11,Month-to-month,Electronic check,Yes,CUST_4754
CUST-04755,Male,15,61.53,One year,Electronic check,No,CUST_4755
CUST-04756,Female,59,20.9,Two year,Electronic check,No,CUST_4756
CUST-04757,Male,16,73.75,One year,Mailed check,No,CUST_4757
CUST-04758,Male,14,87.67,One year,Bank transfer,No,CUST_4758
CUST-04759,Female,19,88.02,Two year,Bank transfer,No,CUST_4759
CUST-04760,Female,37,84.85,Month-to-month,Electronic check,Yes,CUST_4760
CUST-04761,Female,34,90.14,Month-to-month,Mailed check,Yes,CUST_4761
CUST-04762,Female,24,119.04,Month-to-month,Credit card,Yes,CUST_4762
CUST-04763,Female,12,93.83,One year,Bank transfer,No,CUST_4763
CUST-04764,Female,10,80.02,Month-to-month,Electronic check,Yes,CUST_4764
CUST-04765,Male,64,66.59,Two year,Electronic check,No,CUST_4765
CUST-04766,Male,47,71.03,Month-to-month,Bank transfer,Yes,CUST_4766
CUST-04767,Male,27,90.64,Month-to-month,Mailed check,Yes,CUST_4767
CUST-04768,Male,51,84.8,Two year,Mailed check,No,CUST_4768
CUST-04769,Male,13,62.84,Month-to-month,Mailed check,Yes,CUST_4769
CUST-04770,Male,63,38.42,One year,Electronic check,No,CUST_4770
CUST-04771,Female,3,24.27,Month-to-month,Electronic check,Yes,CUST_4771
CUST-04772,Male,53,55.36,One year,Bank transfer,No,CUST_4772
CUST-04773,Male,10,28.08,Two year,Electronic check,No,CUST_4773
CUST-04774,Male,63,89.87,One year,Credit card,Yes,CUST_4774
CUST-04775,Male,10,29.97,Month-to-month,Mailed check,Yes,CUST_4775
CUST-04776,Female,27,25.04,One year,Credit card,Yes,CUST_4776
CUST-04777,Male,54,67.39,Month-to-month,Electronic check,Yes,CUST_4777
CUST-04778,Female,49,20.88,Month-to-month,Mailed check,Yes,CUST_4778
CUST-04779,Male,41,31.41,One year,Credit card,No,CUST_4779
CUST-04780,Female,58,44.14,One year,Credit card,No,CUST_4780
CUST-04781,Female,21,76.06,One year,Bank transfer,No,CUST_4781
CUST-04782,Male,24,107.14,One year,Bank transfer,Yes,CUST_4782
CUST-04783,Female,39,22.76,Two year,Credit card,No,CUST_4783
CUST-04784,Female,2,85.42,One year,Credit card,Yes,CUST_4784
CUST-04785,Female,23,73.31,Two year,Electronic check,No,CUST_4785
CUST-04786,Male,5,80.67,Month-to-month,Mailed check,Yes,CUST_4786
CUST-04787,Male,16,30.42,One year,Bank transfer,No,CUST_4787
CUST-04788,Male,44,41.67,Month-to-month,Credit card,Yes,CUST_4788
CUST-04789,Male,45,20.64,Month-to-month,Mailed check,Yes,CUST_4789
CUST-04790,Male,62,57.13,Month-to-month,Mailed check,No,CUST_4790
CUST-04791,Female,70,96.47,Month-to-month,Electronic check,Yes,CUST_4791
CUST-04792,Male,1,108.22,Month-to-month,Mailed check,Yes,CUST_4792
CUST-04793,Female,21,78.41,Two year,Electronic check,No,CUST_4793
CUST-04794,Female,67,28.05,Month-to-month,Electronic check,Yes,CUST_4794
CUST-04795,Male,33,46.48,Month-to-month,Mailed check,No,CUST_4795
CUST-04796,Male,16,84.26,Month-to-month,Electronic check,Yes,CUST_4796
CUST-04797,Male,25,56.18,Month-to-month,Electronic check,Yes,CUST_4797
CUST-04798,Male,4,113.47,Month-to-month,Mailed check,Yes,CUST_4798
CUST-04799,Male,69,62.03,One year,Electronic check,No,CUST_4799
CUST-04800,Female,3,67.26,Month-to-month,Credit card,Yes,CUST_4800
CUST-04801,Female,67,81.68,Month-to-month,Mailed check,No,CUST_4801
CUST-04802,Female,66,54.41,Month-to-month,Electronic check,No,CUST_4802
CUST-04803,Female,20,58.95,Month-to-month,Mailed check,Yes,CUST_4803
CUST-04804,Male,28,31.49,One year,Mailed check,No,CUST_4804
CUST-04805,Female,47,38.61,Month-to-month,Mailed check,Yes,CUST_4805
CUST-04806,Female,15,62.78,Month-to-month,Bank transfer,Yes,CUST_4806
CUST-04807,Male,28,27.82,Two year,Mailed check,No,CUST_4807
CUST-04808,Female,4,63.92,Month-to-month,Electronic check,Yes,CUST_4808
CUST-04809,Female,42,93.44,Month-to-month,Electronic check,Yes,CUST_4809
CUST-04810,Female,18,101.09,Month-to-month,Electronic check,Yes,CUST_4810
CUST-04811,Male,29,88.81,One year,Mailed check,No,CUST_4811
CUST-04812,Male,11,87.57,Two year,Bank transfer,No,CUST_4812
CUST-04813,Female,17,70.05,Month-to-month,Mailed check,No,CUST_4813
CUST-04814,Female,35,95.01,Month-to-month,Credit card,Yes,CUST_4814
CUST-04815,Male,36,104.65,Month-to-month,Credit card,Yes,CUST_4815
CUST-04816,Male,62,44.05,One year,Credit card,No,CUST_4816
CUST-04817,Female,26,55.44,Two year,Mailed check,No,CUST_4817
CUST-04818,Male,12,30.66,Month-to-month,Credit card,Yes,CUST_4818
CUST-04819,Female,45,94.22,Month-to-month,Bank transfer,No,CUST_4819
CUST-04820,Male,71,96.49,Month-to-month,Credit card,Yes,CUST_4820
CUST-04821,Male,38,58.17,Month-to-month,Bank transfer,Yes,CUST_4821
CUST-04822,Female,60,97.64,Month-to-month,Credit card,No,CUST_4822
CUST-04823,Female,64,74.39,Month-to-month,Electronic check,No,CUST_4823
CUST-04824,Female,56,114.0,Month-to-month,Electronic check,Yes,CUST_4824
CUST-04825,Female,66,57.23,Two year,Mailed check,No,CUST_4825
CUST-04826,Female,52,69.44,Month-to-month,Mailed check,Yes,CUST_4826
CUST-04827,Female,25,65.88,Month-to-month,Credit card,No,CUST_4827
CUST-04828,Male,33,39.56,Month-to-month,Mailed check,Yes,CUST_4828
CUST-04829,Female,23,104.61,Month-to-month,Electronic check,Yes,CUST_4829
CUST-04830,Female,26,72.48,Two year,Mailed check,No,CUST_4830
CUST-04831,Male,36,94.74,Month-to-month,Mailed check,No,CUST_4831
CUST-04832,Male,51,102.32,Month-to-month,Electronic check,Yes,CUST_4832
CUST-04833,Female,14,24.65,Month-to-month,Mailed check,No,CUST_4833
CUST-04834,Female,40,92.94,Month-to-month,Electronic check,Yes,CUST_4834
CUST-04835,Male,22,41.74,Two year,Credit card,No,CUST_4835
CUST-04836,Male,27,85.53,Month-to-month,Electronic check,Yes,CUST_4836
CUST-04837,Male,63,91.74,One year,Credit card,No,CUST_4837
CUST-04838,Male,56,115.54,Month-to-month,Electronic check,Yes,CUST_4838
CUST-04839,Female,58,86.72,One year,Bank transfer,No,CUST_4839
CUST-04840,Female,55,116.14,Month-to-month,Bank transfer,Yes,CUST_4840
CUST-04841,Female,35,50.19,One year,Bank transfer,No,CUST_4841
CUST-04842,Female,41,98.75,Month-to-month,Credit card,Yes,CUST_4842
CUST-04843,Male,14,108.57,Month-to-month,Mailed check,Yes,CUST_4843
CUST-04844,Male,50,37.59,Month-to-month,Electronic check,No,CUST_4844
CUST-04845,Female,55,62.43,Month-to-month,Credit card,No,CUST_4845
CUST-04846,Male,26,92.75,Month-to-month,Bank transfer,Yes,CUST_4846
CUST-04847,Female,46,20.08,Two year,Electronic check,No,CUST_4847
CUST-04848,Male,48,115.14,Month-to-month,Electronic check,Yes,CUST_4848
CUST-04849,Female,9,31.04,Month-to-month,Mailed check,Yes,CUST_4849
CUST-04850,Female,58,100.55,Month-to-month,Mailed check,Yes,CUST_4850
CUST-04851,Male,22,61.61,Month-to-month,Bank transfer,Yes,CUST_4851
CUST-04852,Male,5,29.68,Two year,Bank transfer,No,CUST_4852
CUST-04853,Male,66,49.82,Month-to-month,Credit card,No,CUST_4853
CUST-04854,Male,33,82.62,Two year,Mailed check,No,CUST_4854
CUST-04855,Female,53,30.23,Month-to-month,Mailed check,Yes,CUST_4855
CUST-04856,Female,38,38.56,One year,Bank transfer,No,CUST_4856
CUST-04857,Male,68,71.14,Month-to-month,Electronic check,Yes,CUST_4857
CUST-04858,Female,46,31.27,One year,Mailed check,No,CUST_4858
CUST-04859,Male,51,59.68,Month-to-month,Bank transfer,Yes,CUST_4859
CUST-04860,Female,4,73.19,One year,Mailed check,No,CUST_4860
CUST-04861,Female,15,62.15,Two year,Electronic check,No,CUST_4861
CUST-04862,Male,24,108.72,One year,Electronic check,Yes,CUST_4862
CUST-04863,Male,42,61.57,Month-to-month,Mailed check,Yes,CUST_4863
CUST-04864,Female,55,67.92,One year,Electronic check,Yes,CUST_4864
CUST-04865,Male,24,104.17,Two year,Mailed check,No,CUST_4865
CUST-04866,Male,46,58.83,Month-to-month,Credit card,No,CUST_4866
CUST-04867,Male,32,57.71,Month-to-month,Electronic check,No,CUST_4867
CUST-04868,Male,10,117.7,Two year,Mailed check,Yes,CUST_4868
CUST-04869,Male,28,58.75,Two year,Bank transfer,No,CUST_4869
CUST-04870,Female,48,71.05,One year,Electronic check,No,CUST_4870
CUST-04871,Female,48,68.3,One year,Electronic check,Yes,CUST_4871
CUST-04872,Female,19,22.18,One year,Bank transfer,No,CUST_4872
CUST-04873,Female,41,57.74,Two year,Electronic check,No,CUST_4873
CUST-04874,Female,16,75.87,Month-to-month,Mailed check,Yes,CUST_4874
CUST-04875,Male,2,116.13,Month-to-month,Credit card,Yes,CUST_4875
CUST-04876,Male,41,20.3,Month-to-month,Bank transfer,No,CUST_4876
CUST-04877,Male,2,47.83,Month-to-month,Credit card,Yes,CUST_4877
CUST-04878,Male,43,41.99,Month-to-month,Mailed check,Yes,CUST_4878
CUST-04879,Male,28,88.29,Month-to-month,Mailed check,Yes,CUST_4879
CUST-04880,Female,60,112.05,Two year,Bank transfer,No,CUST_4880
CUST-04881,Male,42,42.78,Two year,Electronic check,No,CUST_4881
CUST-04882,Female,30,92.89,Month-to-month,Electronic check,Yes,CUST_4882
CUST-04883,Female,72,89.01,Month-to-month,Bank transfer,No,CUST_4883
CUST-04884,Female,9,27.88,Month-to-month,Electronic check,Yes,CUST_4884
CUST-04885,Male,50,54.45,Month-to-month,Mailed check,Yes,CUST_4885
CUST-04886,Female,37,117.55,One year,Credit card,No,CUST_4886
CUST-04887,Male,28,94.68,One year,Electronic check,No,CUST_4887
CUST-04888,Male,68,34.5,Month-to-month,Credit card,No,CUST_4888
CUST-04889,Female,28,115.49,One year,Credit card,No,CUST_4889
CUST-04890,Female,14,118.78,Month-to-month,Mailed check,No,CUST_4890
CUST-04891,Female,72,79.39,Month-to-month,Credit card,No,CUST_4891
CUST-04892,Female,36,86.13,Month-to-month,Mailed check,No,CUST_4892
CUST-04893,Male,10,36.77,Two year,Electronic check,Yes,CUST_4893
CUST-04894,Male,54,113.5,One year,Electronic check,No,CUST_4894
CUST-04895,Male,56,58.33,One year,Mailed check,No,CUST_4895
CUST-04896,Female,41,79.83,Month-to-month,Credit card,Yes,CUST_4896
CUST-04897,Male,41,48.02,Month-to-month,Mailed check,No,CUST_4897
CUST-04898,Male,26,24.37,Month-to-month,Electronic check,No,CUST_4898
CUST-04899,Male,26,46.42,Month-to-month,Electronic check,No,CUST_4899
CUST-04900,Male,7,57.71,Month-to-month,Mailed check,Yes,CUST_4900
CUST-04901,Male,64,113.66,Month-to-month,Credit card,No,CUST_4901
CUST-04902,Female,64,34.52,Month-to-month,Bank transfer,Yes,CUST_4902
CUST-04903,Male,6,29.42,Month-to-month,Electronic check,Yes,CUST_4903
CUST-04904,Male,36,74.32,Month-to-month,Mailed check,No,CUST_4904
CUST-04905,Male,54,37.03,Month-to-month,Credit card,No,CUST_4905
CUST-04906,Female,16,71.36,Two year,Mailed check,No,CUST_4906
CUST-04907,Female,16,48.08,Month-to-month,Electronic check,No,CUST_4907
CUST-04908,Male,58,32.41,Month-to-month,Electronic check,Yes,CUST_4908
CUST-04909,Male,22,39.26,One year,Bank transfer,No,CUST_4909
CUST-04910,Male,42,28.75,Month-to-month,Bank transfer,Yes,CUST_4910
CUST-04911,Female,50,31.42,Month-to-month,Bank transfer,No,CUST_4911
CUST-04912,Male,31,89.65,Month-to-month,Electronic check,Yes,CUST_4912
CUST-04913,Male,3,97.27,Month-to-month,Electronic check,Yes,CUST_4913
CUST-04914,Female,37,114.6,Month-to-month,Mailed check,Yes,CUST_4914
CUST-04915,Male,3,85.2,One year,Credit card,Yes,CUST_4915
CUST-04916,Female,1,104.8,Month-to-month,Electronic check,Yes,CUST_4916
CUST-04917,Female,60,68.05,Two year,Electronic check,No,CUST_4917
CUST-04918,Male,37,87.71,Month-to-month,Bank transfer,Yes,CUST_4918
CUST-04919,Male,17,72.58,One year,Credit card,No,CUST_4919
CUST-04920,Female,52,92.91,Month-to-month,Bank transfer,Yes,CUST_4920
CUST-04921,Female,5,103.65,Month-to-month,Electronic check,Yes,CUST_4921
CUST-04922,Female,69,72.06,Month-to-month,Electronic check,No,CUST_4922
CUST-04923,Female,68,45.2,Month-to-month,Bank transfer,Yes,CUST_4923
CUST-04924,Male,6,77.66,Month-to-month,Electronic check,Yes,CUST_4924
CUST-04925,Female,44,109.44,One year,Mailed check,No,CUST_4925
CUST-04926,Male,3,78.16,Month-to-month,Mailed check,No,CUST_4926
CUST-04927,Female,9,64.88,Month-to-month,Mailed check,Yes,CUST_4927
CUST-04928,Female,61,80.03,One year,Mailed check,No,CUST_4928
CUST-04929,Male,13,51.57,Month-to-month,Mailed check,Yes,CUST_4929
CUST-04930,Male,54,112.99,Month-to-month,Electronic check,Yes,CUST_4930
CUST-04931,Female,39,33.48,Month-to-month,Credit card,No,CUST_4931
CUST-04932,Female,36,69.03,Month-to-month,Electronic check,Yes,CUST_4932
CUST-04933,Female,41,31.04,Month-to-month,Mailed check,Yes,CUST_4933
CUST-04934,Male,45,74.63,Two year,Mailed check,No,CUST_4934
CUST-04935,Male,52,60.92,Two year,Bank transfer,No,CUST_4935
CUST-04936,Male,11,53.58,Month-to-month,Electronic check,Yes,CUST_4936
CUST-04937,Male,72,61.75,One year,Mailed check,No,CUST_4937
CUST-04938,Male,41,71.68,Two year,Electronic check,No,CUST_4938
CUST-04939,Female,64,29.49,Month-to-month,Bank transfer,No,CUST_4939
CUST-04940,Female,7,81.98,One year,Electronic check,Yes,CUST_4940
CUST-04941,Female,51,86.29,Month-to-month,Electronic check,Yes,CUST_4941
CUST-04942,Female,39,119.49,One year,Bank transfer,No,CUST_4942
CUST-04943,Female,59,109.14,One year,Credit card,Yes,CUST_4943
CUST-04944,Female,64,20.94,Month-to-month,Bank transfer,No,CUST_4944
CUST-04945,Male,16,27.7,Two year,Electronic check,No,CUST_4945
CUST-04946,Female,48,41.13,Two year,Electronic check,No,CUST_4946
CUST-04947,Female,14,100.08,Month-to-month,Electronic check,Yes,CUST_4947
CUST-04948,Female,4,105.42,Month-to-month,Mailed check,Yes,CUST_4948
CUST-04949,Male,29,106.53,Month-to-month,Credit card,Yes,CUST_4949
CUST-04950,Male,7,51.34,Month-to-month,Electronic check,Yes,CUST_4950
CUST-04951,Female,2,106.16,One year,Electronic check,Yes,CUST_4951
CUST-04952,Male,18,29.47,Two year,Credit card,No,CUST_4952
CUST-04953,Male,14,60.79,Month-to-month,Mailed check,No,CUST_4953
CUST-04954,Male,42,102.91,Month-to-month,Electronic check,Yes,CUST_4954
CUST-04955,Male,56,36.82,Month-to-month,Electronic check,Yes,CUST_4955
CUST-04956,Female,29,66.1,Month-to-month,Credit card,Yes,CUST_4956
CUST-04957,Male,22,115.51,Month-to-month,Mailed check,Yes,CUST_4957
CUST-04958,Male,12,103.28,One year,Bank transfer,No,CUST_4958
CUST-04959,Female,25,64.86,Month-to-month,Credit card,Yes,CUST_4959
CUST-04960,Female,48,37.8,Month-to-month,Mailed check,No,CUST_4960
CUST-04961,Male,69,106.67,One year,Bank transfer,Yes,CUST_4961
CUST-04962,Female,1,61.44,Month-to-month,Mailed check,Yes,CUST_4962
CUST-04963,Female,7,61.86,Month-to-month,Credit card,Yes,CUST_4963
CUST-04964,Male,34,50.51,Month-to-month,Mailed check,Yes,CUST_4964
CUST-04965,Male,6,61.05,Month-to-month,Electronic check,Yes,CUST_4965
CUST-04966,Male,15,68.8,One year,Credit card,Yes,CUST_4966
CUST-04967,Female,7,76.06,One year,Electronic check,Yes,CUST_4967
CUST-04968,Female,39,27.1,Month-to-month,Mailed check,No,CUST_4968
CUST-04969,Male,10,77.4,Month-to-month,Electronic check,No,CUST_4969
CUST-04970,Female,34,109.16,Month-to-month,Electronic check,Yes,CUST_4970
CUST-04971,Female,43,72.56,Month-to-month,Bank transfer,Yes,CUST_4971
CUST-04972,Female,49,88.97,One year,Credit card,No,CUST_4972
CUST-04973,Male,35,79.0,Month-to-month,Mailed check,No,CUST_4973
CUST-04974,Male,22,78.08,Month-to-month,Electronic check,Yes,CUST_4974
CUST-04975,Female,18,78.52,Month-to-month,Bank transfer,Yes,CUST_4975
CUST-04976,Female,59,59.2,Two year,Electronic check,No,CUST_4976
CUST-04977,Female,16,117.8,Month-to-month,Electronic check,Yes,CUST_4977
CUST-04978,Male,17,36.67,One year,Mailed check,No,CUST_4978
CUST-04979,Male,41,24.74,Two year,Electronic check,No,CUST_4979
CUST-04980,Male,19,96.36,Month-to-month,Electronic check,Yes,CUST_4980
CUST-04981,Female,53,84.3,One year,Bank transfer,No,CUST_4981
CUST-04982,Female,58,21.3,Month-to-month,Electronic check,Yes,CUST_4982
CUST-04983,Female,16,27.69,Month-to-month,Mailed check,No,CUST_4983
CUST-04984,Female,67,119.11,Two year,Electronic check,No,CUST_4984
CUST-04985,Male,68,54.81,Month-to-month,Credit card,No,CUST_4985
CUST-04986,Male,31,99.53,Month-to-month,Mailed check,Yes,CUST_4986
CUST-04987,Female,62,89.56,Month-to-month,Credit card,No,CUST_4987
CUST-04988,Male,63,31.49,Month-to-month,Electronic check,No,CUST_4988
CUST-04989,Female,36,42.18,One year,Bank transfer,No,CUST_4989
CUST-04990,Female,42,118.37,Two year,Electronic check,No,CUST_4990
CUST-04991,Female,62,39.45,Month-to-month,Electronic check,Yes,CUST_4991
CUST-04992,Female,29,112.09,Two year,Mailed check,No,CUST_4992
CUST-04993,Male,12,100.23,Month-to-month,Electronic check,Yes,CUST_4993
CUST-04994,Female,34,44.21,Month-to-month,Electronic check,No,CUST_4994
CUST-04995,Female,38,67.02,Month-to-month,Electronic check,Yes,CUST_4995
CUST-04996,Male,11,106.1,Month-to-month,Electronic check,Yes,CUST_4996
CUST-04997,Male,46,52.94,Two year,Electronic check,No,CUST_4997
CUST-04998,Female,72,77.84,Month-to-month,Electronic check,Yes,CUST_4998
CUST-04999,Female,32,95.43,Month-to-month,Credit card,Yes,CUST_4999
CUST-05000,Male,27,24.54,One year,Credit card,No,CUST_5000
